{"type": "FeatureCollection", "features": [{"type": "Feature", "properties": {"BoroName": "Staten Island"}, "geometry": {"type": "MultiPolygon", "coordinates": [[[[-74.05107159803815, 40.56672249390056], [-74.04998352562573, 40.566395924928464], [-74.04931640362085, 40.565887747780614], [-74.04923629842045, 40.56536273636829], [-74.05002620158642, 40.56531818062134], [-74.05090601705052, 40.5660943416282], [-74.05067916748612, 40.56631084573656], [-74.05107159803815, 40.56672249390056]]], [[[-74.05314036821066, 40.57770271504335], [-74.05406044939872, 40.577116445239085], [-74.05489778210803, 40.57778244092001], [-74.05484560052173, 40.579945791427804], [-74.05368629150418, 40.58054875961461], [-74.05293190639816, 40.57990247466605], [-74.05314036821066, 40.57770271504335]]], [[[-74.15945602438066, 40.64144833282164], [-74.16111242522052, 40.64183545323481], [-74.16153403242895, 40.64415628242125], [-74.15809750008869, 40.6437575671229], [-74.15755778855947, 40.643239865981144], [-74.1585874256811, 40.64246038408366], [-74.15881093745415, 40.64175863524309], [-74.15945602438066, 40.64144833282164]]], [[[-74.08221272914936, 40.64828016229024], [-74.08142228203741, 40.648504725447005], [-74.07899546333257, 40.648142554422634], [-74.07650657152858, 40.646968818183545], [-74.07445282563641, 40.64506748822084], [-74.07395839976465, 40.645193205445715], [-74.07359107919277, 40.64499892804319], [-74.07385653684726, 40.645424816099826], [-74.07333813856984, 40.64578311616243], [-74.07369011806499, 40.645305724557595], [-74.0732385381076, 40.64496386390999], [-74.07302520507201, 40.64513123832032], [-74.0730555988172, 40.644807917841106], [-74.07342590747587, 40.64500056801281], [-74.07312184183509, 40.644714799469156], [-74.07279850341496, 40.64491012376895], [-74.0725877555387, 40.64479086317384], [-74.07269828799026, 40.644441273467535], [-74.07165829759784, 40.64503374643521], [-74.07230919046792, 40.64457775355492], [-74.07201843213238, 40.644411932941026], [-74.07229190281822, 40.64426604782062], [-74.07186080870875, 40.64420176177033], [-74.07200080155476, 40.643781132969764], [-74.0716496940852, 40.64378688572481], [-74.07141659716515, 40.643193109595934], [-74.07113105720936, 40.643205263678475], [-74.07150263147456, 40.64312930469567], [-74.07164892198996, 40.64267993167983], [-74.0721843496904, 40.64271409328927], [-74.07210952444632, 40.64246321679295], [-74.07037430990596, 40.642691403053334], [-74.0703292371539, 40.64252612813249], [-74.07323829183596, 40.642184736082555], [-74.07314400585976, 40.64185297397773], [-74.07024658698661, 40.64220697429705], [-74.07019399559272, 40.64200750330808], [-74.07308689819385, 40.6416368149698], [-74.0728900560963, 40.640922672876236], [-74.0700184914874, 40.64127813223767], [-74.06998354653898, 40.64106894261439], [-74.07285041194937, 40.640803688445224], [-74.0727769001111, 40.640528963147524], [-74.07307725837745, 40.64051331179649], [-74.07309035578784, 40.638618999686045], [-74.07237941129381, 40.63816272607427], [-74.0726063279755, 40.63813630834721], [-74.07257275212609, 40.637871909876104], [-74.07348353801726, 40.63778735793581], [-74.07337342888036, 40.6366107256396], [-74.07209483807509, 40.636647277624775], [-74.07335822045596, 40.636536094165336], [-74.07290753967621, 40.63363436768121], [-74.07332821316406, 40.63205844299051], [-74.07298474612325, 40.630308978981645], [-74.06802173543952, 40.62878758518566], [-74.06813019247991, 40.62853904609169], [-74.0729117793656, 40.62999637940668], [-74.07229520282672, 40.627138427008276], [-74.07352694647261, 40.62686319426868], [-74.07270543377281, 40.62687414856304], [-74.07225500955772, 40.624608750194156], [-74.07002735061577, 40.62145406385086], [-74.06649335296383, 40.61889760159537], [-74.06596065271782, 40.619359015593936], [-74.06640988953299, 40.61886446756727], [-74.0661990795487, 40.618722481288955], [-74.06544586069482, 40.61920262828948], [-74.06668207982925, 40.61806749593872], [-74.06641558715178, 40.617872498165745], [-74.06604991535909, 40.61819541035291], [-74.06496189280482, 40.617772399068], [-74.06425721751592, 40.618171687585736], [-74.06509908407207, 40.617510956125656], [-74.06443662005026, 40.61706241460275], [-74.06390892240363, 40.61732882514923], [-74.0643274585805, 40.616988503022334], [-74.06376129983167, 40.616798750007455], [-74.06143961457276, 40.61437802069976], [-74.0603368079197, 40.611901879717266], [-74.05985444328581, 40.61210295810573], [-74.06019772795557, 40.61278637542956], [-74.05999919777541, 40.61278389911591], [-74.05976930738183, 40.612056647139525], [-74.06027224809945, 40.6118196399394], [-74.05947565131046, 40.61169052980339], [-74.05892163454983, 40.61105605489825], [-74.0590858430866, 40.6106336767521], [-74.0571638387898, 40.608742783103864], [-74.05649565936768, 40.60724764825641], [-74.05552126122367, 40.60648289256886], [-74.05516001122363, 40.606730491853654], [-74.05505974095807, 40.60626542045301], [-74.05381069805442, 40.60591271885318], [-74.05360729740823, 40.60523880941794], [-74.05402039959014, 40.60493472041389], [-74.05303330743814, 40.60146647069995], [-74.05342199900808, 40.60051607104165], [-74.05222983028327, 40.59982388359415], [-74.05287153843389, 40.59986725546726], [-74.05447422333906, 40.598755539548634], [-74.05719369904698, 40.59639507931474], [-74.05972690577232, 40.59390821671292], [-74.05964120596151, 40.593709388393165], [-74.05976660687689, 40.59383525801291], [-74.06055353637058, 40.59337975542373], [-74.06215274432546, 40.59202504054217], [-74.06503332356229, 40.58899099836806], [-74.06436003721248, 40.58826789117499], [-74.06477833032997, 40.58848831072584], [-74.06722276816939, 40.58673444976029], [-74.07096310182045, 40.58318199040278], [-74.07149180521229, 40.58216878265264], [-74.07065781537815, 40.581625625037915], [-74.0714667093301, 40.58202724389828], [-74.07177638431133, 40.58187653466161], [-74.07499413073515, 40.5792365574165], [-74.0733203249656, 40.57845733351123], [-74.07336118472104, 40.578275488289336], [-74.07355146657478, 40.578198393000676], [-74.07508288192624, 40.579160158755755], [-74.0757981954077, 40.578309251153414], [-74.07534622582348, 40.57788796906933], [-74.07601596977901, 40.57824491229043], [-74.07688226472081, 40.57763678940911], [-74.07673747616742, 40.577372509325635], [-74.07693881528702, 40.577534345088935], [-74.07737472522487, 40.57728215890577], [-74.07926321256909, 40.575671292205875], [-74.07867933938974, 40.575081825726116], [-74.07933640538258, 40.57562720401706], [-74.0805028914751, 40.574980458710826], [-74.0859529738592, 40.57029822710446], [-74.08691263653223, 40.568985842683745], [-74.08621632224262, 40.568532698147294], [-74.08725078316105, 40.56908167819304], [-74.08830436820617, 40.56832985667391], [-74.08924906075136, 40.56701557053492], [-74.08998259932838, 40.5673800115333], [-74.09099905467109, 40.56673712960033], [-74.09407071109428, 40.56273161946137], [-74.09542371796327, 40.56315463556876], [-74.09661362272217, 40.56208714553755], [-74.09819767261925, 40.559836476804826], [-74.09829030823701, 40.559332614157], [-74.09782127024009, 40.559053466217925], [-74.09876415480899, 40.55942355165105], [-74.09938031432738, 40.558964193361376], [-74.09986924754335, 40.55909350103822], [-74.1007996392811, 40.55832182111603], [-74.10184637674703, 40.55621698878018], [-74.1013542327051, 40.555583299943656], [-74.10265076360245, 40.556134404785396], [-74.10309839111537, 40.55590464145135], [-74.10465943491398, 40.55412046731142], [-74.10508907947455, 40.553235468010854], [-74.10484447636338, 40.55302581455644], [-74.1064282206517, 40.55385337362145], [-74.10648150812239, 40.554156827870536], [-74.10734831283652, 40.554148152031324], [-74.11028457387542, 40.551496357417726], [-74.11278846957983, 40.54788426272445], [-74.11301046104465, 40.54778006543029], [-74.11338340616277, 40.548073375150885], [-74.11473781165269, 40.54799661067676], [-74.11546177809932, 40.54751536240159], [-74.11654532176985, 40.547872393146775], [-74.11804133083712, 40.54730661289478], [-74.11977810043541, 40.54547045664602], [-74.12160134891272, 40.54527789438736], [-74.12249960095374, 40.54485810721062], [-74.12638185131075, 40.54052075545943], [-74.13071184272671, 40.53453507543638], [-74.1335644349804, 40.531511174805765], [-74.1369079907635, 40.5292819188828], [-74.13728504251867, 40.52974046798502], [-74.1382514070966, 40.52969133717399], [-74.138928919264, 40.530034960817055], [-74.13915076013747, 40.53152011162205], [-74.1406109270312, 40.53413060019035], [-74.14036958495193, 40.535307487783726], [-74.14004131788208, 40.535488214527895], [-74.13843650025281, 40.53521924417111], [-74.13576761375319, 40.53523224833756], [-74.13395313244634, 40.53556646060225], [-74.13302611571291, 40.53624033695126], [-74.13336905396334, 40.536356195225544], [-74.13301207668799, 40.53625606504304], [-74.13316120141162, 40.53637400270121], [-74.13294266453623, 40.53632203308213], [-74.1311954568939, 40.53787240877474], [-74.13152564883184, 40.53771854263853], [-74.13129269799782, 40.53795670187099], [-74.13181387201774, 40.5383073586859], [-74.13211244495561, 40.538052296677876], [-74.13169767602072, 40.53785712331585], [-74.131846271476, 40.5377346437997], [-74.13213560512456, 40.5380331271829], [-74.13242438513224, 40.537774960232525], [-74.13191182124632, 40.53753284097714], [-74.13207952279564, 40.537395033637964], [-74.13245302764068, 40.537760280861576], [-74.13275480490115, 40.53750453648013], [-74.13223596269344, 40.53726255123936], [-74.13239801584172, 40.53711886443027], [-74.13277603711705, 40.53748401091607], [-74.13307445571553, 40.537229123304215], [-74.13255786139074, 40.536991407757526], [-74.13273560233304, 40.536854535243364], [-74.13309457511473, 40.53721201742537], [-74.13339187377342, 40.53695798434776], [-74.13287438281003, 40.53671963230253], [-74.13303508839532, 40.536574875626066], [-74.13341004365468, 40.536939722373724], [-74.13386054140385, 40.536597962494014], [-74.12996934202987, 40.53996776911167], [-74.13020869361587, 40.539702663817415], [-74.12968375508696, 40.539471719592626], [-74.12984555503498, 40.53932685696177], [-74.13022754297853, 40.53968371755645], [-74.13052164283047, 40.53942555811982], [-74.13000272814953, 40.539172393658696], [-74.13016935798466, 40.53903287802356], [-74.13054176521165, 40.539409306255884], [-74.13083906851895, 40.539147592892654], [-74.130322448993, 40.538900471244645], [-74.13048528360619, 40.53875891625542], [-74.13085918854104, 40.53913133980252], [-74.13115328715267, 40.53887357410383], [-74.13065428041834, 40.53861731113316], [-74.13079971896295, 40.5384924903143], [-74.13117436984973, 40.5388551608962], [-74.13147424215329, 40.53859831488291], [-74.13097509115991, 40.53834174990229], [-74.13111962282588, 40.53821889232536], [-74.13149740072483, 40.53858138087575], [-74.13179350815659, 40.53832599199191], [-74.13116466312681, 40.53790013586931], [-74.12813326284545, 40.540552965990614], [-74.12742903233739, 40.54188103395185], [-74.1275407450563, 40.54306236480557], [-74.1276700329568, 40.54338134627309], [-74.1279283050762, 40.54337324705612], [-74.12756660762842, 40.5434993339346], [-74.1279896839074, 40.54348434363129], [-74.12781893446555, 40.54356439964473], [-74.12808505077864, 40.54396108784557], [-74.12954591591603, 40.545575723374924], [-74.13072654079453, 40.54625519028033], [-74.132915370908, 40.54681439842945], [-74.13498045521226, 40.546677305295276], [-74.13641153119032, 40.546252350042025], [-74.13651613439275, 40.545914747635315], [-74.13709627808855, 40.54595221815717], [-74.1371798712987, 40.54579286466078], [-74.1361154072406, 40.54501984568004], [-74.13638379801961, 40.54485467150645], [-74.13719287519716, 40.54578429470025], [-74.13750833508851, 40.54557755723887], [-74.1365890707116, 40.544845486598724], [-74.13687348630864, 40.5446825939102], [-74.13794966050654, 40.54600033707824], [-74.13886951340419, 40.54513019760744], [-74.1376243074514, 40.54425356641844], [-74.1377562075567, 40.54414492877835], [-74.1387553470346, 40.544933958427045], [-74.13901965079312, 40.544715561030095], [-74.13786798524539, 40.54405254413111], [-74.13804346897805, 40.543904562463986], [-74.13903307178626, 40.54470491030024], [-74.13953937915745, 40.544295140872336], [-74.13914541346232, 40.544509580622716], [-74.13942069337882, 40.54420594353738], [-74.13897454226765, 40.54437610181988], [-74.13922032859813, 40.544066700171406], [-74.13908266855015, 40.54396822488412], [-74.1388757038836, 40.544243557935005], [-74.1387281244596, 40.54413002253525], [-74.13907750658645, 40.54396015316581], [-74.13883460585619, 40.54379135889065], [-74.1385858115911, 40.54410463849049], [-74.13841535838714, 40.54397842731649], [-74.13882325461661, 40.54378405489602], [-74.13853996268327, 40.54358792819032], [-74.13827964456065, 40.54386669457071], [-74.13852649744582, 40.54357854230626], [-74.1383415128872, 40.54355182831161], [-74.13852282835245, 40.54340155125204], [-74.13956971698569, 40.5442722748307], [-74.13983697786205, 40.54405246284358], [-74.13870632397281, 40.54329141083459], [-74.13890636539452, 40.543131777602504], [-74.13877140226839, 40.543291332203104], [-74.13903671922964, 40.54322699394082], [-74.1396764048069, 40.543888995858815], [-74.1398889740626, 40.54375247188513], [-74.13986527264451, 40.54402684451226], [-74.14001283835925, 40.543830426844984], [-74.14038573073621, 40.54403318500804], [-74.13921993485886, 40.54316608513806], [-74.13940810077494, 40.54301658458542], [-74.14029571947168, 40.54364045715571], [-74.14028734539116, 40.54338507111931], [-74.13936132804032, 40.54282586399885], [-74.1395368154802, 40.54268215086998], [-74.14030634258242, 40.543367110617154], [-74.14062715566955, 40.543113029692705], [-74.13963169074167, 40.54254109756638], [-74.13985859891679, 40.54235717512932], [-74.14064614869822, 40.54309421490231], [-74.14084520303844, 40.542938844979226], [-74.14132426794245, 40.54309413383039], [-74.14016510037568, 40.542366218936266], [-74.14033528229751, 40.54222820925973], [-74.14020723606578, 40.54236522429851], [-74.1414107356041, 40.54302241508056], [-74.14107892119061, 40.54279117185177], [-74.14133547192978, 40.54258879247042], [-74.14026290400702, 40.54196151152278], [-74.14067998093152, 40.541908593473806], [-74.141349013796, 40.542577523131754], [-74.14129442123695, 40.5423358758859], [-74.14148097474451, 40.54246770907068], [-74.14134854694552, 40.542290464871066], [-74.14154957905978, 40.54241061750474], [-74.14179719957052, 40.54220041538257], [-74.14089451090621, 40.54157111069031], [-74.14063984172134, 40.54169454203744], [-74.14095816832999, 40.541432078467764], [-74.14187307971929, 40.54216665812959], [-74.14167226243084, 40.54233546409541], [-74.14228896749033, 40.542268634986684], [-74.14247662235955, 40.541333709774996], [-74.1417766138326, 40.540088456334885], [-74.14200459282586, 40.53956795966712], [-74.141728926513, 40.53933948409721], [-74.14230351275852, 40.539069975289834], [-74.14176587793767, 40.53854204099996], [-74.14226513007999, 40.53814035366487], [-74.14183789388265, 40.53842162042697], [-74.14216718019145, 40.53793276106835], [-74.14121865335552, 40.537253998432675], [-74.14104157916447, 40.537346884964855], [-74.14129825471825, 40.53713817794855], [-74.14218574841777, 40.53791777778906], [-74.14238963689708, 40.537753260505], [-74.14158287690893, 40.537087577952576], [-74.14383385685339, 40.5371369118498], [-74.14474069813582, 40.535801044211354], [-74.14543374382966, 40.53582307282711], [-74.14599669615093, 40.53539039281203], [-74.14669647685389, 40.53541430854881], [-74.1492173326397, 40.53424158776108], [-74.14977717489347, 40.53388786930431], [-74.14975846489824, 40.533424302755606], [-74.15069553618278, 40.53254583893729], [-74.15112025690527, 40.53274138250683], [-74.15185337744485, 40.532164021023505], [-74.15245660936688, 40.53206794400108], [-74.1540010766683, 40.53083155332167], [-74.1538983168261, 40.53067377293573], [-74.15410381534751, 40.530760821997745], [-74.15462807870682, 40.53035429625152], [-74.15454357374459, 40.530062136303826], [-74.154928948494, 40.53022548357582], [-74.15564782339318, 40.52964298409582], [-74.1555035725126, 40.52943802633789], [-74.15573153435042, 40.52960090453261], [-74.15599000320407, 40.529419603216425], [-74.15644868150018, 40.52893184170149], [-74.15618731852335, 40.52861137109186], [-74.15667105208163, 40.528993311607366], [-74.15701861946391, 40.52897765631233], [-74.15826103107301, 40.52830049916312], [-74.15797239457906, 40.52806708584459], [-74.15832645126989, 40.52827842678331], [-74.15970134520207, 40.52729599283171], [-74.1603042631384, 40.52755574732225], [-74.16158217423644, 40.52701347827946], [-74.16227196108768, 40.527194262308484], [-74.16999711161473, 40.523045772452555], [-74.17050791660374, 40.52304871978564], [-74.17128682067288, 40.523457767139824], [-74.17269667263014, 40.52296873552378], [-74.17601245479072, 40.520875962829244], [-74.17758295522106, 40.5192308668662], [-74.17831876690663, 40.5199457856312], [-74.17924381368742, 40.51998421667914], [-74.1798101694893, 40.52055233770624], [-74.18105192746833, 40.52066325403817], [-74.1848311647976, 40.519341358601025], [-74.18656733191207, 40.51811584990248], [-74.18849871608536, 40.516312726364816], [-74.18926875557327, 40.51534497687257], [-74.18884297821847, 40.51508716634588], [-74.18971218498399, 40.515320378534504], [-74.19409643736373, 40.51064124236241], [-74.19521339999072, 40.50997765295585], [-74.19649936986214, 40.50992353098777], [-74.19860831704993, 40.51119702314665], [-74.19967205359374, 40.51142685047984], [-74.20005925616977, 40.51261937254103], [-74.19892572793869, 40.51277730599857], [-74.1990730709549, 40.51308388453714], [-74.20082898254242, 40.51303070395863], [-74.20756866998322, 40.5118561521305], [-74.2096878939744, 40.51079736934258], [-74.20918996825198, 40.51049905745798], [-74.20932200464202, 40.51039862889561], [-74.20971374205881, 40.51077770324315], [-74.20985338128546, 40.51067192532495], [-74.2135313080367, 40.506397477228056], [-74.21385533847535, 40.50660702467322], [-74.21434250129722, 40.50651891128745], [-74.21510815859632, 40.506059755665525], [-74.21758240164354, 40.50334139266087], [-74.21977016417118, 40.50274268846004], [-74.22304657852257, 40.50247817901296], [-74.22500232195434, 40.501770295113545], [-74.22729413511081, 40.502297499445724], [-74.23124443244185, 40.501826860319134], [-74.23678845624052, 40.50000083553841], [-74.23766770359934, 40.49912325543653], [-74.23851321635526, 40.49889607586645], [-74.23984851236824, 40.4975830136407], [-74.24432798252431, 40.49754674020985], [-74.24676102774195, 40.49613398761199], [-74.248374496854, 40.496330598573294], [-74.24971717706683, 40.496885956402224], [-74.25085489422248, 40.49800616359534], [-74.251104114858, 40.498934197854325], [-74.25316124501349, 40.50012537671897], [-74.25523408934971, 40.50393456973524], [-74.25553185854763, 40.50786122885206], [-74.25462856709909, 40.508674825727205], [-74.2549813000949, 40.50877117277593], [-74.25497290370772, 40.50880566163085], [-74.25461850728021, 40.508683908800016], [-74.25399753079344, 40.50897031481091], [-74.25431454169312, 40.509413694649155], [-74.2540206950553, 40.50927297629023], [-74.25368911881061, 40.50942559643933], [-74.25464651262911, 40.50982624592455], [-74.25452621732428, 40.50997301538374], [-74.25364812518256, 40.509470530436445], [-74.25331579805132, 40.509861504541114], [-74.25306394553087, 40.51105525736995], [-74.2532580688567, 40.51108868938099], [-74.25300847277555, 40.511193989705575], [-74.2535268507671, 40.51167776603203], [-74.25303635381555, 40.511433160458935], [-74.25308950868661, 40.51212196137409], [-74.25195197488475, 40.51299700254742], [-74.2521259139706, 40.51371037980016], [-74.25011171056995, 40.51504481985531], [-74.25055526413557, 40.515716342429045], [-74.2501562651677, 40.51536118819963], [-74.24988824874998, 40.51552154519315], [-74.25056007272009, 40.516106741032594], [-74.24921528676101, 40.51508486129947], [-74.2499415880804, 40.51613748819119], [-74.24943096899091, 40.51568788559768], [-74.24864764632109, 40.51611262849698], [-74.24875958315145, 40.51635622113443], [-74.24854589291675, 40.516169917148616], [-74.2482842208389, 40.51648694955386], [-74.24894624665613, 40.51719453978691], [-74.24940770789097, 40.51698083092126], [-74.24851449056035, 40.5174756262652], [-74.24891910653054, 40.51720843369263], [-74.24751811835532, 40.515735864778804], [-74.24693048008477, 40.51606645441794], [-74.24644039651137, 40.515965028006114], [-74.24612857679287, 40.5161373925739], [-74.24674997194066, 40.51649561324065], [-74.24651040267679, 40.51666985530613], [-74.24699556996595, 40.517182085195735], [-74.24647899705329, 40.516687327210995], [-74.24653682834264, 40.51695996037966], [-74.24634969801771, 40.51675337193509], [-74.24520861528356, 40.51728974362432], [-74.24563473169945, 40.51807558074594], [-74.2450880446054, 40.51806683940439], [-74.24429835217606, 40.518515003107936], [-74.243652285116, 40.518294614623315], [-74.24232477833276, 40.51832652502192], [-74.24103122918724, 40.519542513190686], [-74.24049069687702, 40.51919162897021], [-74.23982258316957, 40.520090711946544], [-74.24117293552202, 40.52106013143218], [-74.24133219575523, 40.520894517580395], [-74.24293235036328, 40.52122716063038], [-74.24258375639266, 40.52219864849818], [-74.24280157009576, 40.52400729628681], [-74.24335792685682, 40.52481891331799], [-74.24396500758859, 40.52490536633803], [-74.24333883883855, 40.525853805180134], [-74.2428867138121, 40.52820013082621], [-74.24251028997553, 40.528445935266085], [-74.24224528137324, 40.529822779505146], [-74.24150733322897, 40.53104134279533], [-74.24181061621535, 40.532562675421694], [-74.24217799663235, 40.53257613847678], [-74.24204570286008, 40.534346377050596], [-74.2436967058746, 40.53608011142468], [-74.2441249598849, 40.53619629572918], [-74.24414782538697, 40.53688140991719], [-74.24458753910724, 40.53693292707301], [-74.2449369311447, 40.5366638769173], [-74.2453365117606, 40.536905994434825], [-74.24442748922033, 40.53801643339913], [-74.24539376219913, 40.53955167471587], [-74.24560205698324, 40.54094959457749], [-74.24648614815791, 40.5422133926558], [-74.2476777803961, 40.543125403303], [-74.24803463735694, 40.5430932404416], [-74.24613743768708, 40.54569644693214], [-74.24336346552772, 40.547865135236016], [-74.24358447651353, 40.547623990878726], [-74.24293585929203, 40.547113219748006], [-74.24220318463254, 40.54694867779773], [-74.24039182810056, 40.547663310173924], [-74.23837191304231, 40.5491415668145], [-74.23761963467331, 40.55012346857878], [-74.23641459726797, 40.55050822345003], [-74.23616473136121, 40.5514294246619], [-74.23650799187405, 40.55202727130982], [-74.23639962082142, 40.55233533322191], [-74.23489865800808, 40.55300521667145], [-74.23332400080324, 40.55250914356606], [-74.23229112933164, 40.55336369797586], [-74.23193331444945, 40.554149830117346], [-74.23071036198121, 40.555557594259106], [-74.23024952153514, 40.5553867461628], [-74.22931954185714, 40.555491586962894], [-74.22905162187638, 40.55610708210528], [-74.22833214372007, 40.55639035431161], [-74.22743682730533, 40.556038533516606], [-74.22640494542951, 40.556255712846074], [-74.22390334134494, 40.55589706554467], [-74.22386421498086, 40.55609769408305], [-74.22344265106312, 40.55604656990373], [-74.22378606708962, 40.55588026750731], [-74.22257486801377, 40.55540620977981], [-74.22179863887051, 40.55541707075924], [-74.22157006613199, 40.5556489829579], [-74.2212986460446, 40.55536622468574], [-74.22086715093401, 40.555940202277895], [-74.2202971180895, 40.55559792106297], [-74.21974356930723, 40.554612672072636], [-74.21908060899345, 40.55484700219814], [-74.21933701278985, 40.555691366981215], [-74.21921716370935, 40.55579696987876], [-74.21895832633227, 40.554857583415966], [-74.21859325782808, 40.554674210247924], [-74.2187503688056, 40.556027740537466], [-74.21775342391737, 40.555005284776314], [-74.21604246060636, 40.55554411878319], [-74.2147405319882, 40.55624238913229], [-74.2149925696477, 40.556794932796116], [-74.21462340478287, 40.55691336222108], [-74.2137646731759, 40.556396943325524], [-74.21327457291383, 40.55662493427674], [-74.21201015815413, 40.55835703753973], [-74.21188042321681, 40.55959693786198], [-74.21116899541974, 40.56048629037061], [-74.21134005281326, 40.56123035308548], [-74.21109600355233, 40.56213147129194], [-74.2113799785878, 40.56349220527504], [-74.20953467232908, 40.567928048658224], [-74.20886661112192, 40.56890979392935], [-74.20892636328671, 40.56962429845019], [-74.20801705381419, 40.570517957400945], [-74.20783559015133, 40.57261000094922], [-74.20707800410416, 40.57426634021679], [-74.20728431413175, 40.57525453287277], [-74.20681205626775, 40.57592202018839], [-74.20708917179341, 40.57630558983638], [-74.20658040532055, 40.5766527368369], [-74.2068082796181, 40.57717956879275], [-74.20632344195356, 40.57753881896504], [-74.20591732509398, 40.57861664755381], [-74.20599255081491, 40.580410383936105], [-74.20508136987236, 40.581599468802835], [-74.20508854474824, 40.582208190572956], [-74.20440076433692, 40.58371294584213], [-74.20463390208104, 40.58432323880146], [-74.20411940258332, 40.585895541075935], [-74.20458065694798, 40.58821760368281], [-74.20412200969585, 40.588881474578585], [-74.20432302142393, 40.58913661747352], [-74.20470529848629, 40.58877237083075], [-74.20443548400937, 40.58921839779449], [-74.2046460894321, 40.589285745466], [-74.20385886609276, 40.59024952536181], [-74.2038855045637, 40.589786110239025], [-74.2026586697188, 40.59072214578255], [-74.20237763623321, 40.59064471267335], [-74.20201405533443, 40.59089579912524], [-74.20246775956737, 40.59083882536012], [-74.20305254911503, 40.59114054181002], [-74.20202733920699, 40.59099907929216], [-74.20184092915534, 40.59163648337986], [-74.20200349813028, 40.591780764795224], [-74.20230284591754, 40.59146932177454], [-74.20231645768324, 40.59152396510288], [-74.20092540496357, 40.59286637930503], [-74.20047126826114, 40.59281175209459], [-74.19974060973513, 40.593564669264524], [-74.19936212279694, 40.59409408279569], [-74.19948344879727, 40.594320936290515], [-74.19751357718859, 40.59679898653952], [-74.19730619713819, 40.59805952224113], [-74.19875958205299, 40.60171197517643], [-74.20014866759912, 40.603683350098876], [-74.20138527472524, 40.60463696620865], [-74.20221849851056, 40.60596967961667], [-74.20281628374592, 40.608270827967495], [-74.20230179014106, 40.611875642039216], [-74.20244374449526, 40.61328469393211], [-74.20045324444631, 40.616327997309135], [-74.20091423238283, 40.61779882239878], [-74.20087478740132, 40.618100410856066], [-74.20054156331818, 40.617997639493765], [-74.20035203856247, 40.618342198554885], [-74.2008399145064, 40.61880430260748], [-74.20068071414828, 40.61916845434711], [-74.20106997469233, 40.620381540275226], [-74.2005058812991, 40.62029967210143], [-74.2004280019192, 40.620495411017025], [-74.200873315822, 40.62059115522388], [-74.2014323999804, 40.62161260896553], [-74.20127534263133, 40.62268827628623], [-74.20154553334768, 40.622698052023274], [-74.20163201104117, 40.62312156545755], [-74.20107662790335, 40.62407834658994], [-74.2010608003345, 40.62589517950961], [-74.2014167066776, 40.62607051339334], [-74.20098625565413, 40.62934414810648], [-74.20042573785118, 40.62982116595353], [-74.20040812771617, 40.63025010069474], [-74.20077267059405, 40.63024895311919], [-74.20079169384545, 40.63035012431852], [-74.20040311643059, 40.63029236226756], [-74.20018462159052, 40.631328669464374], [-74.20042997694448, 40.63135909771399], [-74.20040053113114, 40.63145946830871], [-74.2001726540773, 40.631361080531164], [-74.1986224779907, 40.63273751485441], [-74.19802961165131, 40.63277094143437], [-74.1980251993393, 40.63302919247006], [-74.19734396061332, 40.63299814705065], [-74.1967853063197, 40.63339223926938], [-74.19687865668357, 40.63376138772169], [-74.19631031190843, 40.634054232129415], [-74.19602904691304, 40.63499584830461], [-74.19530704356409, 40.635233895517324], [-74.195200969001, 40.63570794464647], [-74.19442256854789, 40.63658210571073], [-74.19454212579782, 40.63707002762805], [-74.19478689682471, 40.637131511664386], [-74.19462310145191, 40.637391183563864], [-74.19358317694855, 40.63746911688484], [-74.19371964622094, 40.637566814732885], [-74.186524968976, 40.64338866217164], [-74.18623209809662, 40.64318739685547], [-74.18590896667855, 40.64363143950194], [-74.18511431614884, 40.6438062382902], [-74.18524793597282, 40.64394352619348], [-74.18483594580847, 40.64412826633892], [-74.18411319064435, 40.64353008362596], [-74.18437046773803, 40.64309957689014], [-74.18365067064063, 40.64223964105082], [-74.18402611192153, 40.64310040907248], [-74.18384575936912, 40.64326615680756], [-74.18324212279276, 40.64296367760061], [-74.1836674587201, 40.64461048505027], [-74.18288931621835, 40.64480028294623], [-74.18118434243927, 40.64458615924507], [-74.18087212513223, 40.64485142967854], [-74.18048173953659, 40.644278924776664], [-74.1800407794923, 40.644288140673886], [-74.1799650727402, 40.64526698230308], [-74.17972987752036, 40.64438070211209], [-74.17933117249432, 40.6444005117727], [-74.17925123340666, 40.645041876970446], [-74.17907466583894, 40.644646507056706], [-74.17903555928561, 40.64339478702088], [-74.17940482802032, 40.643128966476596], [-74.1795871372141, 40.641917683464236], [-74.17918728067428, 40.64298753949409], [-74.17825662146029, 40.64212922786836], [-74.17834127011962, 40.64258947599596], [-74.17781237608774, 40.642599844142275], [-74.17768636299843, 40.64294859651973], [-74.17721118570951, 40.643122778603285], [-74.17670489151175, 40.64241691128418], [-74.17635786617534, 40.64232722056306], [-74.17668723791225, 40.64255213862136], [-74.17666795538247, 40.64338684477182], [-74.17560250954429, 40.6433112986726], [-74.17568470742577, 40.6447102848953], [-74.17546691157199, 40.64464652110248], [-74.17529691545057, 40.645075076819104], [-74.17436572943608, 40.645136258645614], [-74.17294123891654, 40.644204522856036], [-74.17300154585652, 40.64358540507979], [-74.1723616538658, 40.64325626755203], [-74.17272145305189, 40.64294849899678], [-74.17196330565994, 40.64285813269349], [-74.1715081109973, 40.64313444209101], [-74.17133587281808, 40.64285576505217], [-74.17186042582577, 40.64252292851904], [-74.17147878989451, 40.64170250999376], [-74.17158721923735, 40.641029593394656], [-74.1720231585235, 40.64098921516048], [-74.17293896175401, 40.640579552697595], [-74.17297990582071, 40.64048606719586], [-74.17156994685423, 40.64101153209293], [-74.1713738235051, 40.64208501526824], [-74.17105017239892, 40.64259381913015], [-74.17119260951208, 40.641739626514145], [-74.17028635441109, 40.64177530825603], [-74.17007878651046, 40.642086160575644], [-74.16915295569137, 40.64187285987454], [-74.16906431628865, 40.64213001679875], [-74.16653375792836, 40.64142263788383], [-74.16609989896034, 40.64240658700138], [-74.16631887292462, 40.64143667500511], [-74.16580110755902, 40.64122451144968], [-74.16544310082396, 40.64228054670873], [-74.16494139041306, 40.64220900039204], [-74.16519041758235, 40.64064230577956], [-74.16473426536807, 40.64039146702502], [-74.16441459649239, 40.64139678522882], [-74.1645965659758, 40.64031574554516], [-74.16416886813631, 40.6399941102305], [-74.16400179001418, 40.64106586000697], [-74.16404731516643, 40.63994665879971], [-74.1638497658629, 40.639891509321046], [-74.16345445681999, 40.63985656039842], [-74.16324577932627, 40.64095741968837], [-74.16280502789434, 40.64103818792244], [-74.16167534694235, 40.640610784766956], [-74.16228465252085, 40.6387656527725], [-74.16181856612258, 40.63864627877782], [-74.16144917826891, 40.63942833717108], [-74.16166010706995, 40.63866499331345], [-74.16124015814985, 40.63859501111378], [-74.16090490770513, 40.63938614131881], [-74.16108161758906, 40.63856776831271], [-74.16034819993166, 40.63844372645366], [-74.15986410465041, 40.639927823692965], [-74.160224664531, 40.6383390613379], [-74.15985697767901, 40.63872920221963], [-74.15931954037158, 40.637810405243044], [-74.15905622378894, 40.63803931032001], [-74.15900957887429, 40.638822577909984], [-74.15893299160665, 40.63826401781917], [-74.15789262953881, 40.63796505123131], [-74.15773352572349, 40.63887903516549], [-74.1577736593691, 40.63795715974623], [-74.15610276490888, 40.6379395908863], [-74.15611488264739, 40.6375307471646], [-74.15569862053152, 40.63751793890434], [-74.15568515769912, 40.637787482407305], [-74.15482932461856, 40.63772385541898], [-74.15469263864526, 40.6391939681144], [-74.15459670163327, 40.6373433440692], [-74.15279703511403, 40.63713275485273], [-74.15269700449667, 40.63764184172482], [-74.15221806884477, 40.63769258171705], [-74.15229786175503, 40.63827428826376], [-74.15204639233266, 40.63766721531566], [-74.15119545007178, 40.63773078853634], [-74.1513951761365, 40.63939651305763], [-74.1511296509037, 40.638500679571514], [-74.15055638842084, 40.638559330667455], [-74.1494357640079, 40.637402302101854], [-74.1494188170834, 40.638291640547145], [-74.14919418155688, 40.63866833137209], [-74.1488817554377, 40.63870520797343], [-74.14855815092318, 40.63743783803], [-74.14877792005885, 40.63887625112789], [-74.14602173101719, 40.63909454970089], [-74.14519279481542, 40.63937849765491], [-74.14386163595745, 40.63888796251427], [-74.14336103010835, 40.639709845181265], [-74.14238795149326, 40.6396412108301], [-74.14229766980965, 40.640305807093846], [-74.14155622972353, 40.64036676881719], [-74.1414804740345, 40.64009219429568], [-74.14076253645278, 40.640589396911395], [-74.13757574838482, 40.641001152371274], [-74.13737001749979, 40.64129546348914], [-74.13435269573631, 40.64188679740537], [-74.13299172393485, 40.6414169366648], [-74.13240283577125, 40.64170438898469], [-74.13125581180257, 40.641596830764], [-74.13146199764817, 40.64131010407523], [-74.13032503548034, 40.64077847230712], [-74.13012324901676, 40.64101654989437], [-74.1301837001321, 40.640723826083246], [-74.12949057637367, 40.64135483519601], [-74.12997740262725, 40.640729872855786], [-74.12930713186852, 40.640337411211156], [-74.12893301209901, 40.64041392948804], [-74.12890729033452, 40.64119482758633], [-74.1288120184713, 40.64022697750412], [-74.1275267724088, 40.64015530471665], [-74.12702736021, 40.639319078487055], [-74.12705362205264, 40.64024173763918], [-74.12606982862293, 40.6402544731902], [-74.12636808688981, 40.641332380487086], [-74.12564026870602, 40.64141849208246], [-74.12613276551232, 40.64126438802843], [-74.12599542422451, 40.64023124262892], [-74.1241557844501, 40.64013471664021], [-74.12285630555246, 40.64082050834649], [-74.12260363601618, 40.64059707390291], [-74.12282565410405, 40.64129387601781], [-74.1218414699557, 40.64140589477439], [-74.12199083807539, 40.64155463949959], [-74.12180661082068, 40.64141215907573], [-74.12177911197513, 40.64159254711714], [-74.1215534360538, 40.641611628324924], [-74.1217237531887, 40.64142866444406], [-74.12132617111651, 40.64160656922905], [-74.1213119482967, 40.6414525313252], [-74.12117246275064, 40.64166914507007], [-74.12128074794364, 40.64143249598728], [-74.12107727405116, 40.6416074200863], [-74.12118039507698, 40.641383445379745], [-74.12071317588692, 40.64104578219102], [-74.11993480088911, 40.641197604384026], [-74.11960716747868, 40.64138030935434], [-74.11995699875767, 40.64220945342926], [-74.11952986105756, 40.64146991432207], [-74.11909720493722, 40.641473466523564], [-74.11940029532455, 40.642379378532915], [-74.11900348200398, 40.64146461501285], [-74.11861635236274, 40.64153036502919], [-74.11883624616942, 40.64254186406051], [-74.1184018508355, 40.64152980054307], [-74.11791728683136, 40.64182587695231], [-74.11769850319419, 40.641543133286085], [-74.11712100630398, 40.641667857046095], [-74.11722408282961, 40.64184409308031], [-74.11672187663888, 40.642031756096756], [-74.11722470082543, 40.64302735996279], [-74.11666607646228, 40.6421067663341], [-74.11630000082745, 40.64220266510244], [-74.1166704138269, 40.64318982489306], [-74.1161420863572, 40.64221645415055], [-74.11535082182931, 40.642470540158385], [-74.1137966608601, 40.64360951580809], [-74.11395094068483, 40.644136591675434], [-74.11288806510967, 40.644532444637726], [-74.11385709322158, 40.644076011667366], [-74.11365370966897, 40.64368755592381], [-74.11333023192543, 40.64372349708392], [-74.11116129469256, 40.64509642318145], [-74.11172529995798, 40.64465936222886], [-74.10973932564484, 40.64546372818492], [-74.10472221599763, 40.645563657399656], [-74.10412356301745, 40.645740432200306], [-74.10013219187306, 40.645064050450685], [-74.09880066885808, 40.64504703431097], [-74.09849981625507, 40.645370361953944], [-74.09604555281581, 40.64537274744287], [-74.09298828187646, 40.64597278075264], [-74.08570754378212, 40.64888055337063], [-74.08484403215716, 40.64889114733963], [-74.08221272914936, 40.64828016229024]]]]}}, {"type": "Feature", "properties": {"BoroName": "Brooklyn"}, "geometry": {"type": "MultiPolygon", "coordinates": [[[[-73.86327471071958, 40.583876848532014], [-73.86381239461966, 40.583604003588825], [-73.86449245335692, 40.58361493817894], [-73.8677279690368, 40.581663409429], [-73.86896292210412, 40.58169379478881], [-73.87050597918449, 40.5833419525113], [-73.87061497794423, 40.58491535106054], [-73.87115922675432, 40.58687388796744], [-73.86981356482099, 40.58946092678842], [-73.86849671647208, 40.590089850289765], [-73.86635052164095, 40.59189267656489], [-73.86430826692543, 40.591414744326585], [-73.86327273492829, 40.59090807569274], [-73.86125299377375, 40.58798808592137], [-73.86167447867462, 40.58614479499389], [-73.86327471071958, 40.583876848532014]]], [[[-73.86952707548932, 40.59871375035465], [-73.86967070711498, 40.596688563622266], [-73.87020899836229, 40.596954232789514], [-73.86952707548932, 40.59871375035465]]], [[[-73.92084893682674, 40.59954139732863], [-73.9186588759807, 40.59947242837086], [-73.91843548283046, 40.59916639083193], [-73.91626393108342, 40.59816113731292], [-73.91603208942452, 40.597527227449646], [-73.91441508107108, 40.59604501653261], [-73.91307588369642, 40.5941452004388], [-73.91326344707664, 40.59224954961782], [-73.91300897860158, 40.59201915468012], [-73.91439422677793, 40.59151165799835], [-73.91524478304683, 40.59158750817869], [-73.91604992895567, 40.59220259752894], [-73.91644112902229, 40.59312680944066], [-73.91787543558036, 40.594722181525036], [-73.92019954537206, 40.59618334528068], [-73.9208294770879, 40.596334690683044], [-73.92182277731904, 40.597332932872675], [-73.92227201543726, 40.598376818436314], [-73.922130493534, 40.5986625961775], [-73.92084893682674, 40.59954139732863]]], [[[-73.87019491489951, 40.59899640590207], [-73.87108141811481, 40.59890114747031], [-73.87049411914775, 40.60260444620474], [-73.87026280565016, 40.60168122175619], [-73.87019491489951, 40.59899640590207]]], [[[-73.85243335807017, 40.59733339779541], [-73.85465863090117, 40.596578388927746], [-73.85492648581561, 40.5963016638708], [-73.85673364394975, 40.5960757643542], [-73.86044420533965, 40.59647190609909], [-73.86054977985192, 40.5970630201918], [-73.86274820792741, 40.599071205422206], [-73.86335999147508, 40.6003222032739], [-73.86187189847237, 40.60216432581609], [-73.86112814224542, 40.60255033107445], [-73.85905914327871, 40.6020614310716], [-73.85482595782972, 40.60186719535382], [-73.85427387360816, 40.60143043669728], [-73.85276838155836, 40.60094885402608], [-73.85076748001559, 40.59883944383752], [-73.85153122893777, 40.59843393622062], [-73.85243335807017, 40.59733339779541]]], [[[-73.86702905185567, 40.6037433888541], [-73.86768194154214, 40.60307076667754], [-73.86830808464714, 40.60313916064372], [-73.86793505372705, 40.60396113545311], [-73.86702607287035, 40.604171584008384], [-73.86702905185567, 40.6037433888541]]], [[[-73.846736514711, 40.60485301485186], [-73.84640850665576, 40.604484573370804], [-73.84608059037885, 40.604544593837204], [-73.84641368109902, 40.60418741660592], [-73.84578322472349, 40.6048216143822], [-73.84495316128168, 40.60477317776781], [-73.84522811744671, 40.604770844775906], [-73.84557100063378, 40.60454417159597], [-73.84518624276541, 40.604469294569014], [-73.84517506659421, 40.604699117514905], [-73.84454865789854, 40.604798318805635], [-73.84496295282486, 40.604375706045474], [-73.84492199095145, 40.60368207917783], [-73.84521603580285, 40.60386093752968], [-73.84550164467836, 40.60385321038757], [-73.84515425191294, 40.603731063632324], [-73.8456230379246, 40.603519431253574], [-73.84619623960161, 40.60418132394933], [-73.84666632132983, 40.60417789634797], [-73.84638196928539, 40.60441005939368], [-73.8466458841174, 40.60458076185187], [-73.8474532815578, 40.60445610139407], [-73.84786248378626, 40.604702706326925], [-73.84776455499473, 40.604907621473444], [-73.846736514711, 40.60485301485186]]], [[[-73.84827982667156, 40.60543325523043], [-73.84795277186753, 40.60535499863199], [-73.84783682255977, 40.60508497038444], [-73.84824868418823, 40.60514234873904], [-73.84827982667156, 40.60543325523043]]], [[[-73.8485434084378, 40.6059635935206], [-73.84826110013671, 40.60577935306849], [-73.84871964443029, 40.60589027875899], [-73.8485434084378, 40.6059635935206]]], [[[-73.83446265686187, 40.60719253294352], [-73.83573587587433, 40.60579318845261], [-73.83532612639448, 40.606852362979616], [-73.83437386568123, 40.60785151392084], [-73.83446265686187, 40.60719253294352]]], [[[-73.86702399475162, 40.60806817876957], [-73.86874317559271, 40.60703517877684], [-73.86868468826752, 40.60824115818403], [-73.86777501561137, 40.60853948877853], [-73.86702399475162, 40.60806817876957]]], [[[-73.86966442958501, 40.60654012341308], [-73.87109330768081, 40.604694173994886], [-73.87105656646236, 40.606285087991864], [-73.8724557981188, 40.60818553034872], [-73.87300122724768, 40.610555458460055], [-73.87180082867991, 40.610280413580476], [-73.8710387011171, 40.60972358252672], [-73.86966442958501, 40.60654012341308]]], [[[-73.8504762496644, 40.61234221905736], [-73.84967145086537, 40.61210997940186], [-73.84986139375602, 40.61195965025282], [-73.8495503812889, 40.61145680546349], [-73.84985688093194, 40.611012804217445], [-73.84949618367905, 40.61032940856394], [-73.85009329763288, 40.6101621198813], [-73.84942148819671, 40.60982206041194], [-73.84986875857045, 40.60982323720404], [-73.84993173624908, 40.6094285378392], [-73.85039248804989, 40.60964680920277], [-73.85134775126467, 40.60926678729026], [-73.85169868439945, 40.60861152518971], [-73.85207814387779, 40.60868907711152], [-73.85295254342435, 40.607962828551216], [-73.85336754553778, 40.60801067854979], [-73.85324221058985, 40.60773065663136], [-73.85345111834661, 40.60792155336962], [-73.8544587845092, 40.60789579470978], [-73.85362640653476, 40.607264709614675], [-73.8544195703025, 40.60716837328165], [-73.85477543237154, 40.60749059739744], [-73.85506642640546, 40.60745986943577], [-73.85464016761341, 40.60769457687133], [-73.85480344786893, 40.608596210303084], [-73.8555495238704, 40.60898251246575], [-73.85524868929981, 40.6095432657177], [-73.85594678367828, 40.609537365358364], [-73.85589039907795, 40.609910045476], [-73.85659999315396, 40.610834472451685], [-73.85618685108663, 40.61104553457754], [-73.85536096522674, 40.610414052786666], [-73.85541694900716, 40.610115340432856], [-73.85322338065063, 40.610138043941134], [-73.85270386202444, 40.610418002161495], [-73.85196381218816, 40.610243659191596], [-73.85265329597085, 40.6111738696138], [-73.85245223540284, 40.61094089941141], [-73.85172275100344, 40.610949847417494], [-73.85196469359536, 40.61119655936316], [-73.85174033534177, 40.61156891273334], [-73.85142054745137, 40.61177459404384], [-73.85105698906975, 40.611469925203245], [-73.85095809094645, 40.6119641186692], [-73.8504762496644, 40.61234221905736]]], [[[-73.8447349265296, 40.6139691718017], [-73.84357002441917, 40.61367150671515], [-73.84343129679326, 40.61297157374642], [-73.84264184886561, 40.61317296630632], [-73.8418365785253, 40.6126881530492], [-73.84150944621463, 40.6123191599892], [-73.84157790018278, 40.611825728049375], [-73.84070815291503, 40.61163403860387], [-73.84067468895502, 40.611446322137276], [-73.84034105597392, 40.612041937204154], [-73.83980202182961, 40.61236165954314], [-73.83911211112063, 40.61246645077383], [-73.83871375352228, 40.611994798841614], [-73.83879592263226, 40.61279609459317], [-73.83817706043442, 40.613080444155], [-73.83707997185391, 40.61288020226671], [-73.83622799751673, 40.61218997737681], [-73.83697075068265, 40.61111104264752], [-73.8375222398563, 40.61085865099508], [-73.83746087176601, 40.61015673059457], [-73.83851857902539, 40.609235261703645], [-73.83887080449495, 40.60790579854277], [-73.83910109566169, 40.6083131199815], [-73.83960208679136, 40.608063851952664], [-73.84004319893226, 40.60823431708716], [-73.84009612003635, 40.60896186196452], [-73.84049656815607, 40.608555418914335], [-73.84043418347474, 40.608266907726296], [-73.83935927868202, 40.607614852162726], [-73.83999441447739, 40.60753562023484], [-73.84051299620124, 40.606959491061005], [-73.8410132010961, 40.60703389293719], [-73.84136277623604, 40.60679402201465], [-73.84126735294898, 40.606252292322225], [-73.84041880115502, 40.60615352374775], [-73.84059798357703, 40.60540341695499], [-73.84075174158697, 40.60564293283811], [-73.84122845055781, 40.605527888574485], [-73.84112952895705, 40.60469025115884], [-73.84158414581366, 40.604477230528225], [-73.84194784683173, 40.604776838802124], [-73.8429583110585, 40.604214193215626], [-73.84326616483003, 40.60442398910334], [-73.84397330626662, 40.60410447871525], [-73.84452681767495, 40.60432278173346], [-73.84361933184951, 40.60439711213906], [-73.84339160774019, 40.60468202258737], [-73.84270633510347, 40.60463942508025], [-73.84266745807614, 40.60507841865356], [-73.84243674789904, 40.604844158283036], [-73.84193617890355, 40.60492999800466], [-73.84243149925095, 40.60528640270289], [-73.84296601844633, 40.60506921296432], [-73.84282386345684, 40.60472611342593], [-73.84334840245262, 40.60517549034974], [-73.84338248378366, 40.60498645901797], [-73.84382294802926, 40.60542930881653], [-73.84356547344113, 40.60584877756046], [-73.84390053212176, 40.606416467895514], [-73.84370849739653, 40.60582333395685], [-73.84405417411347, 40.60544564696518], [-73.84362199043105, 40.60505728801479], [-73.8437956826357, 40.60450310802718], [-73.84460595564508, 40.605036189917776], [-73.84469167618292, 40.60614513921477], [-73.84433083108163, 40.605814564710634], [-73.84411200151072, 40.605891181152586], [-73.84457707891998, 40.60660325884731], [-73.84462396639938, 40.60633092111962], [-73.84529688836992, 40.60626773448789], [-73.84504974750597, 40.60586040203707], [-73.84539488991904, 40.60571024492036], [-73.84505052104093, 40.60552711190522], [-73.84530733227726, 40.60538965577427], [-73.8449390597056, 40.60503253416725], [-73.8458150644845, 40.60516079908739], [-73.84627027297309, 40.604711683288265], [-73.84674609627481, 40.60510477794445], [-73.8474674283526, 40.605082477588134], [-73.84727265830858, 40.60582270280001], [-73.84667159949511, 40.60603793087854], [-73.84683155183185, 40.605798160280806], [-73.8465845158443, 40.60583077007336], [-73.8466119783197, 40.6060926067667], [-73.84590992090648, 40.60629229673568], [-73.84624922115569, 40.6064112457665], [-73.84611004768595, 40.60664377025081], [-73.84617769070933, 40.60676235543533], [-73.84663402795712, 40.60675612085462], [-73.84635327113982, 40.60705005746421], [-73.84639030673465, 40.607297790624486], [-73.84668932762482, 40.60687254991515], [-73.84663327563298, 40.60659484745168], [-73.84684289060985, 40.606727738120235], [-73.84689095135003, 40.60657423007093], [-73.8466625894622, 40.60653970292], [-73.84645224246142, 40.606725505753204], [-73.84619989215821, 40.606627207609925], [-73.8464444171341, 40.606223283709355], [-73.84696564643902, 40.60606527287979], [-73.84766138110969, 40.605919167071356], [-73.84884425387513, 40.606368220646516], [-73.84963598239202, 40.60602835332255], [-73.84969884360436, 40.60656402832436], [-73.84934720205594, 40.606743382473084], [-73.84875699281393, 40.60651817724072], [-73.8483002563116, 40.6068866684436], [-73.8480611333172, 40.606729521895126], [-73.8482345963592, 40.60709082239392], [-73.84754585891254, 40.60697970879993], [-73.84698052398959, 40.60751299394268], [-73.84682444495, 40.60806318970009], [-73.84620410685498, 40.607919658712085], [-73.84559766249687, 40.608322639574695], [-73.84486233812142, 40.60808770468992], [-73.84550051039149, 40.60851158790462], [-73.84627897022374, 40.608278687452874], [-73.84582825516895, 40.608617784014854], [-73.84595392385506, 40.60882625854857], [-73.8455532700862, 40.60933527146454], [-73.84574157868046, 40.609732909224405], [-73.84538823525133, 40.60978370997387], [-73.84567799102447, 40.60995394921972], [-73.84542106652405, 40.61013306832755], [-73.84573576651385, 40.61042832530274], [-73.84552961311631, 40.61047291494109], [-73.84575180106383, 40.610768046992995], [-73.84552465911474, 40.61079658428494], [-73.84573342635628, 40.61144101397879], [-73.84485550137117, 40.611029627697526], [-73.84525812420053, 40.61149165008251], [-73.84507534677593, 40.61233424478481], [-73.84570908154606, 40.61287669409146], [-73.84525671235063, 40.6132698531058], [-73.84564426528216, 40.613692195883324], [-73.8447349265296, 40.6139691718017]]], [[[-73.8337015227225, 40.62097860134445], [-73.83401888200446, 40.614381166420785], [-73.83434168122305, 40.61436543719755], [-73.83542288683323, 40.61461045443604], [-73.83585572623761, 40.615208999053124], [-73.83634403495032, 40.61511933710295], [-73.8365081016467, 40.61529584208595], [-73.8366362635533, 40.61514552697853], [-73.83778783177122, 40.6155999117268], [-73.83690989150001, 40.61615094961797], [-73.83644029720075, 40.616170402327526], [-73.83527378301088, 40.61724722195552], [-73.83496079783824, 40.618532930696816], [-73.83535650781207, 40.61871309018001], [-73.83570733216762, 40.619729166952155], [-73.83522937910513, 40.61995819493339], [-73.83495815063698, 40.61983928773392], [-73.83513270384407, 40.619513248306966], [-73.83488922611886, 40.61960685655539], [-73.83479652145606, 40.6199244714572], [-73.83531201853506, 40.62014537131152], [-73.83490436791972, 40.62046937856203], [-73.83454605781618, 40.62037355796862], [-73.8347232100316, 40.62022005376003], [-73.83439058638054, 40.619853601887186], [-73.83380075580924, 40.61964562068975], [-73.83407163758129, 40.620025962638174], [-73.83423038839877, 40.619895305537035], [-73.8344733045855, 40.62012184765708], [-73.83419931385158, 40.620320958356004], [-73.83428021757882, 40.62064765471155], [-73.8337015227225, 40.62097860134445]]], [[[-73.83501827177601, 40.62268110453554], [-73.83413865340533, 40.62235218099247], [-73.83362242002327, 40.622602638829655], [-73.8336821495259, 40.621381305686604], [-73.83412262132585, 40.620984173947264], [-73.83498716099355, 40.62101129988904], [-73.83464424766935, 40.62199681592385], [-73.83501827177601, 40.62268110453554]]], [[[-73.85024804081058, 40.62358483157836], [-73.84939485574913, 40.62247988728813], [-73.8484637152501, 40.62236570273237], [-73.84902326277842, 40.62148239301888], [-73.84982292634618, 40.6212992647186], [-73.8501897562307, 40.620834391263884], [-73.85048934201063, 40.62089248950174], [-73.85085107926835, 40.62024715775812], [-73.85346708738338, 40.62019768204293], [-73.85402211708094, 40.619868098662344], [-73.85491444701013, 40.62003375907467], [-73.85545637622923, 40.61979746808789], [-73.85614274027883, 40.619831480696135], [-73.85655155624741, 40.61956732249798], [-73.85676349057306, 40.62040565790133], [-73.85740170805201, 40.6203036741288], [-73.85737438695485, 40.62064703668125], [-73.8566044357914, 40.62114287959092], [-73.85656816105036, 40.621478748411015], [-73.85635024348642, 40.6214161694352], [-73.85596286045433, 40.621797029640646], [-73.85532981555693, 40.62168818473999], [-73.85517130927302, 40.62195933773943], [-73.85464356472856, 40.621594003766624], [-73.85451155864425, 40.62079573981058], [-73.85358897081754, 40.62046182354709], [-73.85185329658597, 40.620565193782575], [-73.85140319498326, 40.620802814510235], [-73.85129292955062, 40.62183651392835], [-73.8523603825202, 40.62297487051674], [-73.85189830362783, 40.62279378345619], [-73.85179555742954, 40.623346179897915], [-73.85133280538092, 40.62346713842759], [-73.85089814828942, 40.62327380528578], [-73.85024804081058, 40.62358483157836]]], [[[-73.83355923946421, 40.62393603450106], [-73.83370757495928, 40.62369368554634], [-73.83363582579899, 40.62395529191149], [-73.83355923946421, 40.62393603450106]]], [[[-73.86206472231282, 40.62432151338749], [-73.8622342709098, 40.623815594688075], [-73.86249048285127, 40.6239163812646], [-73.86271128044642, 40.62342540992265], [-73.86303876770805, 40.623302991769556], [-73.86350742741004, 40.623409611386464], [-73.8637773910003, 40.62395140755835], [-73.86343316829664, 40.62389703760005], [-73.86343498174926, 40.62420406198444], [-73.8631497749989, 40.62395066218016], [-73.86264913337713, 40.623957507282306], [-73.86206472231282, 40.62432151338749]]], [[[-73.84589458446978, 40.624971815816565], [-73.84476545398073, 40.62485456957347], [-73.8447785733916, 40.62423737902384], [-73.84383598677579, 40.624292482224035], [-73.84389163279884, 40.62381184708875], [-73.84322216416943, 40.62365366638879], [-73.84293864765408, 40.62332390397683], [-73.84333966395016, 40.62336896124952], [-73.84428323440886, 40.62295497377532], [-73.84536704025804, 40.62304856573115], [-73.84509933511251, 40.623423073598765], [-73.84553977722709, 40.624074918741755], [-73.84521039692662, 40.62407447573481], [-73.84520557917331, 40.62435403207068], [-73.84580124498063, 40.62459627297527], [-73.84589458446978, 40.624971815816565]]], [[[-73.85777441018638, 40.62482353414759], [-73.85784133903826, 40.625190913217885], [-73.85765508760225, 40.62530956095604], [-73.85732909539657, 40.62511698058461], [-73.85777441018638, 40.62482353414759]]], [[[-73.8406690439082, 40.62741364440135], [-73.83973161387786, 40.62732476435724], [-73.83977377091148, 40.62749754311603], [-73.83946700887878, 40.627293840763045], [-73.84014683702847, 40.62679119394888], [-73.84072122115312, 40.62586474512187], [-73.8408439003418, 40.62613789526449], [-73.84168672317135, 40.62639653117546], [-73.84179066548751, 40.62658925398743], [-73.84150723038405, 40.62678144333083], [-73.84238178647995, 40.62744078627187], [-73.84044645651664, 40.626586224837], [-73.84014537016267, 40.6269863874348], [-73.8406690439082, 40.62741364440135]]], [[[-73.8668486744204, 40.617809314108044], [-73.87395306206889, 40.61583941573321], [-73.8779807086464, 40.61579829287852], [-73.87862188757221, 40.615935378690615], [-73.87951577316615, 40.61656151979662], [-73.87973527002059, 40.618926144658225], [-73.87888197591418, 40.62057350460843], [-73.87779098888922, 40.621652242058126], [-73.87481386865043, 40.62358718918384], [-73.86645484055248, 40.628255386807254], [-73.865187862763, 40.62766280991856], [-73.86472766045426, 40.626525541913686], [-73.86498193495923, 40.62566070604117], [-73.86553589061393, 40.62524198821661], [-73.86586582154153, 40.62438982754583], [-73.86650860322545, 40.623754008018096], [-73.86637583649498, 40.62300361314219], [-73.86522936181831, 40.621888282031385], [-73.86500830120069, 40.62054668315784], [-73.86575831319405, 40.618501449958124], [-73.8668486744204, 40.617809314108044]]], [[[-73.84813977022664, 40.62854270458836], [-73.84843360463412, 40.628598876289324], [-73.84836834270207, 40.628871554220886], [-73.84812593674316, 40.628840444805526], [-73.84813977022664, 40.62854270458836]]], [[[-73.8486937426674, 40.63061270593681], [-73.84844849292085, 40.630448861863094], [-73.84868437801534, 40.63045904016141], [-73.8486937426674, 40.63061270593681]]], [[[-73.85300014644501, 40.63202284225356], [-73.85256652765563, 40.631244050351015], [-73.8516673995187, 40.63087050738707], [-73.85218610655909, 40.630358956629344], [-73.85366230517194, 40.63087608326508], [-73.85509269644037, 40.630110151173774], [-73.85679676428845, 40.62984147336591], [-73.85775996792927, 40.62994139869671], [-73.8585583634798, 40.6304582881958], [-73.85809624947116, 40.63124990598199], [-73.85816366672086, 40.631973860553465], [-73.85758486742999, 40.632716175536494], [-73.85535471793558, 40.63281225942451], [-73.85496742335603, 40.63341655452596], [-73.8543461721584, 40.63372263130504], [-73.8532781866585, 40.633851843651435], [-73.85241247454138, 40.63364349814306], [-73.85231335377057, 40.63322025396079], [-73.85300014644501, 40.63202284225356]]], [[[-73.84638458909977, 40.635285767689055], [-73.84782653480777, 40.632779736654946], [-73.8490395187477, 40.63213774045016], [-73.84999377574547, 40.63211962041482], [-73.84988187676963, 40.634096584758616], [-73.8488553080005, 40.635435435681664], [-73.84827983562192, 40.637471560402794], [-73.84764555888744, 40.63827969141862], [-73.84667914840229, 40.63873171175725], [-73.84604982095271, 40.63846593030766], [-73.8454475443692, 40.637370220554104], [-73.84427265333407, 40.636692345929745], [-73.8450180413497, 40.63568082143157], [-73.84638458909977, 40.635285767689055]]], [[[-73.95439555417087, 40.7391147725227], [-73.9519879435446, 40.73874762047439], [-73.94652352854786, 40.73692685395832], [-73.94719983367159, 40.73535517761174], [-73.94706532915387, 40.73440199281941], [-73.94659806707352, 40.73444222434747], [-73.94673908072966, 40.73528269384117], [-73.9462474829692, 40.73616616522715], [-73.9458731056289, 40.73610183125833], [-73.94557048457217, 40.73661230391058], [-73.94499908889487, 40.736436693712776], [-73.94518507181319, 40.735479152677996], [-73.944515421174, 40.73628439089295], [-73.94239443542429, 40.7354257499477], [-73.94114746701952, 40.734152927537714], [-73.93981322625451, 40.731152688912246], [-73.93810334960666, 40.7297285195215], [-73.9369312479987, 40.729108091265736], [-73.93492926391922, 40.728543915250576], [-73.93200420453815, 40.72814508289363], [-73.92924333948392, 40.72739794231885], [-73.92787172405026, 40.725854051197864], [-73.92779650104131, 40.7249256687138], [-73.92561470516623, 40.72006166221263], [-73.92481798943699, 40.720265137475465], [-73.92457948088894, 40.71916252333493], [-73.92499204426606, 40.71838478776137], [-73.92837930101501, 40.71757836729025], [-73.92887965180016, 40.717720318623726], [-73.92970539915328, 40.717049279389336], [-73.92931999766083, 40.71611200883281], [-73.92947356921461, 40.71572145262133], [-73.93219753146334, 40.71497210749056], [-73.9321499860121, 40.71468746473039], [-73.9317535718227, 40.7147416755059], [-73.93142604100935, 40.71438234308075], [-73.9312406705949, 40.713724810884884], [-73.93164527391666, 40.71334279375831], [-73.93263905242465, 40.7130525861695], [-73.9320326298051, 40.711590223074474], [-73.93338484615303, 40.71123372774583], [-73.93328349320298, 40.71097870695553], [-73.9319010192086, 40.711338471428384], [-73.93093227547737, 40.70916531125432], [-73.9303609456584, 40.708717738032824], [-73.93025038849032, 40.70892791342272], [-73.93154613746866, 40.71185535175124], [-73.93077894737053, 40.71216042795567], [-73.93161032734892, 40.712038022680574], [-73.93184868877454, 40.71256477418343], [-73.93042294313072, 40.71317255867123], [-73.93105231901666, 40.71461022442611], [-73.9308519013403, 40.71490298559298], [-73.92843881814593, 40.71553094957593], [-73.92890601265017, 40.71661895731225], [-73.92823253044881, 40.717106454253546], [-73.92464513863986, 40.71795310891757], [-73.92363989262068, 40.71732065749359], [-73.92305500014334, 40.71634266479355], [-73.92431329961575, 40.71584705657695], [-73.924885535076, 40.71526718765272], [-73.92433589757124, 40.71412259346655], [-73.92223466477621, 40.71285595436308], [-73.92154601695684, 40.711043283535], [-73.92074853115804, 40.71053364895893], [-73.92189184698694, 40.709396096710975], [-73.91180710069368, 40.70343495252938], [-73.91290404121894, 40.70236189179942], [-73.91067882737353, 40.70104596956685], [-73.91180682191074, 40.69994688252394], [-73.9042601841169, 40.69570037144337], [-73.9057959707524, 40.69412715551431], [-73.9013984066204, 40.691589992037954], [-73.90188776254891, 40.69107772007343], [-73.90042465047068, 40.68818389887643], [-73.90116155060393, 40.68787793535575], [-73.89646625129005, 40.682336421973496], [-73.89577945503008, 40.683497183358256], [-73.894174632671, 40.68528324867335], [-73.8925830316834, 40.683491910887966], [-73.89015418738836, 40.68500399030788], [-73.8896278757877, 40.6842364542531], [-73.88808341842545, 40.685293632171245], [-73.88452250957424, 40.686684749095754], [-73.88377698649278, 40.68786341118512], [-73.87950641220809, 40.69114676934595], [-73.87402053306702, 40.69419129521835], [-73.86891762756782, 40.69514656151495], [-73.86840519015212, 40.69473118624479], [-73.86868454370578, 40.6940346919058], [-73.86601993220731, 40.68191958702817], [-73.86410096679134, 40.68237285029282], [-73.86328297030434, 40.679079370673605], [-73.86234580535127, 40.67916478564447], [-73.86038519920734, 40.67125171099069], [-73.85763323174372, 40.671656194039016], [-73.85568461221035, 40.66386749287571], [-73.85842950857302, 40.663453360932024], [-73.8576153718558, 40.66011893315399], [-73.8603049463005, 40.65963465530489], [-73.86317083340404, 40.658276512949044], [-73.86269778299533, 40.657618309012555], [-73.86327623068608, 40.65694121532833], [-73.86300171715266, 40.6566537573704], [-73.8631982371082, 40.65633942770687], [-73.86264117343165, 40.655667537007844], [-73.86086853825005, 40.65507780573742], [-73.85722330984474, 40.65027867003899], [-73.8575526806712, 40.64993257596553], [-73.85783469416329, 40.648302338287806], [-73.85837605317673, 40.64727441531365], [-73.85716978298213, 40.64367855888616], [-73.85894097563549, 40.64321703622779], [-73.86201301027748, 40.642887041020266], [-73.86331138939124, 40.64229912902872], [-73.86531173665126, 40.64075119144399], [-73.86670411973779, 40.64002176349559], [-73.8662847677707, 40.63947288369332], [-73.86681528201251, 40.63996352766691], [-73.86732291072713, 40.639871983953036], [-73.86867282895088, 40.64092507920359], [-73.86991239339434, 40.64327820299375], [-73.87001708273581, 40.64407137240561], [-73.8706149246106, 40.644856741886926], [-73.87119172949545, 40.645305356815214], [-73.87257043102892, 40.645575612359806], [-73.8793321168056, 40.65462201685], [-73.87971979034303, 40.654375929776485], [-73.87318593330954, 40.6454450133618], [-73.87344344510453, 40.64467191424093], [-73.8732703125524, 40.643903214345094], [-73.8729732073257, 40.643839231065456], [-73.87084503422274, 40.64055662018336], [-73.87008544224426, 40.63984418136643], [-73.86989583386149, 40.638934529422315], [-73.8679970966813, 40.63811526520981], [-73.86960972136565, 40.637085534608914], [-73.8692084611064, 40.63746580926118], [-73.86955902490303, 40.63794748432769], [-73.87293435013294, 40.63636480817174], [-73.87347939154407, 40.63628554630156], [-73.87444865630863, 40.63665867357125], [-73.87711428484626, 40.63864148659316], [-73.87856413386811, 40.63904355660802], [-73.87930954529786, 40.64006707426915], [-73.88048386922625, 40.640978034547665], [-73.8807362354642, 40.64156595797337], [-73.88029248068572, 40.64140491573332], [-73.88006714132425, 40.6420034466269], [-73.88152855846558, 40.64245168609184], [-73.88224108165657, 40.643453492409236], [-73.88214832562572, 40.643743727840786], [-73.88341999203028, 40.64452381564966], [-73.88480750411128, 40.643946303680444], [-73.88557762148994, 40.644040949789975], [-73.88743444708422, 40.64593668177392], [-73.88771211156097, 40.64787443463672], [-73.88863638434101, 40.64802449261584], [-73.89006780073066, 40.649323635640656], [-73.89033529141228, 40.64934776900214], [-73.89013701016974, 40.64917041211664], [-73.89034734693776, 40.64903360577827], [-73.8910029805153, 40.64935070556583], [-73.89108330605372, 40.648792575696184], [-73.8894507422767, 40.647173955596635], [-73.8894815257607, 40.64691275506841], [-73.88879690848671, 40.64605025805653], [-73.88941387285534, 40.64693843949172], [-73.88889569015318, 40.647218818908726], [-73.88861004869386, 40.64708136093209], [-73.88851637568523, 40.64736069152213], [-73.88820050726657, 40.64714086952928], [-73.88818990838847, 40.64677356952407], [-73.88845015102358, 40.646728552538], [-73.88853549293229, 40.646968149198564], [-73.8886418159309, 40.646785112948955], [-73.88849960118239, 40.64666368405504], [-73.8880813888399, 40.6466205701315], [-73.88828981420744, 40.646044215545786], [-73.88800052027007, 40.646027705354776], [-73.88740960156501, 40.645329280124386], [-73.88805587182785, 40.645119787760066], [-73.88734361665684, 40.645224153871204], [-73.88623646791807, 40.64381678772119], [-73.88373578763786, 40.642450349188586], [-73.88078889725645, 40.6397574331383], [-73.88055123882256, 40.63915881973747], [-73.87953888017081, 40.638217839320866], [-73.87896686071142, 40.63845954369572], [-73.87863863908075, 40.638293606260426], [-73.87838402330213, 40.6379041080906], [-73.87858034238158, 40.637518756593664], [-73.87714434868597, 40.635976498007714], [-73.87820590489783, 40.63457294366278], [-73.87998767503844, 40.633514883481205], [-73.88127068104541, 40.632369119161226], [-73.88301362103512, 40.631626149535556], [-73.8836445172823, 40.63094331213878], [-73.88376932796376, 40.630221761342554], [-73.88345412923383, 40.629907670437596], [-73.88404726149385, 40.62956011854667], [-73.88263248433402, 40.62827427312707], [-73.88369231571589, 40.62755937341161], [-73.8851295402378, 40.62882725867156], [-73.88572167037314, 40.62844671522392], [-73.88630687607846, 40.628677705393955], [-73.887526737062, 40.62833182448269], [-73.89042299743556, 40.62627859879789], [-73.89148720748321, 40.62448172241535], [-73.89300558864396, 40.6233564685936], [-73.89351878316701, 40.62335269284893], [-73.89548467972035, 40.62248556837461], [-73.91446070941022, 40.630994831304506], [-73.9160607998865, 40.63203405032428], [-73.91681827064264, 40.631976600398325], [-73.91748399208987, 40.63146419654431], [-73.91741117074028, 40.6310928239245], [-73.91668694191122, 40.630737383271736], [-73.91659169782925, 40.63045185797316], [-73.90396106711263, 40.62483361555431], [-73.90386678862846, 40.624968848441], [-73.90546206137262, 40.625774819683585], [-73.90532958044659, 40.62586495608457], [-73.90254656112609, 40.62444423916971], [-73.90327045944025, 40.624484183941135], [-73.90269333271978, 40.624213334873424], [-73.90283262223251, 40.62405099444965], [-73.90241543050305, 40.62446290725021], [-73.90228707932276, 40.62440985393046], [-73.90264355554703, 40.62392468930741], [-73.90291619574107, 40.623954531256615], [-73.90286570484804, 40.62364915083177], [-73.90222543772995, 40.62358193564791], [-73.90186730493389, 40.622962444596396], [-73.90104961549186, 40.62270803048742], [-73.9005253229122, 40.6216815673833], [-73.898117675681, 40.621851561623934], [-73.89647475412373, 40.62142824659174], [-73.8956138850193, 40.619801287150835], [-73.89561044677656, 40.619350533384655], [-73.89664335225311, 40.61734771264502], [-73.89646002707876, 40.616129874393245], [-73.8961705245914, 40.61600118370384], [-73.89573445152966, 40.614887747120285], [-73.89602881667842, 40.614804600052196], [-73.89586112894187, 40.61451813749493], [-73.89427581408074, 40.6138826437509], [-73.89249926249686, 40.61379231168137], [-73.8913402845188, 40.61325620690076], [-73.89095414564684, 40.612834047317264], [-73.8914143047419, 40.612125447699675], [-73.893932400722, 40.61153659672436], [-73.89396385060904, 40.61121422258095], [-73.89354938853043, 40.61100089763662], [-73.89189389086525, 40.611534670747474], [-73.89099709323193, 40.6120524524164], [-73.8910779463262, 40.61227686186869], [-73.89033390698192, 40.61201147372946], [-73.8896963184647, 40.61145355959244], [-73.8903021138949, 40.61031765686272], [-73.89194461446813, 40.60910225214849], [-73.89176940682312, 40.609519268959424], [-73.89226735458972, 40.609165273146864], [-73.89242327207616, 40.608558243241475], [-73.89217035937482, 40.60854472135748], [-73.89272944999252, 40.60722719231666], [-73.89334621420018, 40.606743446234844], [-73.89486168368417, 40.606404763206], [-73.89591344424802, 40.605844711276646], [-73.89833878117862, 40.605303659285575], [-73.9001357604735, 40.605603335089356], [-73.9010994890884, 40.6070677723319], [-73.90077753255865, 40.60754349148589], [-73.90027950007607, 40.61007401017643], [-73.90140646036211, 40.6110880438779], [-73.90136619823116, 40.61170184064235], [-73.90248711043357, 40.61186185849189], [-73.90119253465448, 40.610563817546776], [-73.90132962659406, 40.61048104310347], [-73.90265077946786, 40.611780621164364], [-73.90236032096212, 40.61198041218273], [-73.90271854260655, 40.61182602529611], [-73.903043928125, 40.61209521498743], [-73.90242274717579, 40.61203356000491], [-73.90587105277373, 40.61506331397744], [-73.90573455901243, 40.61488297394396], [-73.90603328924865, 40.6149533892197], [-73.9058793762093, 40.61507746141157], [-73.90696283645076, 40.61611401757899], [-73.90717291149848, 40.61600987533858], [-73.90673848666407, 40.61629591999029], [-73.90725685564988, 40.616087581879555], [-73.90708346968268, 40.616221367525974], [-73.90744255412072, 40.6162585357008], [-73.90710595399025, 40.61660986021443], [-73.90752735132169, 40.61634443254908], [-73.907241693827, 40.61655150188776], [-73.90767882862006, 40.61669544000823], [-73.90761659104572, 40.6168964671281], [-73.90879088017647, 40.61743639672159], [-73.9086333391297, 40.61716785490955], [-73.9088369111078, 40.61731164662784], [-73.90907145153955, 40.61716043833202], [-73.90835403214679, 40.61653099896171], [-73.90879420819165, 40.61687295732481], [-73.9091385318665, 40.61653162172924], [-73.90797306390519, 40.61573684406136], [-73.908156638516, 40.61560112405172], [-73.9091767510533, 40.616521947482994], [-73.90895706128725, 40.61699148481951], [-73.90964406040362, 40.616575371499685], [-73.90959740910344, 40.616392669799524], [-73.90861634317346, 40.61549276647393], [-73.90777596193662, 40.615243146256574], [-73.90535845077167, 40.61304033926633], [-73.90421569492383, 40.61235657203096], [-73.90428600433313, 40.61201678103506], [-73.90350980782242, 40.61140649037277], [-73.90331047012505, 40.61154716386387], [-73.90349407447779, 40.61138900874285], [-73.90313578707097, 40.6109675376547], [-73.90274504537491, 40.61093146873161], [-73.9022586003223, 40.61042277260067], [-73.90164211790089, 40.60576336073906], [-73.90524300992104, 40.60491009032456], [-73.90597461177859, 40.60638402870451], [-73.90809821909201, 40.60627863560973], [-73.90863959535432, 40.606658722048024], [-73.9093380498315, 40.60647760302492], [-73.9098515484547, 40.60599972217789], [-73.90885691315674, 40.60506007379728], [-73.90832536835174, 40.60407337391878], [-73.91092270021181, 40.603505476100864], [-73.91365119759601, 40.60398251383713], [-73.91673556486138, 40.60681456205294], [-73.91632230017527, 40.608675662669185], [-73.9167839443282, 40.60877388388979], [-73.91657073983363, 40.60942354004872], [-73.91683981118769, 40.6087600147207], [-73.91650924535932, 40.6086297540902], [-73.91688964587316, 40.6087100136871], [-73.91682803243759, 40.608906057366895], [-73.91708838503315, 40.60882085489872], [-73.91681964529643, 40.60893138638277], [-73.91679953090689, 40.60949419223125], [-73.91656604065827, 40.60943782267791], [-73.9161647503773, 40.610515575076306], [-73.91449542205983, 40.61165322366504], [-73.91493418790435, 40.61395815505514], [-73.9138605306075, 40.61464226856848], [-73.91422238665031, 40.61493245673728], [-73.91642099003498, 40.61356935469287], [-73.91591452110684, 40.61384537631253], [-73.91572538303375, 40.61361803080386], [-73.91576807356566, 40.61354033333597], [-73.91597173175404, 40.61380783536682], [-73.91624768959598, 40.61362610079139], [-73.91574585230337, 40.61338486020063], [-73.91596572500269, 40.61323639646912], [-73.91626452766656, 40.61360561270428], [-73.9163958674589, 40.61344683403489], [-73.91587086536366, 40.612910037390705], [-73.91662804371157, 40.61344358926565], [-73.91573181927134, 40.61183084451398], [-73.91811036679013, 40.610208394058326], [-73.91773185483925, 40.60978253820185], [-73.91786638626964, 40.609327233801], [-73.91767870757339, 40.60966286444646], [-73.91796270083074, 40.60878593712052], [-73.91787400308758, 40.609311327669005], [-73.91802964459809, 40.6088466969416], [-73.91855666120595, 40.608498309043554], [-73.91800500501134, 40.608149779017396], [-73.91818728590098, 40.60802458091091], [-73.91857357570953, 40.608487946287504], [-73.91900737147328, 40.60826725497127], [-73.9181381488997, 40.607645386907826], [-73.91836246737638, 40.6075013694189], [-73.91902310765312, 40.608256868199625], [-73.91935398484053, 40.60804292279049], [-73.91825269092955, 40.60722935064075], [-73.91850300413921, 40.6070712360272], [-73.91937100429858, 40.608032641744636], [-73.91952209796015, 40.607738797435], [-73.91442813462284, 40.60286391956343], [-73.91389434799362, 40.602703578271445], [-73.91382020162828, 40.602888180050265], [-73.91368718510043, 40.60285042101282], [-73.91385524392098, 40.60269025150694], [-73.91364075667403, 40.60252418170445], [-73.91332700399028, 40.60276377777001], [-73.91347072649008, 40.60291169069015], [-73.91329651030479, 40.60276561467811], [-73.91366089338922, 40.60246891002761], [-73.9134982641367, 40.60236697556537], [-73.91301723241867, 40.60275424871779], [-73.91347511544238, 40.60234929587355], [-73.9131165873372, 40.60222025592899], [-73.91270696033519, 40.60269470998651], [-73.91305994409446, 40.60220621016685], [-73.91158427689338, 40.602135488403555], [-73.91157836556712, 40.602217871191336], [-73.91230939977284, 40.60227508447811], [-73.91254170182432, 40.6023644399556], [-73.91165189230664, 40.60227825784447], [-73.91154411182987, 40.6024393231041], [-73.91261098676532, 40.602532006594046], [-73.91257290407599, 40.602683299532295], [-73.91086536585779, 40.60249048328863], [-73.91087683378198, 40.602342354836736], [-73.91151957194401, 40.602396868569556], [-73.91154234369176, 40.602224540785826], [-73.91092886882552, 40.60220894310263], [-73.91093999639916, 40.60212847422265], [-73.91155529140805, 40.602155464729954], [-73.91075830846505, 40.60202750098357], [-73.91075123972259, 40.60243729986272], [-73.90903689530533, 40.602677343220336], [-73.90901848567081, 40.602524827669406], [-73.91071154457035, 40.60241949317847], [-73.91070633053954, 40.60214451526551], [-73.90940934304595, 40.6021907662581], [-73.91073123013267, 40.602021376027814], [-73.90984702893728, 40.60203960908956], [-73.90904083221544, 40.60162520588617], [-73.90784279095395, 40.602269740771916], [-73.90429966678126, 40.602670772321055], [-73.90372774498887, 40.60241508436924], [-73.90192868283417, 40.60318272162344], [-73.9004195899776, 40.60324239907364], [-73.89932620712385, 40.603550746275104], [-73.89833044657819, 40.60320776856818], [-73.89776531129958, 40.60330506660111], [-73.89562281394231, 40.60300891159018], [-73.89497375492749, 40.60321483337273], [-73.8940634207042, 40.603086155664236], [-73.89351580254059, 40.603386457996365], [-73.89241272524174, 40.60329895310978], [-73.89135659455124, 40.60351788322943], [-73.89097867442402, 40.60391656317228], [-73.8890994986371, 40.604510116955204], [-73.88892110231124, 40.6047795189196], [-73.88773089704644, 40.60526827057827], [-73.88477565552678, 40.605141388609894], [-73.88396434882077, 40.60554914042659], [-73.88271777210468, 40.60417883717953], [-73.8833636794474, 40.60287745809502], [-73.88180618352285, 40.599365277862795], [-73.88164249993812, 40.597796018446196], [-73.88084453143227, 40.59634292255506], [-73.88079981897936, 40.59478884314193], [-73.87990713259003, 40.592047994322606], [-73.87941617176989, 40.59213200579823], [-73.87989902851933, 40.59202063885227], [-73.87971492228003, 40.5913988918292], [-73.87935729205896, 40.59084373529768], [-73.8789689043874, 40.59089677311776], [-73.87892411931155, 40.59071278028167], [-73.8792932637739, 40.59066143136823], [-73.87878760363468, 40.58803046086917], [-73.87671672482074, 40.584914430200975], [-73.87970231664, 40.58013510069835], [-73.8817429002219, 40.579591700262206], [-73.88174676983894, 40.57915880721265], [-73.88306666157457, 40.579041151102736], [-73.88390577992448, 40.578629212044376], [-73.88613810599556, 40.57813439866285], [-73.88871425153775, 40.578135915213565], [-73.8897553358589, 40.577788416514025], [-73.89118413767294, 40.577872112238005], [-73.89454772078223, 40.57683950972912], [-73.89552381007171, 40.576769818436595], [-73.8965125431068, 40.57900707457313], [-73.89674637030198, 40.58318998480341], [-73.89727278198757, 40.584320807082705], [-73.89816156619817, 40.585350490558426], [-73.89793963862803, 40.58588067187524], [-73.89826305550277, 40.58678539535253], [-73.89891599908806, 40.58753743606124], [-73.89973341305182, 40.58716521211008], [-73.8990302609673, 40.58767009751507], [-73.89981060525028, 40.588014457055664], [-73.89990604460486, 40.58779408924844], [-73.89994345059314, 40.5879834165258], [-73.90000932514985, 40.58781834881202], [-73.90121791883179, 40.587383340023365], [-73.89995234070638, 40.58804159869705], [-73.90071546045655, 40.58808399538854], [-73.90209953736364, 40.587356541176575], [-73.90285597557546, 40.587366270666955], [-73.90426874446496, 40.58691226312663], [-73.90587919851592, 40.587497876304454], [-73.90588718425924, 40.58787737291454], [-73.90651874670951, 40.5880254736179], [-73.90712502406386, 40.58752970296251], [-73.90649351281371, 40.58734467491767], [-73.90643924223777, 40.58703385637492], [-73.90810885035972, 40.58679650530171], [-73.91088554171192, 40.58594764500465], [-73.91152755135803, 40.58610580898349], [-73.91197278431743, 40.586697357471515], [-73.91175050673016, 40.58726789732156], [-73.91205464083481, 40.588737595232104], [-73.91143730796836, 40.59108037155613], [-73.91194703970301, 40.59254807928556], [-73.9120288463879, 40.59436759578283], [-73.91250801211297, 40.595397638779794], [-73.91311695895168, 40.59587248245137], [-73.91355033858733, 40.596722296720564], [-73.91506580774394, 40.59799807835896], [-73.91511056962428, 40.59859121538846], [-73.91573791652706, 40.59920584154708], [-73.9170108791587, 40.5995872493001], [-73.91865355382942, 40.60068583469433], [-73.91987171530226, 40.60085170784874], [-73.92170503324711, 40.6017443703557], [-73.92215545194813, 40.60169973725955], [-73.92296824879156, 40.601105718413265], [-73.92325633485436, 40.60036050632947], [-73.9239399708853, 40.599714349377], [-73.92465983515928, 40.5997259899395], [-73.92799805103411, 40.601927872124946], [-73.9285250694257, 40.60221187122159], [-73.92883624643032, 40.60212182060686], [-73.92888251643565, 40.60242727164958], [-73.92954149151946, 40.60274908136814], [-73.92964131626847, 40.60308652745365], [-73.92908751421993, 40.603654194301164], [-73.92916612466524, 40.603866022902686], [-73.92950334816221, 40.603926643559596], [-73.92999616208807, 40.60364364170626], [-73.9301339385194, 40.60399812587021], [-73.93056652946683, 40.603736228001104], [-73.93100336143117, 40.603935804164145], [-73.93212319646139, 40.60270973924894], [-73.93176200342052, 40.602596384217996], [-73.93108919528453, 40.60172225826431], [-73.93030680986907, 40.60117167464105], [-73.92964936173398, 40.60120445757898], [-73.9292269825969, 40.60048810901882], [-73.9286525041383, 40.60038559182894], [-73.92860303341337, 40.600614505818555], [-73.9274210074887, 40.600056570863536], [-73.92290185533977, 40.59644756381653], [-73.92177536324354, 40.595030926201304], [-73.9203414206208, 40.59473049560774], [-73.91818165129398, 40.59310708336845], [-73.91641150528014, 40.59114162761566], [-73.91487761529368, 40.590313620486185], [-73.91506743494124, 40.590080542702324], [-73.91456764109033, 40.58959989532728], [-73.91454418316987, 40.58889743141657], [-73.91725482169704, 40.5874778795178], [-73.91805568585308, 40.58643654567648], [-73.91917204255653, 40.58595508787449], [-73.91960004700488, 40.58616493297183], [-73.9201711734749, 40.58593990878514], [-73.92040498231103, 40.58608977964587], [-73.92081091615161, 40.585984137139235], [-73.9206698086596, 40.58577362651983], [-73.92073901660137, 40.58573009669374], [-73.92092948644265, 40.585873306272596], [-73.92090603836387, 40.585590581533786], [-73.92101218266104, 40.58575359585841], [-73.9218995512202, 40.585693175673676], [-73.92235337377299, 40.58602393656254], [-73.92492960627713, 40.585667584319125], [-73.92720774188903, 40.587722759186924], [-73.92765146660287, 40.58745909654162], [-73.9272493769958, 40.587749691781305], [-73.92735680928894, 40.588022176276354], [-73.9279162574111, 40.587548735889605], [-73.92807906817859, 40.58770246052338], [-73.9274045224574, 40.58820644519787], [-73.9279017574099, 40.587953409280125], [-73.92802185276423, 40.58806875635108], [-73.92745467790994, 40.588299564074234], [-73.92776143639114, 40.58866060975901], [-73.92395294850094, 40.59113985052524], [-73.9241996339266, 40.5913642801889], [-73.92460129938564, 40.59119932500334], [-73.92815905123096, 40.5888252495902], [-73.92836271266806, 40.588969016092015], [-73.92841885809032, 40.588934035098326], [-73.92821616994858, 40.58878391290409], [-73.92863061415636, 40.58857263642085], [-73.92875761553675, 40.58867429700595], [-73.92837745971516, 40.588981323616224], [-73.92862026499199, 40.58912043629638], [-73.92895102993232, 40.58890964240971], [-73.92866593842903, 40.58914326406668], [-73.92921964005188, 40.58881334544411], [-73.92875703499419, 40.589152966925184], [-73.93003427450552, 40.589425996500914], [-73.93057705718256, 40.589890641203354], [-73.93010325988766, 40.58960610507159], [-73.93065213846435, 40.590290979492465], [-73.93046013661879, 40.591001219021095], [-73.93069641658052, 40.59101854140038], [-73.93044960172925, 40.59107969192933], [-73.93072578729826, 40.59108986026531], [-73.93037197719026, 40.591211400876105], [-73.93060444306958, 40.591186176221164], [-73.93040541662207, 40.59173094214314], [-73.93060580656588, 40.591541362508636], [-73.930364436033, 40.592480093513736], [-73.93036221568062, 40.59231177060923], [-73.93017616634198, 40.59240622097058], [-73.93035364458575, 40.59255495029419], [-73.93018970658281, 40.592454118288984], [-73.93005244539405, 40.59300024352093], [-73.92989066964314, 40.59287079187085], [-73.92971282036602, 40.59312004824824], [-73.93004238419589, 40.593060879318244], [-73.92995591909573, 40.5933085723268], [-73.92974147322654, 40.593143922445755], [-73.92982317336796, 40.59337269610159], [-73.93003922396669, 40.59334843088399], [-73.92978081742058, 40.593436741471805], [-73.92996116581374, 40.59400571081687], [-73.93021519470315, 40.593972944184706], [-73.93008159453139, 40.59359546287143], [-73.93022756280041, 40.59393062089706], [-73.93052488661871, 40.59388024070099], [-73.9305467907066, 40.594199304588315], [-73.9302993440439, 40.59393805451045], [-73.93004011947694, 40.59410488733064], [-73.93043246129612, 40.59440267495008], [-73.93076122839564, 40.59438190052099], [-73.9306230568456, 40.59420449766007], [-73.93083446436536, 40.59441357130439], [-73.93066303510112, 40.59446395093298], [-73.93083206587451, 40.59443065566938], [-73.93093516114608, 40.5944599498612], [-73.93122055938909, 40.59418331726291], [-73.93095463426401, 40.59446594520637], [-73.9313668482681, 40.59452917209466], [-73.93176387399963, 40.59428409926562], [-73.93161313737215, 40.59450351841456], [-73.93136806343372, 40.59454645078489], [-73.93084626727283, 40.59445152529737], [-73.93078131379619, 40.59449895527697], [-73.93230826395404, 40.5949163404873], [-73.93256343839334, 40.594763472297196], [-73.93260420556855, 40.59492954452515], [-73.9328265485289, 40.594803744969326], [-73.9326765397575, 40.59423641796778], [-73.93113956057566, 40.592008928747646], [-73.93139997986388, 40.59180489056233], [-73.9310098934316, 40.59193104248112], [-73.93135300954737, 40.59179119396205], [-73.93142565439746, 40.59160418414756], [-73.9310704045976, 40.59172881226972], [-73.9310760222574, 40.59159759276832], [-73.93130541636037, 40.591360358668496], [-73.9312459249482, 40.59163697699604], [-73.93142252650108, 40.59158857039071], [-73.93155939441567, 40.59129296457355], [-73.93121294858955, 40.58953130811946], [-73.93068568059813, 40.58882195422697], [-73.93009138279221, 40.58898886237911], [-73.93065021927525, 40.58866986977089], [-73.9303996759751, 40.58846552041546], [-73.92972846380187, 40.58861391582992], [-73.93038545256267, 40.588441616079066], [-73.92972232646733, 40.587560082903984], [-73.93134917824065, 40.58732816722968], [-73.93125191267126, 40.586849825214436], [-73.92857393936468, 40.587061502371604], [-73.92808232971589, 40.58669769393781], [-73.92814969379519, 40.58617810776313], [-73.92791933785848, 40.58613580604631], [-73.92827672497617, 40.58610694357028], [-73.92815700695617, 40.58586452306625], [-73.92736955785888, 40.58600658531652], [-73.927586418299, 40.58625413533253], [-73.92751621995613, 40.58639826671563], [-73.92730433823881, 40.58586592842008], [-73.92549354358309, 40.585019292003345], [-73.9263454207472, 40.58527615475333], [-73.92529083981677, 40.58464073616742], [-73.92344966315008, 40.584817853965575], [-73.92019563053438, 40.58463453736744], [-73.91566114963521, 40.586223454508385], [-73.9134996167748, 40.58609582566915], [-73.91258587400645, 40.58556674463826], [-73.9123679028881, 40.584526174247436], [-73.91271079739758, 40.58369994166942], [-73.91246022036074, 40.58335175392392], [-73.91304660950463, 40.58300754849576], [-73.91305439371878, 40.58318671645352], [-73.91463166275375, 40.58275763440296], [-73.91498685680604, 40.58315284032873], [-73.91614199473283, 40.58285743763405], [-73.91656345737121, 40.58315201369992], [-73.91729861410722, 40.583190801749694], [-73.91681104385314, 40.582762048557264], [-73.91632640568037, 40.58281887042573], [-73.91596151080898, 40.58243575834043], [-73.91541290900813, 40.58236407379888], [-73.91438667636007, 40.58238315804952], [-73.91417322816002, 40.58280136166268], [-73.91372600624896, 40.582728893874446], [-73.91335911446285, 40.582954021014515], [-73.91296905167869, 40.58297280262414], [-73.9129938424696, 40.58270674016947], [-73.9128537958871, 40.583012267298976], [-73.91191058860355, 40.58296337725277], [-73.91128635983848, 40.58231358629258], [-73.91154161171623, 40.58179402715589], [-73.91505520170756, 40.581543607722786], [-73.92221271877764, 40.58325133291661], [-73.92443604094976, 40.5835582034444], [-73.92963248074902, 40.58339880862564], [-73.93059667221604, 40.583196827782935], [-73.93088770576708, 40.58294077620335], [-73.93074069433477, 40.58275894769534], [-73.93117951167201, 40.58271571235632], [-73.93171422041416, 40.58281177884254], [-73.93194431270395, 40.5831089294251], [-73.93192811186756, 40.58286976893547], [-73.93237695742826, 40.58291850997829], [-73.93201379961101, 40.58292598224765], [-73.93201839411536, 40.58311112461871], [-73.93259877057646, 40.58291926741211], [-73.93420971486967, 40.58297979889361], [-73.93569071639767, 40.583275093189314], [-73.93582439275778, 40.58302111555224], [-73.93576657211088, 40.58327750984987], [-73.93613233590129, 40.58331447453871], [-73.93628723189404, 40.58300090355849], [-73.9360966869136, 40.58294874583306], [-73.93656607029148, 40.582957648786625], [-73.93630031206764, 40.58300295567568], [-73.93657592440783, 40.583240505590155], [-73.93697427463762, 40.58323032641149], [-73.93698767831037, 40.583016272673994], [-73.93663307422459, 40.582972212406865], [-73.93705921677471, 40.58297798232031], [-73.93705290451031, 40.58308469947822], [-73.93763269743296, 40.58309626828426], [-73.93702675588725, 40.58312587259951], [-73.93700558408266, 40.58301601947158], [-73.93701481021189, 40.58323327236414], [-73.9371245979845, 40.58334673016441], [-73.93811917695093, 40.58334047899534], [-73.9380942062777, 40.583116810717165], [-73.93855276236508, 40.58333798499146], [-73.93862755765117, 40.58306702179765], [-73.93929640384748, 40.583167268735146], [-73.93930153084891, 40.58333321505465], [-73.9398253885057, 40.58333144625066], [-73.93982883984624, 40.583170535692375], [-73.93985851576804, 40.58333133409561], [-73.94057745828908, 40.58332822557368], [-73.94056608947726, 40.583087368810865], [-73.94010903682927, 40.58307506918447], [-73.94067657802275, 40.583065805567514], [-73.94058872809889, 40.58320694795921], [-73.94070019514754, 40.58332762473228], [-73.94091645490738, 40.583302406531516], [-73.94073840604631, 40.583075612817744], [-73.94102517918685, 40.58307036190638], [-73.94093422085356, 40.58330230643688], [-73.94115699675488, 40.58329922746826], [-73.94109844565489, 40.58309477669993], [-73.94120155728886, 40.58309046520518], [-73.94157408083575, 40.58360755593956], [-73.94255133565295, 40.583514476171025], [-73.94202033352751, 40.58311042378262], [-73.94270167762981, 40.583508797614144], [-73.94304709646005, 40.583492129464425], [-73.94256316190977, 40.58312734751663], [-73.94319506158025, 40.58348966263346], [-73.94354467530924, 40.58347101436128], [-73.94309334781462, 40.58313454521459], [-73.94369153004571, 40.583467754266145], [-73.94406764167105, 40.58347200911059], [-73.9437651164146, 40.58314471883178], [-73.94461828666236, 40.583496626087864], [-73.94432059818078, 40.58315942487781], [-73.94517477781615, 40.583521378244384], [-73.94484512940873, 40.5831642348437], [-73.94534992503475, 40.58352905211058], [-73.94573014930431, 40.58354487506153], [-73.94526670124625, 40.58318251856743], [-73.94628634691914, 40.58356868520553], [-73.94579941258891, 40.583194640230474], [-73.9464342905935, 40.58356315259262], [-73.94678945068779, 40.58355046761433], [-73.94631603648713, 40.58320694071344], [-73.94691796276105, 40.583546033249895], [-73.94726832705268, 40.58353318207206], [-73.94682202947196, 40.583191191871244], [-73.94746867861319, 40.58352819536258], [-73.9534932204868, 40.58298819826115], [-73.95330135995677, 40.58200274963367], [-73.949696724994, 40.58231940106685], [-73.94274062592515, 40.58099558955944], [-73.93258006568037, 40.58126474120362], [-73.93106288335704, 40.576163100220924], [-73.93150256744059, 40.57566050512696], [-73.9348609283043, 40.57552779666833], [-73.9348935645524, 40.57522164599782], [-73.93507861830436, 40.57550946601037], [-73.93647107586591, 40.575860496356555], [-73.93672041869901, 40.575418300712016], [-73.93683116226046, 40.57556001684305], [-73.94250907828427, 40.575373554531936], [-73.94255712254062, 40.5755643312738], [-73.944393088759, 40.575788813277015], [-73.94463319129606, 40.57569119674729], [-73.94460054017095, 40.57523546944983], [-73.94474441660772, 40.575513727940084], [-73.94572352013327, 40.57555943973785], [-73.94618237593534, 40.57529883619632], [-73.94592390235839, 40.575115432309545], [-73.95257775363744, 40.574204123507165], [-73.95374257958349, 40.574297232242095], [-73.95408333385906, 40.574073272183455], [-73.95413360803454, 40.57433326749536], [-73.95569484044358, 40.57432699626336], [-73.95634506681625, 40.57420722198968], [-73.95634533454574, 40.573797578794625], [-73.9565675090591, 40.57417077849315], [-73.9584347635904, 40.574088815046466], [-73.9589663415274, 40.57394726876865], [-73.9589871897258, 40.57343065522954], [-73.95909642194562, 40.573863820433445], [-73.95982864911241, 40.57392930963587], [-73.96720294103956, 40.57332631739764], [-73.96742628474543, 40.57298510896942], [-73.96753149753702, 40.573190732384816], [-73.96818506098592, 40.57317786854635], [-73.96945126202374, 40.57285728036337], [-73.96924621215567, 40.572304075654735], [-73.96975580336883, 40.57284692469054], [-73.97132989626341, 40.57264381038423], [-73.97118306355719, 40.57194189908437], [-73.9716070645239, 40.572628223920034], [-73.97293476162717, 40.57247460214548], [-73.9733450222981, 40.572321214006315], [-73.97324990115143, 40.57162668610919], [-73.97344805325683, 40.57227210696954], [-73.975285649671, 40.572049832668704], [-73.97540564094218, 40.571421040640715], [-73.97567918029264, 40.57195598449751], [-73.97713364145218, 40.57189708671779], [-73.97766384588142, 40.57172938779928], [-73.97767087523825, 40.57117102007926], [-73.97807599798224, 40.571229570128864], [-73.9777153307247, 40.57125191434501], [-73.97780796518913, 40.571756200724806], [-73.97845486511191, 40.5718922042966], [-73.97984694469407, 40.571539319610324], [-73.9794251615826, 40.571221023724156], [-73.97977198326755, 40.57124014633363], [-73.98000799187608, 40.57170880660768], [-73.98204075852516, 40.57148037052266], [-73.98157155423429, 40.57124998842501], [-73.9820266291875, 40.57127615208929], [-73.98217710691097, 40.571560578454694], [-73.98282723201832, 40.57154241357475], [-73.98367270153263, 40.571407057687566], [-73.98340440737677, 40.57016554451096], [-73.98304328883712, 40.57014586098814], [-73.98339168436654, 40.57009468451706], [-73.98336058039285, 40.56952999398433], [-73.9834852186614, 40.57008901506295], [-73.9838394948926, 40.57011246715811], [-73.98348842146684, 40.57015603004669], [-73.98375790448652, 40.5713962272511], [-73.98803716678536, 40.570985108768866], [-73.9886202548146, 40.57089605131434], [-73.98857772038873, 40.570697909505114], [-73.98872145848829, 40.57088369208281], [-73.99026267527438, 40.57070834011743], [-73.99077310323918, 40.57059942234059], [-73.99079264766944, 40.57024864875571], [-73.99086374684873, 40.57060201624256], [-73.99119337523616, 40.57061187496841], [-73.99272854897072, 40.57043378803761], [-73.99298098072167, 40.57019677330935], [-73.9931574188674, 40.570379789439016], [-73.99493763229947, 40.57035467451258], [-73.99518726085736, 40.57002187763331], [-73.99529301203256, 40.570321283216586], [-73.99719493825842, 40.57034864904399], [-73.997369448826, 40.57013730754305], [-73.99846777900159, 40.57049739697318], [-74.00077859539269, 40.5704909982214], [-74.00201167053908, 40.570208758524295], [-74.00208547639734, 40.56958598398511], [-74.0024870773771, 40.571738388872625], [-74.0047994162169, 40.57287885434844], [-74.01115668729264, 40.574166761859004], [-74.01201540191131, 40.57488505247442], [-74.0130271545442, 40.57785089456423], [-74.0123503592923, 40.5792218211566], [-74.01147928537598, 40.58007840702945], [-74.0081203008027, 40.58162226871403], [-74.00604734235812, 40.58198365253341], [-74.00294374157806, 40.5814328355212], [-74.00055986763827, 40.581297429683154], [-73.9996415228003, 40.581316558496255], [-73.99818261219656, 40.58172536373689], [-73.99776464433626, 40.58145433077119], [-73.99771779495471, 40.58070677630618], [-73.99182912790278, 40.57924708092897], [-73.9903620646656, 40.579424580120666], [-73.9889909355634, 40.57883509996902], [-73.98842833769437, 40.57881584211709], [-73.98739064388405, 40.57908698306387], [-73.98669540063, 40.57981490763023], [-73.98702138577706, 40.580022764875466], [-73.98588567394853, 40.581144424564954], [-73.98604509916231, 40.58172068515179], [-73.98694506928186, 40.581136421802235], [-73.98803566212693, 40.579633780413616], [-73.98995504921773, 40.58066166953157], [-73.99163007472379, 40.58107988438205], [-73.9918252957587, 40.581738520302906], [-73.99026244714366, 40.58461914870809], [-73.995471885484, 40.58221005475513], [-73.9960552882052, 40.582128903854326], [-74.00017922859408, 40.583073950245186], [-74.00035951790483, 40.58418644588059], [-73.99808523776014, 40.585364721581676], [-73.99970597099512, 40.585689819858736], [-73.99956511570319, 40.586243920095846], [-73.99814530449004, 40.586531693907325], [-73.99417305638377, 40.58838285782095], [-73.9956605451227, 40.587936207343986], [-73.9940790462178, 40.58869344199072], [-73.99421554608305, 40.58886853048294], [-73.99555247167984, 40.58826483929674], [-73.99509949490815, 40.588592505043984], [-73.99795639739288, 40.587269506365814], [-73.99487677695369, 40.588771746675334], [-73.99534737661217, 40.589331380440164], [-74.00011449538404, 40.586951640902775], [-74.00010886019504, 40.58656072909693], [-74.00037368890935, 40.58647481463014], [-74.00038207115722, 40.58713305734965], [-73.99788311251038, 40.58834343792299], [-73.99867293375561, 40.58919554943725], [-73.99923690396959, 40.58893532826925], [-73.99946446811074, 40.589233269380884], [-73.9983783488211, 40.58977044508873], [-73.99883618014573, 40.589625489542485], [-73.99844387079493, 40.58986039917769], [-73.99877800589586, 40.590314355844654], [-73.99844325936868, 40.59024010549464], [-73.99711168571537, 40.59127797744395], [-73.99718982747926, 40.591606180953484], [-73.99806438267684, 40.59120946473167], [-73.99728269703786, 40.59171481486826], [-73.99754851058402, 40.59191757867319], [-73.99946271244364, 40.59110320712731], [-73.99998735001267, 40.59117294567664], [-74.00023075280212, 40.59147848977513], [-73.99903131441657, 40.592312803447754], [-73.99948304872375, 40.59296919989778], [-73.99838831083619, 40.59353139160649], [-74.00109596784155, 40.59251870899917], [-74.00284295909886, 40.59515359834248], [-74.00411359626966, 40.596450279474034], [-74.00557303710914, 40.59756861231838], [-74.01065533816518, 40.600597005317276], [-74.01472837011984, 40.60206591134276], [-74.0191356390289, 40.60261275450514], [-74.02085657504311, 40.60352213290507], [-74.03005146547684, 40.60475917381214], [-74.03270681479886, 40.6063310660383], [-74.03427280539475, 40.6077174787331], [-74.0348704707392, 40.608582287764214], [-74.03603977777915, 40.60929563900205], [-74.0369554096287, 40.61125601120198], [-74.03902502184346, 40.613158975948416], [-74.04013092584209, 40.614791911168034], [-74.04161740773569, 40.62056271404332], [-74.04189435982956, 40.62431821894157], [-74.04106467060343, 40.63019178315918], [-74.03680662048852, 40.63898422154567], [-74.03876297920756, 40.63958825898071], [-74.03868804690734, 40.639738256029744], [-74.03672484374883, 40.639141190206885], [-74.0357127615073, 40.640640154046686], [-74.03673986629568, 40.6414763654589], [-74.03670307869112, 40.64168561937161], [-74.03407329294261, 40.644313932964096], [-74.03287507230115, 40.64358331538722], [-74.03264128960302, 40.643787312941875], [-74.03229711356379, 40.643581313015154], [-74.03254173795645, 40.643825484352114], [-74.03226870865824, 40.644074379292746], [-74.03189708494338, 40.643889349369935], [-74.03051830863396, 40.645274424706635], [-74.02908090885776, 40.644403596930545], [-74.02915418994532, 40.644581445419725], [-74.0288624112706, 40.6448660242258], [-74.0290865428924, 40.64458300179981], [-74.02850116250606, 40.64417756470284], [-74.02819053049342, 40.64441433070903], [-74.02845721095781, 40.64415605924837], [-74.02820569545008, 40.64401598289046], [-74.0260494840032, 40.646261350326355], [-74.02974078211051, 40.64848602570798], [-74.02938990486598, 40.64880405461149], [-74.02571758804812, 40.646615492291154], [-74.025381492653, 40.646912346226706], [-74.02507111430086, 40.64672561637865], [-74.0241456605057, 40.647615101260044], [-74.0251291195524, 40.64832318145743], [-74.02496792117137, 40.64860596226769], [-74.02553864578044, 40.64978215934825], [-74.02484436363444, 40.65059963805719], [-74.02520581187575, 40.65081846789954], [-74.02541553929463, 40.650618697082685], [-74.02605133196799, 40.65099430074332], [-74.02552971543656, 40.65147855069301], [-74.02491122849018, 40.65110628529091], [-74.0251025719024, 40.650893305577036], [-74.02477160495674, 40.65068770743557], [-74.0242402134753, 40.65113351631357], [-74.02541604028593, 40.65193380685525], [-74.02417752973396, 40.65119177321237], [-74.0235940029519, 40.651315663253925], [-74.0230599104703, 40.650974304134934], [-74.02285141795984, 40.65116919516193], [-74.02536890150519, 40.652721436927436], [-74.02522662972662, 40.65282985695983], [-74.02154138319224, 40.650671622911396], [-74.0212465237341, 40.65083497256451], [-74.02139188210673, 40.65096775798853], [-74.02105230392215, 40.65109828292792], [-74.02233734666834, 40.65191060538178], [-74.02089862870834, 40.65124727521847], [-74.02380703903127, 40.65304472851167], [-74.02359434497556, 40.653216368961935], [-74.02195900090598, 40.652222781970934], [-74.0211867002789, 40.6528398368955], [-74.02320464727141, 40.654096116818046], [-74.0230621908923, 40.654233236292136], [-74.02210195162469, 40.65358795431038], [-74.02162946295498, 40.65364516521623], [-74.02114963484493, 40.65421075521175], [-74.021824797455, 40.654656175785576], [-74.02164486415376, 40.65487898288006], [-74.02047461820185, 40.65421658922733], [-74.01919203025423, 40.6540225984943], [-74.01862238308564, 40.65349134902315], [-74.01811897876486, 40.65388527160802], [-74.02025589052927, 40.655118262881324], [-74.02005182454297, 40.655335948874644], [-74.01787407223816, 40.654061502331025], [-74.01715319581027, 40.6547751043623], [-74.01980081651999, 40.65648721058485], [-74.01726715936587, 40.65519418798668], [-74.01691617851073, 40.655483274957916], [-74.01665047959762, 40.65533879657236], [-74.01639437533777, 40.65562064285096], [-74.01910843803122, 40.65736888430365], [-74.01860569460999, 40.65784587402303], [-74.01585370056816, 40.656213240053006], [-74.01543632269649, 40.65663239675985], [-74.01774232727493, 40.65809891672512], [-74.01768549175469, 40.6584529927614], [-74.01504738221857, 40.65695038669361], [-74.01442130484553, 40.65760802195156], [-74.01745803087904, 40.65945019738692], [-74.01554165389007, 40.66075835547628], [-74.01400428392415, 40.659811963440305], [-74.01366273992603, 40.66002878063705], [-74.01183862056553, 40.658912837274904], [-74.0111075041031, 40.65970627458081], [-74.01402247678024, 40.66152974744024], [-74.01315554938815, 40.66198159772612], [-74.01265358811494, 40.661981654037774], [-74.0085995696829, 40.65952092309843], [-74.00745858163897, 40.66055847621009], [-74.01037201297223, 40.662398879730134], [-74.01046331724494, 40.66264211979024], [-74.00955074142036, 40.663267694130546], [-74.00868371591301, 40.663372012840426], [-74.00616141136321, 40.661845068990665], [-74.00568594756892, 40.6622747403607], [-74.00428358250124, 40.66144489410146], [-74.00414624892214, 40.661561635681494], [-74.00622698247925, 40.66278782786113], [-74.00592360503035, 40.66310825073924], [-74.00380815470885, 40.66190794572834], [-74.00348801100651, 40.662240556128694], [-74.00455498488712, 40.662816372912914], [-74.00473298121777, 40.66249650399685], [-74.00535812864251, 40.662869129731924], [-74.00497157758612, 40.66306821324227], [-74.00519233775087, 40.66320155309678], [-74.00538014413925, 40.662883926955566], [-74.00599748682693, 40.66325861082872], [-74.0056134868175, 40.66345839025495], [-74.00767434594506, 40.66479110926594], [-74.00730516126835, 40.66459759075276], [-74.0071253264674, 40.664915218474476], [-74.00652469600118, 40.664547227160554], [-74.00688215307306, 40.66434037294313], [-74.0066293785957, 40.664187930124655], [-74.00644979980794, 40.66450620679925], [-74.00584157632485, 40.66413802067476], [-74.00620306585375, 40.66393016821066], [-74.0060460851898, 40.66384000563571], [-74.00575781045487, 40.66392275680181], [-74.00584924770611, 40.66450329861985], [-74.0056414075448, 40.664531491393404], [-74.00565025959585, 40.66390033784395], [-74.00362862508567, 40.66273484753478], [-74.00340348595628, 40.66298572609586], [-74.00459238636753, 40.66373519983305], [-74.00432294897378, 40.66405231997547], [-74.00528132177341, 40.664657003524155], [-74.00486193792659, 40.66506482193838], [-74.0011351950966, 40.66290172355269], [-73.99953152609916, 40.66439748593707], [-74.00292463516388, 40.66646231216359], [-74.00224030991377, 40.66679383514537], [-74.00161950021092, 40.66676627917466], [-74.00120611348311, 40.66701810720299], [-74.0014647093271, 40.66716956870775], [-74.00068774868765, 40.66754595189897], [-73.99998149339123, 40.667450274908845], [-73.9990260099839, 40.66844297212715], [-73.99902633264173, 40.66900788840088], [-73.99924049105036, 40.66830628656017], [-73.99907935327975, 40.669038271861766], [-73.99865580691613, 40.6695147955481], [-73.99891160167891, 40.669648578639716], [-73.99855824468392, 40.67133550167012], [-73.99876941058922, 40.671602047105246], [-74.00030337808883, 40.66871689249725], [-74.00105664113185, 40.668945681717425], [-74.00141527103162, 40.66835941434718], [-74.00221506816546, 40.668578637441385], [-74.00289483876949, 40.66734846594956], [-74.00319075274841, 40.66726319981508], [-74.00510227346268, 40.66797564772839], [-74.00586366180684, 40.66799376258587], [-74.00683635581484, 40.66605609592471], [-74.00696399012966, 40.66605139936593], [-74.00475388692328, 40.6707213594478], [-74.00543926529352, 40.67092146823861], [-74.00754821618388, 40.66705174573373], [-74.00779653349625, 40.6671597707774], [-74.00708724287807, 40.66859135803333], [-74.00985411855626, 40.6685236283356], [-74.01154017543331, 40.66508591975684], [-74.0157487288266, 40.66456833629183], [-74.01690267361082, 40.664846602841656], [-74.0178871914939, 40.66585046628554], [-74.01857605010876, 40.67039241387015], [-74.01876336878675, 40.67107587449458], [-74.01933946871777, 40.671624948422796], [-74.01751037086694, 40.671034530984315], [-74.01648665554497, 40.664930508954], [-74.01602551776011, 40.66486304878828], [-74.0159369853455, 40.66547079172164], [-74.01227967872792, 40.66573241415903], [-74.01087664028975, 40.66860161576372], [-74.01035683667315, 40.6686428353887], [-74.01033845947936, 40.66907819544819], [-74.01091024340414, 40.66919049236964], [-74.01087343978188, 40.66971011555857], [-74.01154288031569, 40.66978434275048], [-74.01162527521356, 40.670581028276025], [-74.01424926931875, 40.66972860473733], [-74.0117535050969, 40.67065775707593], [-74.01207831743132, 40.670933615032126], [-74.01261963416783, 40.67084190894062], [-74.01427407257722, 40.67137929867942], [-74.0151998057007, 40.670754027664515], [-74.01387273763245, 40.67188076176063], [-74.01423289452782, 40.67213000051322], [-74.01568625497515, 40.67103883492899], [-74.01297587792189, 40.67332791872115], [-74.01336378218144, 40.673591536934566], [-74.01511918663962, 40.67215699596931], [-74.01632099922307, 40.6729082695639], [-74.01457946720956, 40.67441401707179], [-74.01496392184576, 40.67467763029439], [-74.01816839280801, 40.671939241103864], [-74.0188009477692, 40.6722507648489], [-74.01727138470127, 40.67360864580569], [-74.01775247096367, 40.67404772289265], [-74.0180107732054, 40.67391318105255], [-74.01780187203205, 40.674095441412575], [-74.01817618274674, 40.67446417753944], [-74.01783447572687, 40.675258223014445], [-74.01829802655334, 40.67545917918156], [-74.01838692796325, 40.67509684652108], [-74.01852163355454, 40.67526871258787], [-74.0188851177563, 40.675087765168094], [-74.01841031333086, 40.6755190609859], [-74.01850392106736, 40.67583738597115], [-74.01801753445856, 40.67588437755784], [-74.01791968777765, 40.676514764887216], [-74.01976925613235, 40.67661322491747], [-74.01995197864677, 40.67710301045015], [-74.0190825738633, 40.67713956404773], [-74.01917743946899, 40.67782694900715], [-74.01843040661606, 40.6779083213625], [-74.01841103183176, 40.678407121781184], [-74.01966200306943, 40.67838563895909], [-74.0182702613937, 40.67855421845975], [-74.01857882788785, 40.67898307947257], [-74.01954011560476, 40.678968206289596], [-74.01928128102031, 40.67964814059553], [-74.01520082279144, 40.68197941993083], [-74.01532059798741, 40.68211072878081], [-74.01282000332847, 40.68362241649752], [-74.01213481688791, 40.68290592802527], [-74.01410549647976, 40.68171251937566], [-74.01360863270283, 40.681221946728336], [-74.01387398777992, 40.68100981331907], [-74.01301835422105, 40.68041237401448], [-74.00967108558883, 40.68326872771522], [-74.0107731233938, 40.68435861554108], [-74.01178272201211, 40.68375999549946], [-74.0119325991106, 40.68388774915516], [-74.00798184065677, 40.686275822096086], [-74.00701988682658, 40.686526417696854], [-74.00588224183227, 40.68619576839121], [-74.00297565436566, 40.69042657592092], [-74.00196321992863, 40.690136379460924], [-74.00185304524624, 40.69038798724458], [-74.0009615685494, 40.69012876835028], [-74.00069905841879, 40.690611858419224], [-74.00132562399813, 40.69146310033226], [-74.00196938526082, 40.69184320882026], [-74.00174362045013, 40.69240674970567], [-73.99941302433207, 40.696357676956055], [-73.99947406820607, 40.696704134462166], [-73.99887207210419, 40.69692378457433], [-73.9974989831, 40.69963886932142], [-73.99716054243922, 40.69979281264432], [-73.99724462871697, 40.70014140989724], [-73.99466290343611, 40.70343060855936], [-73.9949954253394, 40.70365056371443], [-73.99456978950887, 40.704376264016666], [-73.99212703535068, 40.7046896420337], [-73.99186159189317, 40.70408664210456], [-73.99094755350794, 40.704032442139386], [-73.99022721196013, 40.70493404448725], [-73.98830332208541, 40.704540468955216], [-73.98828999111286, 40.7050706589978], [-73.98795676491503, 40.70513421741267], [-73.98687252217192, 40.70515727744365], [-73.98652973012088, 40.70497909917395], [-73.98643429826667, 40.70534860741974], [-73.98343806221908, 40.70564409484797], [-73.98336819878104, 40.70546106507666], [-73.98092510311987, 40.70536925520069], [-73.98090864629846, 40.7059079438121], [-73.97955918553285, 40.705743615250135], [-73.97905049904112, 40.705966963591806], [-73.9792433349359, 40.70555119637772], [-73.97896355081068, 40.70550219650449], [-73.97881909040053, 40.70586246758205], [-73.97892765823747, 40.70549619916926], [-73.97873829486635, 40.70546306467228], [-73.97863906658571, 40.705830648221955], [-73.97868440584472, 40.70545417710807], [-73.97839230543768, 40.70597068231096], [-73.97885303360727, 40.70606553478218], [-73.97834474852871, 40.70599996498776], [-73.97853198820691, 40.704876523429824], [-73.97802067326656, 40.70429096645632], [-73.97721196339239, 40.70421392662442], [-73.97751215494964, 40.70319675266363], [-73.97713562625398, 40.70300558140269], [-73.97623864768488, 40.70477564419089], [-73.97596096344817, 40.70471550694328], [-73.97692749188352, 40.70279782040056], [-73.97615937292022, 40.70217128035703], [-73.97553456489742, 40.70304280880587], [-73.97532987393983, 40.70295192433844], [-73.97600587845464, 40.70194613327937], [-73.9745502338837, 40.7015903438024], [-73.9757175186582, 40.69957091269143], [-73.97535997932667, 40.69958051884196], [-73.9741151399254, 40.701305270917054], [-73.97292642848618, 40.70029455342789], [-73.97239201397458, 40.700166322752416], [-73.973757007132, 40.701534138881996], [-73.97318676670898, 40.701669803673845], [-73.97113824583208, 40.69991789325827], [-73.97078200587988, 40.69997866301141], [-73.9733245610394, 40.70241265601089], [-73.97283512788735, 40.70272874074415], [-73.96982556559531, 40.7002450703682], [-73.96948655218107, 40.700519060755745], [-73.97283889974975, 40.70334642809948], [-73.97266938433755, 40.70350138043132], [-73.96924539207357, 40.701364741883694], [-73.96898517428966, 40.70174708878673], [-73.9723124627611, 40.70384453953878], [-73.97215798824992, 40.70397020762626], [-73.97110342298832, 40.70345973583993], [-73.97101963118536, 40.70381561318395], [-73.9746556960806, 40.70607426249181], [-73.97439083502323, 40.70632577414488], [-73.97339230539548, 40.705733211641466], [-73.97254880057797, 40.70620449050652], [-73.97462966604422, 40.70768106076842], [-73.97423616968535, 40.70802438612255], [-73.97109655489108, 40.70585005655838], [-73.97105692306182, 40.706946433816846], [-73.97275756998357, 40.70883127905037], [-73.97232032139803, 40.70908288380696], [-73.97026218532285, 40.706887504284225], [-73.97048881848579, 40.70540066562207], [-73.9701689450992, 40.705361853407425], [-73.970180755728, 40.704929270567035], [-73.96751516691066, 40.703437357380864], [-73.9674767449303, 40.703949870956436], [-73.96929693837713, 40.705088331229874], [-73.96929296348496, 40.70709333109575], [-73.9698486482356, 40.70800304118529], [-73.96994196698674, 40.70930205335415], [-73.96960541330354, 40.710270843874916], [-73.97006935142757, 40.710454135753636], [-73.9696618647883, 40.71049972413723], [-73.96976877618125, 40.710788321571535], [-73.96937430020651, 40.71102066606319], [-73.96990773093626, 40.71126812183899], [-73.96923492997324, 40.711240541941166], [-73.96887248523575, 40.712578743436566], [-73.96844231934433, 40.71293843489033], [-73.96884924904168, 40.713212545960666], [-73.96725113740355, 40.716986666609294], [-73.96631330191009, 40.71831654141009], [-73.96511950416225, 40.71922689399758], [-73.96539429900726, 40.719581518035746], [-73.96527752084597, 40.72011826363735], [-73.96503278328099, 40.720377069475106], [-73.96447946289155, 40.720036188255975], [-73.96439735661679, 40.72044183392412], [-73.9627566542267, 40.72239901512627], [-73.96165984301349, 40.72486045446323], [-73.96211461566836, 40.7251480633991], [-73.9619023964313, 40.7253205008113], [-73.96153679358694, 40.725108918852264], [-73.96116366368389, 40.725264606333695], [-73.9583307822691, 40.724411700766346], [-73.95794183489497, 40.724649202700085], [-73.95795096213239, 40.72503643916857], [-73.95842611843923, 40.72540053583232], [-73.96012497133243, 40.725319636637074], [-73.96028544944211, 40.725948122413136], [-73.96161518835936, 40.72586556307424], [-73.9610168813666, 40.72870444010192], [-73.96142843697933, 40.73094639261039], [-73.96226340423296, 40.73291555162368], [-73.96228520236927, 40.734047695876846], [-73.95982931147842, 40.73706090063335], [-73.95837507902785, 40.73809694936885], [-73.95693002865117, 40.7388870730717], [-73.95439555417087, 40.7391147725227]]]]}}, {"type": "Feature", "properties": {"BoroName": "Queens"}, "geometry": {"type": "MultiPolygon", "coordinates": [[[[-73.82644661516991, 40.590527441938455], [-73.82690355436803, 40.58992883848129], [-73.82737385766713, 40.58976440102508], [-73.82761177770594, 40.58998279109975], [-73.82768905925707, 40.590568540519], [-73.82705426208373, 40.590978416960645], [-73.82728545195897, 40.5914787635647], [-73.82553611206943, 40.591996388079245], [-73.8255764519756, 40.591739578883654], [-73.82637216151079, 40.5913934154054], [-73.82644661516991, 40.590527441938455]]], [[[-73.83193277255799, 40.59344779692433], [-73.83116882644683, 40.59148814430942], [-73.83357376062695, 40.58903517184932], [-73.83458673782742, 40.58912216496806], [-73.83519078392412, 40.5893817467404], [-73.83687949969914, 40.58952025650815], [-73.83806756112828, 40.590301872106664], [-73.8381470057435, 40.590733759855375], [-73.83880085144699, 40.59119776537043], [-73.83839527303603, 40.590391752547504], [-73.84062613669406, 40.59153455504989], [-73.84050451464873, 40.59120665175233], [-73.84179835294992, 40.59200759615258], [-73.84237933115936, 40.592478318069205], [-73.8427900062687, 40.593327379146196], [-73.84336470419548, 40.593470143869006], [-73.84350065697967, 40.59508410975606], [-73.84056972163728, 40.59730070279434], [-73.83745833480236, 40.596862867843164], [-73.83476026614483, 40.59394429450176], [-73.83400002030305, 40.59361971265106], [-73.83193277255799, 40.59344779692433]]], [[[-73.80997059406056, 40.600067537380404], [-73.81048808108193, 40.598779311237124], [-73.8113156054143, 40.59854983158485], [-73.81157550345522, 40.59814119925975], [-73.81222073287758, 40.598553908477996], [-73.81501471568563, 40.60205629106122], [-73.81484063710234, 40.60399924090665], [-73.8142869369858, 40.60445566622177], [-73.81320862394746, 40.60435543908566], [-73.81266625784592, 40.6038889197751], [-73.81016958819596, 40.60279976304261], [-73.80986333857315, 40.60189578950549], [-73.80997059406056, 40.600067537380404]]], [[[-73.8005283665261, 40.60708862704324], [-73.79792736498872, 40.6065794048858], [-73.79840918707966, 40.606009968760645], [-73.79826575424987, 40.605490196096596], [-73.79867707846408, 40.60570368296187], [-73.79958079285763, 40.60531174870978], [-73.80005328099905, 40.60546543310207], [-73.80010928078991, 40.6053188663213], [-73.7995254356845, 40.605243484416036], [-73.7987071409265, 40.60562110823195], [-73.79781142206308, 40.60515992032977], [-73.79803735364929, 40.60483703739881], [-73.79862422461082, 40.60480604843245], [-73.7987685918107, 40.60501596914934], [-73.79993794607618, 40.60461003740552], [-73.80020559146213, 40.60483462980742], [-73.80048632023508, 40.60476281828105], [-73.80004650162621, 40.604561682803144], [-73.79790083791092, 40.60472008565296], [-73.79766326029701, 40.605308388925366], [-73.79821561992897, 40.60593629674097], [-73.7976614342219, 40.606357756408386], [-73.79634761133646, 40.60578800335623], [-73.79669375994447, 40.60510592376139], [-73.79615217230278, 40.60463909219979], [-73.79640372971178, 40.60471938115602], [-73.79731901178185, 40.60406667887666], [-73.80037472842119, 40.60437665682304], [-73.80171364786658, 40.60411011674344], [-73.80321951238241, 40.60456598558424], [-73.80338062624413, 40.60430406946996], [-73.80377040505873, 40.60433021451711], [-73.80369450317168, 40.60462452165202], [-73.80337740488017, 40.60469893246112], [-73.80393554554064, 40.605643741806055], [-73.80338852435882, 40.60587044319307], [-73.80314302033186, 40.606366934932936], [-73.80181702266873, 40.6064229530483], [-73.80077334667854, 40.607076295751696], [-73.80058101065406, 40.60683722200446], [-73.80099698107443, 40.60659087506243], [-73.80064444884306, 40.606329315717204], [-73.80103373657981, 40.606479897154685], [-73.80107400950135, 40.60641056560764], [-73.800695724773, 40.606235019046004], [-73.80033863924557, 40.60627881569691], [-73.80085479651733, 40.60663504570838], [-73.80048279900514, 40.6067926351448], [-73.8005283665261, 40.60708862704324]]], [[[-73.82952414988597, 40.60733932434313], [-73.829608270395, 40.60725635955867], [-73.82957158456544, 40.60734239095152], [-73.82952414988597, 40.60733932434313]]], [[[-73.79665699659022, 40.60896091507148], [-73.79600863317904, 40.60821736028616], [-73.79647817834127, 40.60800211904961], [-73.79626124248149, 40.607624990776806], [-73.79654941676456, 40.60728754086635], [-73.79611287777539, 40.607408655218514], [-73.79581987999927, 40.60813391963248], [-73.7955169436739, 40.60735496330087], [-73.79527814038407, 40.605814321533884], [-73.79572698954331, 40.60523061324682], [-73.79603208503855, 40.605300409783844], [-73.79560502059154, 40.60589246813105], [-73.79570141764705, 40.60646052512199], [-73.79674937775796, 40.60622635585267], [-73.7978974694127, 40.60686880990858], [-73.7990199169041, 40.60686844010073], [-73.80052617654209, 40.60722633865083], [-73.80107067504782, 40.60717936691719], [-73.80192792270964, 40.60663741774662], [-73.80326523257318, 40.60657193219223], [-73.80401493337446, 40.606131500175024], [-73.80308415747787, 40.60746513217984], [-73.80182143319745, 40.60795882303617], [-73.80140263641802, 40.60822680699314], [-73.8016239788134, 40.60835461663739], [-73.80099421230568, 40.608672097910805], [-73.79665699659022, 40.60896091507148]]], [[[-73.82730192542975, 40.60948538975413], [-73.82635029826196, 40.60928915206898], [-73.82581355251645, 40.60891772317484], [-73.82604712343331, 40.60829175026923], [-73.82576814632817, 40.60785387461304], [-73.82679109718774, 40.607909690360486], [-73.82566738192993, 40.60778622441825], [-73.82540715279029, 40.606699735808185], [-73.82453724237169, 40.60507835259407], [-73.8246331418061, 40.60472399236064], [-73.82770657743166, 40.60523781303201], [-73.82908602632693, 40.60582096685676], [-73.82940290644842, 40.60658153120994], [-73.82903972670069, 40.60735521367344], [-73.82776984301383, 40.607765068538846], [-73.82747154564672, 40.608225317265365], [-73.82707969381761, 40.60833308436153], [-73.82760231973977, 40.60929775823639], [-73.82730192542975, 40.60948538975413]]], [[[-73.83212876903654, 40.60951664237244], [-73.83122317315295, 40.608829586601324], [-73.83130655041924, 40.60841153207103], [-73.8308267330766, 40.60847424004027], [-73.83005617447249, 40.60792479643569], [-73.8297788496926, 40.60711557188134], [-73.82987726436338, 40.606322837407134], [-73.83092271504947, 40.60536498222088], [-73.83177507584244, 40.6050943636415], [-73.83195008173199, 40.605272886312946], [-73.83508183291728, 40.60525388606684], [-73.83574196399768, 40.60578191438792], [-73.83446265686183, 40.60719253294356], [-73.8343040247909, 40.607953116354786], [-73.83247030669611, 40.6094615403957], [-73.83212876903654, 40.60951664237244]]], [[[-73.76669139771343, 40.61425465494768], [-73.76516400829198, 40.61375420268684], [-73.76505961679173, 40.61203523061065], [-73.76229944090417, 40.61135920604614], [-73.76172413788875, 40.61184724275787], [-73.76023635756965, 40.61082086495047], [-73.76178242960593, 40.60915167005466], [-73.76155051905889, 40.609031365800995], [-73.75998446975024, 40.610879377344354], [-73.7594911983337, 40.610815795911094], [-73.759720990391, 40.6101515978713], [-73.75919672932062, 40.61037038573402], [-73.75656053403193, 40.610139425130015], [-73.75587091285605, 40.61030679765081], [-73.75560684726135, 40.610077365227085], [-73.75587412912142, 40.610385185055016], [-73.75556369084146, 40.61011842794653], [-73.75499501085474, 40.610132208015095], [-73.75473219572567, 40.61040524167861], [-73.75345836196989, 40.61051986240633], [-73.75008771076786, 40.61164055382737], [-73.7482158588267, 40.61201107758969], [-73.74799307317252, 40.61231015796798], [-73.7476141892917, 40.61199801088509], [-73.74721567885001, 40.612178839153465], [-73.74685539024536, 40.61157409955721], [-73.74576150178679, 40.611991654748905], [-73.74310894573772, 40.60771599650398], [-73.74339731588074, 40.60747217106827], [-73.74029138976128, 40.60459823228119], [-73.73920739803127, 40.604040143301404], [-73.73840394387673, 40.6031211357834], [-73.73835617702457, 40.59760047780477], [-73.73871968076894, 40.596948817326606], [-73.73857461617915, 40.59724463107534], [-73.73862641254613, 40.597265914625034], [-73.73878797503635, 40.596975355521614], [-73.73938023660168, 40.59723907294675], [-73.73992747214845, 40.59705494953261], [-73.7401177357879, 40.59672774747549], [-73.739798757236, 40.596428603789406], [-73.74009714262667, 40.59620864729197], [-73.74039153834975, 40.596182195673336], [-73.7403601274953, 40.596774995540294], [-73.7406438431081, 40.59700119865846], [-73.74183083523945, 40.5966955514503], [-73.74052059818192, 40.59657185645664], [-73.74054701362383, 40.59611968571814], [-73.73992792985005, 40.596061587313535], [-73.73957904997492, 40.59637633784888], [-73.73949660873659, 40.597020371261834], [-73.73988306007304, 40.596770974189724], [-73.73974724022848, 40.59654260483529], [-73.73990994690173, 40.59677274452053], [-73.73979634028939, 40.596882675628144], [-73.73950885867268, 40.59704004409183], [-73.73939810824884, 40.59704632565642], [-73.73894690694097, 40.59676316642711], [-73.73838360401174, 40.59711740856396], [-73.73841231100067, 40.595923504948516], [-73.73798981846903, 40.59455604324522], [-73.73848743971975, 40.59435226298849], [-73.73877153079917, 40.594525207530666], [-73.73877753514914, 40.59435500821546], [-73.73900196778291, 40.594586232244644], [-73.73958763297756, 40.594426525108716], [-73.74062832064128, 40.59472165227227], [-73.74090170596185, 40.5944882492534], [-73.7413182062532, 40.594792592881326], [-73.74169766300271, 40.594641744052986], [-73.74222603097068, 40.59490588332446], [-73.7423874258487, 40.594729256060354], [-73.74334951603205, 40.59479514827647], [-73.74348442282232, 40.594590516488225], [-73.74462499793172, 40.59466177479809], [-73.7466551146474, 40.594295694902286], [-73.74912524757535, 40.59321636727057], [-73.75169369495661, 40.59131225132602], [-73.75344780177821, 40.590964129913274], [-73.7559546362305, 40.590874198050024], [-73.75789189861872, 40.59135698827793], [-73.76134311678325, 40.591726633850634], [-73.76796973006493, 40.59072948296456], [-73.76872708525137, 40.59087006895576], [-73.7759259477778, 40.590178589948145], [-73.7758368859526, 40.59032459875787], [-73.77918495356101, 40.5895931088955], [-73.78043036101892, 40.58959662142923], [-73.7845331104848, 40.58847805521806], [-73.78768370715751, 40.587922937712214], [-73.78878406873122, 40.58745028886744], [-73.78941470793565, 40.58762814730426], [-73.79200762464424, 40.58721746494203], [-73.80182907323011, 40.58535182671263], [-73.8032577124328, 40.584893212907076], [-73.80372119405995, 40.58501793745039], [-73.80584287341304, 40.58445751724962], [-73.80679193346701, 40.58441989920581], [-73.80799182895132, 40.584004409504104], [-73.81352448727559, 40.58347314904694], [-73.8338692317217, 40.57764989760919], [-73.8377849130498, 40.57592368347561], [-73.85720330672287, 40.569100500487885], [-73.86286892277302, 40.56683057154651], [-73.86269356691207, 40.56650219217764], [-73.86300482943778, 40.56687595773104], [-73.86355862677969, 40.567027194390896], [-73.86557608357201, 40.566560014700336], [-73.86661089295575, 40.566093865189], [-73.86630941232431, 40.565546064125094], [-73.86663005715053, 40.566090111654276], [-73.86686111965143, 40.56608647107018], [-73.8684869484588, 40.56552701030175], [-73.8682511755017, 40.565069489459844], [-73.86852753205115, 40.565545463433985], [-73.86924996432208, 40.56538476045361], [-73.87062214815238, 40.564813309494326], [-73.87027588464693, 40.56417465359757], [-73.87064094150604, 40.56480994521754], [-73.87091316206484, 40.564764585510915], [-73.87263971280453, 40.56408418402696], [-73.87237878047381, 40.563575116059155], [-73.87274649784132, 40.56410544733244], [-73.87320628037062, 40.56406027174455], [-73.87624642690393, 40.56310099654799], [-73.88029022254679, 40.56137455089704], [-73.88128249221315, 40.561372133879814], [-73.88241586728287, 40.56091089700176], [-73.88237441679736, 40.560760430809985], [-73.88324741562145, 40.560855921987915], [-73.88485949479873, 40.560042807458174], [-73.88611109684473, 40.55992191902937], [-73.88697510801153, 40.5594004829987], [-73.88789256106377, 40.55951065137973], [-73.88963947542888, 40.55866435179424], [-73.89021653553587, 40.55881154912181], [-73.89079589630367, 40.55861937890735], [-73.89213864396184, 40.557871541494215], [-73.89252745099303, 40.558119294045376], [-73.89347065050556, 40.5579455786388], [-73.8949514249942, 40.55729392540958], [-73.89491817266388, 40.55707879579587], [-73.89551188771085, 40.55741427014988], [-73.89699522942651, 40.55689179163895], [-73.89707956116685, 40.55665743358743], [-73.89735688619312, 40.556998423041996], [-73.89799514796813, 40.55710213718045], [-73.89912995192725, 40.55664117338601], [-73.90058581786725, 40.55642220952705], [-73.90124001641075, 40.55675974374633], [-73.9027942267971, 40.55673299509444], [-73.90691391033216, 40.555603572230275], [-73.91948122277842, 40.55062481534721], [-73.93611852939222, 40.54451641432323], [-73.93889756292738, 40.54323973570248], [-73.94047161197716, 40.542863121313246], [-73.94073545513237, 40.54183396045328], [-73.94012970302184, 40.54800529233841], [-73.9402735647651, 40.55240827293562], [-73.93998770429029, 40.55363699690571], [-73.93925409758839, 40.55498011004954], [-73.93865563831585, 40.55567659226412], [-73.93647315964121, 40.55693267217087], [-73.93509412137415, 40.557269533479925], [-73.93314015930741, 40.55736376593147], [-73.93177599971375, 40.557899999918874], [-73.9261572327542, 40.561552609723265], [-73.92421461302578, 40.56200131882508], [-73.92107822881373, 40.56207985288503], [-73.92036810280446, 40.5622188324678], [-73.92025963172999, 40.56261229305874], [-73.92033120142663, 40.56222605488672], [-73.91766081900091, 40.56282614968669], [-73.91455336961286, 40.56435343243399], [-73.91188319662992, 40.564990405238866], [-73.91192692070405, 40.56511232857108], [-73.91195464366191, 40.56581132267301], [-73.91216181893262, 40.56583625156833], [-73.91197024752503, 40.565869417532646], [-73.9117361534006, 40.56587265348593], [-73.91192551909776, 40.56581386237741], [-73.91185809029383, 40.56499543800351], [-73.91079817683057, 40.565110995831674], [-73.91003762905775, 40.5647937106021], [-73.90977170611873, 40.56530540530773], [-73.90971684925964, 40.565287425461364], [-73.91002307642118, 40.56478020953864], [-73.90976258436969, 40.56428483692835], [-73.90872545136813, 40.56393129153776], [-73.9079191596907, 40.564148439869946], [-73.90798575997265, 40.56344244162819], [-73.90664724115204, 40.56278591417631], [-73.90469455455373, 40.562827185602046], [-73.90287143330069, 40.56351486420629], [-73.90244774461503, 40.56289950903349], [-73.90161118167623, 40.562751450374535], [-73.9000039209185, 40.56321569241514], [-73.89613262445299, 40.565358427567055], [-73.8953372502706, 40.56633210037105], [-73.89567174387955, 40.56703164344952], [-73.8951870492531, 40.566913600827796], [-73.89413028093446, 40.56782014965302], [-73.89261013445609, 40.568587247286864], [-73.88911103072223, 40.56791623669109], [-73.88430973105274, 40.56869611953887], [-73.8848870712472, 40.56847020566896], [-73.88475594832832, 40.56828913918762], [-73.8842987608294, 40.56843680205324], [-73.88473689799127, 40.5682685132408], [-73.88445975335584, 40.56789283675904], [-73.88416646626057, 40.568001951564185], [-73.88425605450001, 40.56815713340258], [-73.88414806727037, 40.568008977301346], [-73.88407171935152, 40.56819501413367], [-73.8837910370301, 40.568123911827364], [-73.88402340092395, 40.56850311561102], [-73.88378086756106, 40.56812718596008], [-73.88357670672721, 40.568209769754425], [-73.88347850081561, 40.568473114105146], [-73.88390427884407, 40.56890620425947], [-73.88368728096324, 40.56884340483253], [-73.88336927316188, 40.56833185975114], [-73.88262970640685, 40.5683689298253], [-73.88192258910135, 40.56873144152582], [-73.87867467361689, 40.56863993983815], [-73.87760577562338, 40.56886089443507], [-73.86554317468638, 40.57464212861272], [-73.85305549585115, 40.5812552678552], [-73.8504438514919, 40.58213024358158], [-73.84861053538305, 40.58218814214382], [-73.84520566344791, 40.581579857050656], [-73.83935385899039, 40.581857262805634], [-73.83895663981417, 40.58257425854722], [-73.83855306451234, 40.58279171379686], [-73.83584080097415, 40.582878939362296], [-73.8285247126134, 40.58485421987996], [-73.82803653640441, 40.58605288672695], [-73.82481333907114, 40.58715132203616], [-73.82293688631506, 40.58749164972767], [-73.82145971991768, 40.586769924921406], [-73.81741586147426, 40.58891701410988], [-73.81763800450648, 40.58928579898281], [-73.81674197582348, 40.58931916984608], [-73.81524832375074, 40.589989056293085], [-73.81470067461719, 40.59061058988836], [-73.81363221410827, 40.590793631897974], [-73.81325671566422, 40.59104630249117], [-73.81358856612626, 40.59169768582372], [-73.81323474432726, 40.59107073951526], [-73.81170344836342, 40.591593746638154], [-73.81149423585859, 40.59290132669704], [-73.81133463623162, 40.591744623180034], [-73.8110076658511, 40.591768297259925], [-73.8108179187449, 40.59209026919883], [-73.8109501895272, 40.59250305914477], [-73.81138593152033, 40.592442318454744], [-73.81140751227157, 40.592871257238905], [-73.81107287021051, 40.59302233057226], [-73.8113733128964, 40.592703054284385], [-73.81074974913332, 40.59279211355274], [-73.81137347255543, 40.59268449963332], [-73.81135829315778, 40.59246258404518], [-73.81093965894601, 40.592546847806844], [-73.81080537904415, 40.592092095735346], [-73.80989929913342, 40.59227095388668], [-73.8100392058452, 40.593077910041806], [-73.80973138393709, 40.592404186053486], [-73.8098074971652, 40.592710409504946], [-73.80970982436389, 40.59243960833963], [-73.809486657449, 40.59276603513677], [-73.80961196378863, 40.59357698426387], [-73.80602807459842, 40.59200930900475], [-73.80574947643512, 40.59075800929484], [-73.80582389773117, 40.591889325190124], [-73.80433925403108, 40.591310757653716], [-73.80416569103024, 40.59185470983296], [-73.80781870474203, 40.593365437837576], [-73.80797687598292, 40.594161415948356], [-73.80711253952029, 40.59528407542448], [-73.80604149807385, 40.59555455521373], [-73.80485298477258, 40.595056336043505], [-73.80411459954651, 40.594319170453566], [-73.80412568015268, 40.59351380510341], [-73.80380902231202, 40.59289116392556], [-73.80303153999354, 40.59257718949024], [-73.80243846290311, 40.59264006383529], [-73.80250965087272, 40.5939481280417], [-73.80313503440718, 40.59375794307138], [-73.80318082190897, 40.59394537813115], [-73.80251304282976, 40.59396685179258], [-73.8025683760107, 40.5942722669944], [-73.80324253170998, 40.59408723986566], [-73.80328793893025, 40.59428211589189], [-73.8032402429577, 40.59420405487734], [-73.80260442850975, 40.59428775154261], [-73.80234513845659, 40.59449597525709], [-73.8031857440441, 40.59466300284183], [-73.80344017041448, 40.59443420917707], [-73.80319675364944, 40.59467819988342], [-73.80337754303827, 40.59486904065921], [-73.80365519313345, 40.59473064253283], [-73.80372454267375, 40.594817111980085], [-73.80365167080724, 40.59475314278176], [-73.8033846803619, 40.59488526035885], [-73.80320010623193, 40.59487284642429], [-73.80339097327904, 40.59500651249433], [-73.80321494251257, 40.59514564845079], [-73.80390842264723, 40.595004813835025], [-73.80331453729211, 40.5951795614371], [-73.80368468695728, 40.595197790184], [-73.80511185479908, 40.597151047998345], [-73.80470214568541, 40.597683110833074], [-73.80393338922408, 40.5979434985841], [-73.80297943325748, 40.59884430455317], [-73.80167092680178, 40.59889630926963], [-73.80094867862815, 40.59915166462006], [-73.80091500623965, 40.59939076113601], [-73.80077654707614, 40.59916236047854], [-73.8004737922779, 40.599331559123904], [-73.80045131861475, 40.59918256837791], [-73.79912877642295, 40.59937335357057], [-73.79843078589475, 40.59917371408132], [-73.7955463762112, 40.59949676214926], [-73.79457261550554, 40.599420737094064], [-73.79330901736344, 40.599981183339644], [-73.79233121548148, 40.59996928119778], [-73.7878557488172, 40.6031133446355], [-73.78650335648618, 40.60325020617917], [-73.78616855124802, 40.60304744975214], [-73.78716241855369, 40.602326431072505], [-73.78792994192816, 40.60099530254873], [-73.7902994278082, 40.599265118069496], [-73.79113566746406, 40.597150719100256], [-73.79087520715086, 40.59503372639882], [-73.79042048230744, 40.59475269551106], [-73.79057004196036, 40.594951800299924], [-73.79080626141678, 40.59609339588446], [-73.79059442974024, 40.596108384773], [-73.79053857666516, 40.594980784056226], [-73.79015263648805, 40.594768202273], [-73.79042481472277, 40.59605393215406], [-73.79017830001315, 40.596071319704606], [-73.79013119491621, 40.59482287479869], [-73.78975503447937, 40.59473725030946], [-73.78999909439095, 40.59620894350346], [-73.78969872360817, 40.59622803991153], [-73.78967389675819, 40.59486047590034], [-73.7891208484845, 40.59542626222181], [-73.78906829121502, 40.59801992738283], [-73.78597109766217, 40.60031649181488], [-73.78579378813426, 40.600568928496074], [-73.78614358698641, 40.60064861875188], [-73.78578006551935, 40.60059326189322], [-73.78564205273257, 40.60079719452107], [-73.78598359117777, 40.6009182379421], [-73.78563276373285, 40.600816383628704], [-73.78539358087029, 40.60151802170865], [-73.784482331704, 40.60180009858311], [-73.78350560905308, 40.60256343874296], [-73.78312802405904, 40.60376099235071], [-73.78394764971192, 40.60482442511703], [-73.78366696292407, 40.60532443643192], [-73.78040832267868, 40.608425974828215], [-73.77856806939954, 40.609643663429175], [-73.77727898274846, 40.609849113092125], [-73.7762653833009, 40.609649038391936], [-73.77535164745716, 40.60973740696449], [-73.77422234411388, 40.60889323163548], [-73.77422269363423, 40.608601128640494], [-73.77481441008918, 40.60839956311253], [-73.77421737753347, 40.607636638971606], [-73.77460294599074, 40.607417648882716], [-73.77484886546486, 40.60802483315985], [-73.77523851986172, 40.6085509430005], [-73.77600772152827, 40.60919075424833], [-73.77494598484249, 40.60806542027086], [-73.77459009469662, 40.60729765659302], [-73.77518711261325, 40.60450025631872], [-73.77468798964632, 40.60432464838939], [-73.77491373899659, 40.60411251323257], [-73.7753760831684, 40.60415730886799], [-73.7758814058216, 40.60347168175362], [-73.77605391761065, 40.602752894402485], [-73.77560642181831, 40.603045836539984], [-73.77568814362705, 40.60281474067075], [-73.77647924254978, 40.602448176643605], [-73.7764898868892, 40.602171725686716], [-73.77780302365805, 40.600966552204305], [-73.77836872918753, 40.60083878005199], [-73.77807565215485, 40.60070077436686], [-73.77818086978304, 40.60038554108597], [-73.78010900085108, 40.600727429033945], [-73.78190681007317, 40.5991141653403], [-73.78193601357016, 40.59853114424349], [-73.7813297399812, 40.5977530374471], [-73.78018334425897, 40.59721257020609], [-73.78016845573181, 40.59689762724704], [-73.78005719891783, 40.59687749910284], [-73.77967070333735, 40.59737216738416], [-73.77742174810759, 40.598812404361524], [-73.7771985062932, 40.59957695925321], [-73.77600163850968, 40.60139432390506], [-73.77497207353781, 40.60174448709211], [-73.77474212725778, 40.600963425935355], [-73.77448133964758, 40.600987703850926], [-73.77474285021891, 40.60074378310963], [-73.77411995096888, 40.59988138179279], [-73.77422338457663, 40.59900521824066], [-73.77374432839068, 40.59867015398173], [-73.77358545261635, 40.59812047326168], [-73.77248585757451, 40.597893837539594], [-73.77167906670005, 40.59798157703978], [-73.7711284962987, 40.598298728552216], [-73.77037277058409, 40.59809009235459], [-73.76947725109342, 40.59825776995274], [-73.76812285376313, 40.59782435947495], [-73.76793592288794, 40.59813970638171], [-73.76826549483131, 40.59833244429087], [-73.77033634816473, 40.59898422333294], [-73.77093086474137, 40.59885759912524], [-73.7711605243632, 40.59942245207395], [-73.77083917528664, 40.60181091609646], [-73.77018588274089, 40.6027488233253], [-73.7704203681374, 40.60294198341901], [-73.77016122222508, 40.60308652353238], [-73.77056521407658, 40.604840409753685], [-73.77000932453467, 40.60533671530756], [-73.7700124964802, 40.60722879213212], [-73.76978386359882, 40.60792703951319], [-73.76922465174273, 40.60844469432267], [-73.76900078034944, 40.609391552985024], [-73.76981818454385, 40.610087875920954], [-73.77125101879666, 40.6103898365994], [-73.77223450234507, 40.611501676750464], [-73.77340389078988, 40.611090448779294], [-73.77296268686533, 40.61015276294591], [-73.7737676775312, 40.61125622247568], [-73.77394430327868, 40.61212373901898], [-73.77417184679693, 40.611829669946516], [-73.77338597971364, 40.613675066306406], [-73.77296761789115, 40.61355936092582], [-73.77174156702765, 40.613961049955], [-73.76669139771343, 40.61425465494768]]], [[[-73.76671931113236, 40.61500423164777], [-73.77087500376955, 40.61586372321711], [-73.76854868123357, 40.62055967827348], [-73.76745926950538, 40.620511322062725], [-73.76671931113236, 40.61500423164777]]], [[[-73.81251793553056, 40.620199822550774], [-73.81268781281688, 40.620463278425774], [-73.81260967501093, 40.62064741708903], [-73.81252103477574, 40.62044869303425], [-73.81251793553056, 40.620199822550774]]], [[[-73.83179316908026, 40.62447358608458], [-73.83227940196075, 40.62373516959367], [-73.83241551492004, 40.62292479638558], [-73.83309705335392, 40.622414745836], [-73.83310822090128, 40.621680888575426], [-73.83368214952584, 40.621381305686604], [-73.83362242002327, 40.622602638829655], [-73.83308424999186, 40.62276139830831], [-73.83322850123331, 40.62335651084696], [-73.83267620048598, 40.62390827522703], [-73.8327713438081, 40.62403071789867], [-73.83306310884076, 40.62369126053269], [-73.83325934713386, 40.62383125984254], [-73.83340903770527, 40.62354801788833], [-73.8335592394641, 40.62393603450106], [-73.83269995491797, 40.62422803677826], [-73.83215639047248, 40.62469217942128], [-73.83179316908026, 40.62447358608458]]], [[[-73.81198752013151, 40.62602204367667], [-73.81243789543498, 40.624396447773755], [-73.81168078177706, 40.62364964369981], [-73.81208344133675, 40.62339172841344], [-73.81251579982312, 40.623539448327776], [-73.81301265177471, 40.62226022792423], [-73.813250953106, 40.62255809207518], [-73.8130319049184, 40.6238567684221], [-73.81386198761575, 40.62504389942086], [-73.81442910028773, 40.62518678253437], [-73.81447870774272, 40.62547087431106], [-73.81249149581198, 40.62654067531404], [-73.81198752013151, 40.62602204367667]]], [[[-73.79881981576617, 40.62532794483111], [-73.79781573308009, 40.62445315445506], [-73.79820877848233, 40.62445724468067], [-73.79875482519184, 40.625077758147754], [-73.80037265255179, 40.624108341700286], [-73.80036269148214, 40.62393509857877], [-73.79922701509861, 40.62419346436875], [-73.79867716995602, 40.62343495448779], [-73.80016273997366, 40.61962684980796], [-73.80074082550813, 40.61948507765281], [-73.8011217454249, 40.6196987813659], [-73.80181355944615, 40.620831236807746], [-73.80206419853624, 40.62079091379661], [-73.80131044905464, 40.61854287376459], [-73.80187093707063, 40.616769360089286], [-73.80347411308159, 40.61440096392509], [-73.80362092326818, 40.616020565629974], [-73.80453517195802, 40.61698403726673], [-73.80447871168393, 40.617553415765634], [-73.8049256253514, 40.61858759461195], [-73.80589870617261, 40.619619112767644], [-73.80564293053473, 40.61989175960198], [-73.80640927866622, 40.621113071688974], [-73.80615277847392, 40.62182593616891], [-73.80640950588405, 40.62233955652874], [-73.80594981646442, 40.62338033894662], [-73.80541649344103, 40.62379186193323], [-73.8046752827724, 40.6238363366116], [-73.80363661027327, 40.62469039839691], [-73.80294573122995, 40.62471800433303], [-73.80162741972283, 40.625596190231754], [-73.79956441906673, 40.6261202350482], [-73.79906021857397, 40.626580525921945], [-73.79831656079713, 40.626181851214184], [-73.79759190359371, 40.626101422699655], [-73.79881981576617, 40.62532794483111]]], [[[-73.81429373223955, 40.629142401746066], [-73.81466886840826, 40.62750256182292], [-73.81531549213119, 40.62775854451803], [-73.81617361615918, 40.62890143519914], [-73.81644551897877, 40.62983606492815], [-73.81596975872556, 40.6303787183566], [-73.81527605467807, 40.63022810473038], [-73.81467414305273, 40.62998528940483], [-73.81429373223955, 40.629142401746066]]], [[[-73.83597646795205, 40.63221669553864], [-73.83504824133071, 40.63179498489451], [-73.83574115227565, 40.63130469187926], [-73.8361726124846, 40.6315390534823], [-73.83597646795205, 40.63221669553864]]], [[[-73.82337592129343, 40.6389876558978], [-73.82277105438676, 40.635576914085235], [-73.8219820134843, 40.63362622386875], [-73.8218460425281, 40.632040188437514], [-73.8206721594249, 40.628914861429635], [-73.82010003490798, 40.627817036143554], [-73.81825637269327, 40.62699602275209], [-73.81823704984782, 40.62638710371676], [-73.81788868097152, 40.6259084501448], [-73.81623096121099, 40.62468982584847], [-73.81617548983075, 40.62441264003514], [-73.81675264711568, 40.62394849782586], [-73.81795284720822, 40.62409327961497], [-73.81864345115447, 40.623374904358066], [-73.81866204286725, 40.62288315619306], [-73.81754878054136, 40.62208740125605], [-73.81757890289364, 40.621756160877716], [-73.81672238365488, 40.62156829289307], [-73.81662369893492, 40.621967233980016], [-73.81620712114795, 40.622087877252085], [-73.81538719158678, 40.62149777964198], [-73.81543174704281, 40.620116531242424], [-73.81718053878453, 40.61926727449339], [-73.81777429834501, 40.61750112169583], [-73.81711893622202, 40.61528219234564], [-73.81652681178392, 40.614947009657755], [-73.81643150379566, 40.61428233493024], [-73.81471812627856, 40.61449608855211], [-73.81444032345223, 40.61474903867092], [-73.81408062432926, 40.6145584092365], [-73.8146826267648, 40.613975157855265], [-73.814857222891, 40.61429922621506], [-73.81549526637566, 40.61403981513337], [-73.81479563255313, 40.61319402998148], [-73.81503638494628, 40.61297621374961], [-73.81546948317039, 40.61334292951121], [-73.81615626632505, 40.61294211551002], [-73.81540366189823, 40.61038480201567], [-73.81450261566708, 40.61105847350561], [-73.8152072079898, 40.60981673359354], [-73.81476257639542, 40.608463880054124], [-73.8150612987872, 40.607317030280136], [-73.81574174063815, 40.60646524523569], [-73.81546066483212, 40.6064281375102], [-73.81552816722274, 40.60616306994531], [-73.81552536723665, 40.606407380282235], [-73.81595962002545, 40.60626248335364], [-73.81588829778464, 40.605929034359384], [-73.81642529923076, 40.60522412357404], [-73.81739192106656, 40.60515812378447], [-73.81725370593384, 40.60394032469204], [-73.81772032638688, 40.60222499974124], [-73.81831121054302, 40.60133971221262], [-73.8184906612075, 40.59938955947936], [-73.81928142201772, 40.597529610374195], [-73.82033688571455, 40.59664899811913], [-73.82067265991827, 40.59519570617122], [-73.82120035429043, 40.59471229444084], [-73.82413506905908, 40.59463305674823], [-73.82547793498115, 40.595080657584454], [-73.83321744106286, 40.594217587387604], [-73.83425247335776, 40.5946599196308], [-73.83472137081068, 40.595055509645924], [-73.83484699931749, 40.59554299993878], [-73.83420099977327, 40.59665699998284], [-73.83348999898381, 40.59691600036536], [-73.83336099929949, 40.59723600025937], [-73.83239364453681, 40.59780335338253], [-73.83154105940145, 40.59795102605526], [-73.83062852179019, 40.59743342572445], [-73.82948341823246, 40.59813394190278], [-73.82909777422338, 40.59776345522084], [-73.82806159675417, 40.597680402649026], [-73.82597985976518, 40.59947206719302], [-73.82556790684592, 40.59854814808282], [-73.82465420597276, 40.598149246701894], [-73.82395871058286, 40.598876896677424], [-73.82452271276402, 40.598951263990784], [-73.82477088992478, 40.59839184387439], [-73.82452624858544, 40.599129027223526], [-73.82407791355006, 40.598909203833195], [-73.82416569888665, 40.59929937966726], [-73.82376612281246, 40.6000400708211], [-73.82194441759793, 40.599801155978675], [-73.82146929833688, 40.59999372277051], [-73.8244364376235, 40.60034498385241], [-73.82445218008932, 40.600796962688655], [-73.82353972095224, 40.60155944884736], [-73.82361588815041, 40.602286492616464], [-73.82306721637882, 40.60234199290527], [-73.82294484740481, 40.60258290946803], [-73.82290283003623, 40.60468726854161], [-73.82246746702465, 40.60552498282287], [-73.82290463377643, 40.60585127692719], [-73.82236000876237, 40.606469260660305], [-73.82126470342858, 40.6070028504107], [-73.82003243563568, 40.60892365626109], [-73.8196179536215, 40.61047904106449], [-73.82057595436513, 40.612233140881436], [-73.82087841790126, 40.612257345820325], [-73.8212842105288, 40.611096928783745], [-73.82054872610354, 40.61043082420909], [-73.82055813673692, 40.60995210896399], [-73.82085878505866, 40.609231058271455], [-73.82161460089128, 40.60848031922795], [-73.82186205241341, 40.6098692125687], [-73.82233079781187, 40.61028770325489], [-73.82289233348577, 40.61033702219424], [-73.8240041278941, 40.6116317684099], [-73.82410327024171, 40.61232609748477], [-73.82467451637949, 40.61241991412278], [-73.82468584347531, 40.61307641875681], [-73.82555758997881, 40.61413210471092], [-73.82593603373292, 40.614162518209454], [-73.82725636632989, 40.61337871412472], [-73.82787525471795, 40.61369762859861], [-73.82724153726997, 40.61406502057211], [-73.82750222609539, 40.6142046667204], [-73.82845503182496, 40.61421603915189], [-73.83091996001424, 40.615005487033685], [-73.83401888200429, 40.614381166420834], [-73.83370152272246, 40.62097860134445], [-73.83254808933157, 40.621751185790494], [-73.83158798714337, 40.62203280792532], [-73.83267659706027, 40.621863729457814], [-73.83288847088824, 40.62222670758021], [-73.83258868618613, 40.622681386559066], [-73.83226185529757, 40.62275486652901], [-73.83140373147658, 40.622403625633076], [-73.8310157246783, 40.62277620382532], [-73.83038723126813, 40.62239084765799], [-73.83007365663765, 40.62304352530052], [-73.83020445003761, 40.62339933649975], [-73.82995644707326, 40.62370529413609], [-73.82986943301313, 40.623397080144464], [-73.82918809223509, 40.62420061235312], [-73.82966176956205, 40.62419251317587], [-73.83011324801448, 40.623828760152406], [-73.83041434354294, 40.62263207389433], [-73.83087816625292, 40.622861620455424], [-73.83060452993696, 40.62325556691439], [-73.83070726903051, 40.62374161247121], [-73.83051059069992, 40.623853993168396], [-73.8304615157621, 40.62407222103479], [-73.83076749837994, 40.62368008429893], [-73.83065303587401, 40.623260919897064], [-73.83109518037863, 40.6229288378733], [-73.83153198708683, 40.62287842449042], [-73.83192859030004, 40.62319589289803], [-73.8317422448339, 40.622876972518945], [-73.8320974674288, 40.62311163616819], [-73.83154862281849, 40.62409694559085], [-73.83096500894293, 40.62457612851401], [-73.83092041000836, 40.62483003727265], [-73.83134486557041, 40.625006488972424], [-73.83076902736457, 40.625304272139566], [-73.83095160908779, 40.62552781454565], [-73.83062761781095, 40.62617762415609], [-73.83082381413473, 40.626811452908164], [-73.83166916554818, 40.62713365027189], [-73.83230301496197, 40.62707875841402], [-73.8322893735351, 40.628133707482284], [-73.83177644033681, 40.62817203073236], [-73.831566868123, 40.62847872591719], [-73.83161746228417, 40.62875231114935], [-73.83187722233448, 40.628881074079985], [-73.83163269210466, 40.628523477340465], [-73.83188632030816, 40.628177773852535], [-73.83262605056804, 40.628265371769345], [-73.83301154481349, 40.62791985769116], [-73.83304100907748, 40.62826127106071], [-73.83289548956779, 40.628903478733164], [-73.83196080768133, 40.629652729879474], [-73.83114653243689, 40.632843912759505], [-73.83133112864137, 40.6336176914278], [-73.83193878472683, 40.63423622542862], [-73.83195787786688, 40.634978880565974], [-73.83249094435719, 40.635578551835756], [-73.83340607979227, 40.638501355899244], [-73.83289974361197, 40.638862685067], [-73.83221658819181, 40.63892849022098], [-73.82866782109734, 40.63661471844817], [-73.82808567353285, 40.6358797268368], [-73.82591657934665, 40.6357474128444], [-73.82443032497171, 40.63621652053833], [-73.82413577690072, 40.63878799670475], [-73.8245737989033, 40.63935387323938], [-73.82419331921291, 40.63995407216324], [-73.82337592129343, 40.6389876558978]]], [[[-73.85722330984467, 40.650278670039036], [-73.86001322890975, 40.653973425862276], [-73.86098917353907, 40.65520976710536], [-73.86045463170862, 40.65506710736632], [-73.85979242750741, 40.65447615737723], [-73.8589800291315, 40.65267545783487], [-73.85731941515513, 40.65123709900804], [-73.85695870357802, 40.650587373975355], [-73.85722330984467, 40.650278670039036]]], [[[-73.83032725337058, 40.65513280580348], [-73.83026601851492, 40.65542864678493], [-73.82988919856007, 40.65552282258424], [-73.82994556435834, 40.655424494353106], [-73.83032725337058, 40.65513280580348]]], [[[-73.74506031149622, 40.779142943443986], [-73.7442928977755, 40.77874726192362], [-73.74454629709696, 40.778854650647354], [-73.74481235604424, 40.77855689759709], [-73.74506031149622, 40.779142943443986]]], [[[-73.74672457150356, 40.780306525799865], [-73.74559224340423, 40.779580678768696], [-73.74682065555056, 40.77937431015797], [-73.74724480713074, 40.78007634470968], [-73.74672457150356, 40.780306525799865]]], [[[-73.87285350009333, 40.78592565111329], [-73.8727740594054, 40.785941921459], [-73.87280920016116, 40.785903109100175], [-73.87285350009333, 40.78592565111329]]], [[[-73.82049919995305, 40.80101146781919], [-73.82040454927233, 40.80063950029264], [-73.81980523634644, 40.800801504342175], [-73.81921618006402, 40.80059391090607], [-73.81720813882664, 40.7992072801556], [-73.81683930840019, 40.79910594049199], [-73.81657109077604, 40.799413014079235], [-73.81681915722316, 40.79910040359167], [-73.81645932359675, 40.799345978865375], [-73.81668071668226, 40.79906236552367], [-73.81611363334432, 40.79860807179845], [-73.81577416779801, 40.79902316255748], [-73.81607935134174, 40.79857155875262], [-73.81367907633184, 40.79754578791111], [-73.81369963725118, 40.79707941616788], [-73.81335317201021, 40.797668956460754], [-73.81350297415896, 40.796944259208566], [-73.81324649695341, 40.797211821100944], [-73.81287448914716, 40.797177142464314], [-73.81254798974523, 40.79804706496227], [-73.812241844721, 40.798125827928004], [-73.81179002769389, 40.798026331252196], [-73.8118216186102, 40.79745867683152], [-73.81160781380004, 40.797372406880605], [-73.80636331452413, 40.79639360594044], [-73.80623135012368, 40.79681747758304], [-73.80633076714658, 40.79639274043621], [-73.80588581379814, 40.796474889536334], [-73.80539573274972, 40.79617082151355], [-73.80531711659242, 40.79650607735334], [-73.80533944487564, 40.796163928288955], [-73.8046717376879, 40.79616746916423], [-73.80462782077817, 40.7963650031179], [-73.80462441010488, 40.796142687506816], [-73.804348259354, 40.796214090992954], [-73.8042735361489, 40.79664126132861], [-73.80416535642863, 40.79622900877701], [-73.80411497749733, 40.79668082129824], [-73.8041364476697, 40.796234231177955], [-73.80395475397938, 40.796649389018114], [-73.8038740040376, 40.79631431268693], [-73.80360589996478, 40.79663231200173], [-73.80348346265232, 40.79647111196391], [-73.80339957357363, 40.796914939728225], [-73.80346376409219, 40.796474414310474], [-73.80320549847465, 40.79707662364333], [-73.80326066918603, 40.79670649150609], [-73.80257934475047, 40.79629544313631], [-73.80101126230589, 40.79652237458978], [-73.80029381645107, 40.79625497300612], [-73.80020438000443, 40.796270053945584], [-73.80016302405886, 40.79644886383361], [-73.80012861512493, 40.79644682033799], [-73.80018235388113, 40.79626691369702], [-73.79968067900413, 40.7961745027066], [-73.79960548292512, 40.796332220605855], [-73.79789832687067, 40.795559221419445], [-73.79766994008861, 40.795993822381966], [-73.79758295471346, 40.79596720215498], [-73.79787014914558, 40.79555201264411], [-73.79673567660238, 40.79520894291822], [-73.79648690334348, 40.795645779441415], [-73.79670587562353, 40.79519762544946], [-73.79649931607187, 40.79511802527782], [-73.79459777358382, 40.794937771136084], [-73.79438179101034, 40.794792690641444], [-73.79431655010146, 40.79358224404964], [-73.79494377022742, 40.79175069424026], [-73.79375126484103, 40.789061933339134], [-73.79338033504985, 40.78957839262083], [-73.79362007276171, 40.788996637247465], [-73.79280669580459, 40.78878304624637], [-73.79028202353196, 40.79031696340001], [-73.78568101301406, 40.790340671660175], [-73.7838384251435, 40.79064095467177], [-73.7825308066352, 40.79127678943212], [-73.78434153059591, 40.79174935379504], [-73.78174708763096, 40.79113340664473], [-73.78107845970213, 40.79167732177925], [-73.78077503139015, 40.79299070534074], [-73.78083949014137, 40.79327744067561], [-73.78158881545012, 40.79346354101273], [-73.78163864257793, 40.793309707768266], [-73.78166011555379, 40.793482020313206], [-73.7807243506983, 40.79333361882439], [-73.78079182072646, 40.79403591986457], [-73.78190385421033, 40.79490120389441], [-73.78331796684263, 40.79475835647435], [-73.78325876253032, 40.79492391480075], [-73.78200326103382, 40.79497546250375], [-73.78154150032744, 40.795659737320264], [-73.77980305052226, 40.79620552843441], [-73.77936246804822, 40.796685392535075], [-73.77827066301096, 40.79672512623419], [-73.77687050489742, 40.79644520419305], [-73.77431437491855, 40.794425261342454], [-73.77363248188914, 40.79274975621533], [-73.77236296162187, 40.79153820362777], [-73.77213292826468, 40.79017877433462], [-73.77063124537591, 40.788462905534786], [-73.77082315021427, 40.78798266706018], [-73.77173756350666, 40.78746360891202], [-73.77426836058959, 40.78675665865493], [-73.77423011486847, 40.78706504167616], [-73.77501922678299, 40.78739447438434], [-73.77633728818715, 40.78848722575395], [-73.77426466694423, 40.78665122914549], [-73.77407638297778, 40.78591728401942], [-73.76820055460033, 40.77944417919116], [-73.76716193687588, 40.779782875660864], [-73.76702392346498, 40.78008623415855], [-73.76677570373937, 40.779812458698515], [-73.76816173051576, 40.779396821242194], [-73.76709113484725, 40.77684484110936], [-73.76510436820205, 40.77379903872326], [-73.75893512093685, 40.76833432851607], [-73.75864264358073, 40.767357170035645], [-73.75787030567217, 40.766946427949755], [-73.7573902080387, 40.76716667235863], [-73.75641084289745, 40.76651422276781], [-73.75650494248836, 40.76634587358743], [-73.75602210333291, 40.766464421210415], [-73.7549367434127, 40.76609325213908], [-73.75219261536506, 40.76383041851529], [-73.75107432252548, 40.761763671336425], [-73.74861225072561, 40.76092780307616], [-73.74753513475045, 40.75985719618751], [-73.7465598186795, 40.759339147688685], [-73.74628904491358, 40.759059244817735], [-73.74642482955997, 40.758209665280035], [-73.74627700539573, 40.75779678490609], [-73.74613143454941, 40.75767688335843], [-73.74576014295548, 40.75783664481714], [-73.74463599057209, 40.756891175867345], [-73.74465748646857, 40.75655810497749], [-73.74457639642843, 40.75690727238657], [-73.74486618338649, 40.75720430487919], [-73.74575984954205, 40.75791351710884], [-73.74604668174611, 40.757809942869464], [-73.74631196705487, 40.758054814022955], [-73.74606214942192, 40.75876150044946], [-73.74635893029055, 40.759290872701364], [-73.74749424153306, 40.75997668735497], [-73.74854146028689, 40.76138618458747], [-73.7488725496159, 40.76166805363254], [-73.74922202176393, 40.761579747083076], [-73.74917394462567, 40.76137774432554], [-73.75004042130583, 40.76157608273981], [-73.75123100280102, 40.762522495140004], [-73.7516952345571, 40.76365182736892], [-73.75304571089994, 40.76481722743531], [-73.75507210849031, 40.767533106787546], [-73.75485915829508, 40.76840425245604], [-73.75439388269155, 40.76875346325141], [-73.75471391687849, 40.7687951438977], [-73.75470593716685, 40.7697415229469], [-73.7553327945918, 40.77099815465347], [-73.75553498728895, 40.77098552649457], [-73.75534216256084, 40.77102215274399], [-73.7555733264932, 40.77152912592288], [-73.75438074757537, 40.772041271642394], [-73.75357000906135, 40.77269461612952], [-73.7533669199948, 40.773207847261055], [-73.75424149999385, 40.775266830365396], [-73.75518575394315, 40.77649807083039], [-73.75485800659732, 40.77689639951666], [-73.75481322893425, 40.77761903230577], [-73.75551781604531, 40.77758414452275], [-73.75551737581792, 40.777704048364356], [-73.75470837226607, 40.777717812200876], [-73.75402624009541, 40.77960387939488], [-73.75300812549709, 40.7808660751887], [-73.75299839296423, 40.781289489522294], [-73.75201881309947, 40.782235021269585], [-73.75106768657706, 40.78259816404356], [-73.7502077036601, 40.78239927487962], [-73.74895634954244, 40.78106652922562], [-73.74824911018874, 40.780764779712655], [-73.74814452405515, 40.780240380301315], [-73.74735791062542, 40.7793833080645], [-73.74777892911477, 40.779114997508486], [-73.74716558228887, 40.77885633334734], [-73.74679375137515, 40.7790348515838], [-73.74564129623779, 40.77782884870049], [-73.74534800304866, 40.77715344956252], [-73.74568769909826, 40.778152983986224], [-73.74611030250216, 40.77845507503732], [-73.74600996424527, 40.77887657289683], [-73.74540776901327, 40.778982460382416], [-73.74507677183948, 40.77824908135139], [-73.74461729498205, 40.77791926681576], [-73.74523985922653, 40.77740242977609], [-73.74524624200906, 40.776962855464326], [-73.74501727404076, 40.776597812463564], [-73.7450751205001, 40.77745210064455], [-73.74466521379362, 40.777683495380195], [-73.74471768193898, 40.777487047521426], [-73.74443101629348, 40.7774561535224], [-73.74441591814136, 40.778123246439186], [-73.74408443034726, 40.77825545912614], [-73.74433449820566, 40.77843137402023], [-73.7440409145722, 40.77859010478255], [-73.74007973971882, 40.77620879539657], [-73.73937598820744, 40.776013669668565], [-73.72153324679672, 40.76482318958636], [-73.72097588368399, 40.76476015878484], [-73.70782538631595, 40.75621640432458], [-73.70217841679883, 40.75288593949753], [-73.70163345892372, 40.75249332919054], [-73.70134715916795, 40.750780580871854], [-73.70002020503291, 40.73923654173217], [-73.70147073038109, 40.73751156096427], [-73.7076621723992, 40.72783093450793], [-73.71049995362068, 40.72722708741345], [-73.71693288057014, 40.72638641555561], [-73.72567196959446, 40.724037658993396], [-73.73032628902034, 40.72215729678347], [-73.72917629515445, 40.719167214561935], [-73.72689487481324, 40.70997857361959], [-73.72678961229357, 40.701945451866614], [-73.72563005119683, 40.679587951284134], [-73.72629437184823, 40.67705811280386], [-73.72755616356638, 40.67416158768918], [-73.72824131211398, 40.668024097501814], [-73.72781750949895, 40.663116783482096], [-73.72833071875962, 40.663043943731324], [-73.72556769770402, 40.65672514308152], [-73.72550259072499, 40.65551651557243], [-73.72498470712817, 40.65425343540416], [-73.72522608107009, 40.652001000147685], [-73.73051457301035, 40.6503103120067], [-73.735135014725, 40.649732039964476], [-73.73904482131428, 40.648201180344614], [-73.74143706042352, 40.64688917832164], [-73.74166141317522, 40.64219806218261], [-73.74205084952764, 40.64147420452586], [-73.74142279314958, 40.64050339075355], [-73.7422738722611, 40.64012338094912], [-73.74125900067573, 40.63889749943524], [-73.73947121626793, 40.63570643182962], [-73.73995957570371, 40.635143809876084], [-73.74000390414142, 40.635308864792975], [-73.74170620982906, 40.635037546267114], [-73.74168473420008, 40.63494981706209], [-73.74148887105935, 40.635010134048954], [-73.74146473729922, 40.634942889329835], [-73.74170188456137, 40.63488230762409], [-73.74253691856377, 40.63517496612196], [-73.7423912395262, 40.63563030012704], [-73.74258539843598, 40.63545335666135], [-73.74124959182484, 40.636939700770064], [-73.7411179417444, 40.63746814979453], [-73.74096487686366, 40.63730477503026], [-73.74121658796481, 40.63781576243064], [-73.7427296630336, 40.63827015598193], [-73.74397128496219, 40.63788001261506], [-73.74352226238186, 40.638889486375], [-73.74376618359547, 40.63902032246146], [-73.74479558148495, 40.63707502907636], [-73.74473447464202, 40.63731322701612], [-73.7462638571202, 40.63644221911167], [-73.74661229878836, 40.63658213120238], [-73.74679368918021, 40.63684974129305], [-73.74645394301926, 40.63725982088139], [-73.74516219973704, 40.63811218797323], [-73.74529639409818, 40.63833013954091], [-73.74567316004243, 40.63812465742812], [-73.74551058251747, 40.63794388103353], [-73.74702300440804, 40.63690878282452], [-73.74715435857692, 40.6371263636067], [-73.7466009130313, 40.63835060986842], [-73.74617068906109, 40.64039592151639], [-73.74631467868133, 40.64139431267917], [-73.74729153885399, 40.64318668655788], [-73.74875121261788, 40.64447110284795], [-73.74885047914466, 40.64516927011341], [-73.74945274272405, 40.64493123426908], [-73.7517130246691, 40.6465005907689], [-73.75327090492785, 40.64733376201673], [-73.75323328269432, 40.647052114686375], [-73.75354191835872, 40.647196312319416], [-73.75329210674899, 40.64734340272214], [-73.75427809856765, 40.647886422079104], [-73.75475592551938, 40.64781219889358], [-73.7549276864291, 40.64757272103863], [-73.75461208438024, 40.647200458955716], [-73.75379289369329, 40.64670560468571], [-73.7537377082634, 40.64696042357801], [-73.75340189507165, 40.64680746120946], [-73.75376146361374, 40.64668632265829], [-73.74870701496532, 40.643343492337614], [-73.74742095899626, 40.641413643684665], [-73.74752877886596, 40.63932443475572], [-73.748554783949, 40.63541155957581], [-73.74935446965928, 40.63494725684252], [-73.75069606974144, 40.63462797576578], [-73.75243758572938, 40.6336767797409], [-73.75348397724734, 40.63351429107931], [-73.75479100304916, 40.63288248836343], [-73.75900955400878, 40.6314892963801], [-73.76053159841472, 40.63066331718982], [-73.76219407813787, 40.630259432956684], [-73.76308789670844, 40.629658898502214], [-73.76453002637294, 40.62922113635718], [-73.76500891405118, 40.62941218257731], [-73.764753167468, 40.62915877570581], [-73.76649560506911, 40.628250375901466], [-73.76860408720783, 40.624732718412396], [-73.76884275459498, 40.62393929173364], [-73.76866781717264, 40.62273196462341], [-73.76972348417151, 40.62176168846581], [-73.76961487455476, 40.621146968673], [-73.77018829165735, 40.61979101041927], [-73.77109318666908, 40.61997770778098], [-73.7716545462262, 40.62041642681574], [-73.77171699447133, 40.62096167930077], [-73.77081128948615, 40.62294974729612], [-73.77086001250763, 40.62333053837306], [-73.77143883664012, 40.62328461670515], [-73.77172760285129, 40.623585028030526], [-73.77203131431371, 40.622991212903244], [-73.77218824028016, 40.62299579379533], [-73.775118912546, 40.61923384698503], [-73.77518045935551, 40.61926471788504], [-73.77220950703997, 40.6230052319847], [-73.7723626016271, 40.62314732600443], [-73.77216897866818, 40.62305554784143], [-73.77217018334763, 40.62335963116938], [-73.77181882771771, 40.62349901798326], [-73.77198776448427, 40.62359758196227], [-73.77173897581244, 40.623605726073635], [-73.77323537240508, 40.62499416247717], [-73.77381024409397, 40.62492559673116], [-73.77349461614574, 40.62514256937113], [-73.77407526415493, 40.62578348284038], [-73.7765422988783, 40.6276517247291], [-73.77946897687943, 40.62731550512165], [-73.78419483297877, 40.620892669910525], [-73.78521543076681, 40.62006349374463], [-73.78515920006002, 40.6186472824836], [-73.78478111816777, 40.618335676678875], [-73.78478547486286, 40.61798072233823], [-73.78435569021109, 40.6177644905876], [-73.78446087068049, 40.61702783462726], [-73.78322554530014, 40.61557873072349], [-73.78248993127501, 40.615567549887], [-73.78229527471422, 40.61516815367774], [-73.78171700912468, 40.61517684879679], [-73.7807937650353, 40.61458756709257], [-73.78070887195283, 40.61402680900606], [-73.78114906073043, 40.61399827147998], [-73.78088360834359, 40.613640354636544], [-73.78355221437404, 40.61192445198106], [-73.78497523353337, 40.61192957008834], [-73.78577809315796, 40.61099347707099], [-73.78646972800934, 40.6106789689818], [-73.7871989741232, 40.610655841667395], [-73.78741544568165, 40.610262111097235], [-73.78770742637468, 40.61036546776254], [-73.78865910627547, 40.610090594226996], [-73.78876011660967, 40.60963789567912], [-73.7890816016591, 40.60955280596747], [-73.78901840238645, 40.60922220694482], [-73.78995389362358, 40.6089815663262], [-73.79001264272644, 40.608685463307125], [-73.79047269491804, 40.60845618791453], [-73.79038020614568, 40.60824549017316], [-73.79085621325443, 40.60804806724558], [-73.79087659100203, 40.60769558878513], [-73.79139721012069, 40.60761085474754], [-73.79151114690586, 40.608154521417], [-73.79115751304454, 40.60825180138941], [-73.79117287672634, 40.60847459860634], [-73.79173302638982, 40.60875934353348], [-73.79274948626329, 40.608646366375744], [-73.79365104095486, 40.60898581547189], [-73.79389688394961, 40.609468516718444], [-73.79454166514695, 40.60974874497985], [-73.79480633875197, 40.61037835997884], [-73.79745676195705, 40.61131820439642], [-73.7989852939449, 40.61148245721682], [-73.79917318059654, 40.6120262464294], [-73.80025700070239, 40.61159728288837], [-73.80080125919629, 40.61193390397921], [-73.80023948919145, 40.61208196016945], [-73.79993435271605, 40.61314387003062], [-73.79931694077477, 40.613358220089204], [-73.799685101531, 40.61377747404327], [-73.79903903506863, 40.61555054198553], [-73.7985446566274, 40.61588959664691], [-73.79816300611748, 40.61571609028378], [-73.79806090382836, 40.61632691651143], [-73.79727592497258, 40.61666041255345], [-73.79724298146036, 40.617593763471426], [-73.79678304297721, 40.6177047226328], [-73.79700484778857, 40.61837994395821], [-73.7963556790424, 40.61845468453555], [-73.7961883089091, 40.61960985302938], [-73.79559534308406, 40.6202110131049], [-73.79554027260168, 40.62091262967489], [-73.79502286259061, 40.62129190728349], [-73.79523389664114, 40.621606718870815], [-73.79446685514668, 40.621785699811305], [-73.79457567259594, 40.62251914939957], [-73.7936837203645, 40.62270233988122], [-73.79226568070139, 40.622339427751236], [-73.79075818793622, 40.62232836832447], [-73.78916270446422, 40.62299975113101], [-73.78594058254244, 40.62584700517733], [-73.78536320758097, 40.62670665683843], [-73.78487888740895, 40.62663147070813], [-73.78363079015826, 40.62814252187056], [-73.78328415820381, 40.628954348414965], [-73.78348975751075, 40.63016511572026], [-73.78434764242147, 40.63137332043368], [-73.78570293740455, 40.632094989481], [-73.78690666684481, 40.63226190072911], [-73.78949663072326, 40.63426977920231], [-73.79076947473723, 40.63384872578328], [-73.79079284299088, 40.634282043205246], [-73.79811872226199, 40.631037509261304], [-73.79827615415297, 40.631252179365994], [-73.790811112505, 40.63431035551096], [-73.79130877788221, 40.634401300654986], [-73.79122898509743, 40.634857064070104], [-73.79222318037623, 40.63589008828015], [-73.79343369196113, 40.63608669084751], [-73.79474387433272, 40.63662936689212], [-73.79725742867075, 40.638007613757935], [-73.79923711983864, 40.638420109703816], [-73.80177220251416, 40.639760283952924], [-73.80465930241435, 40.64090520949681], [-73.80565939652627, 40.64160198312647], [-73.80670200675765, 40.641776184673056], [-73.80864568716697, 40.64281492737801], [-73.81075749444096, 40.64349239125607], [-73.81203333683291, 40.644303575045974], [-73.81364360224747, 40.644690949597404], [-73.81565104157627, 40.64563002243219], [-73.81830316956352, 40.64626766449117], [-73.8212292060586, 40.64897515017099], [-73.82215143198066, 40.65013528973994], [-73.82260572673476, 40.65278610684331], [-73.82346560421553, 40.65531301555449], [-73.82246765596551, 40.65915986639908], [-73.82153552464848, 40.659972383056335], [-73.82174650215691, 40.66011836659352], [-73.82151179330785, 40.65998210560231], [-73.81971419909215, 40.66087372617609], [-73.81965725287023, 40.66074191904563], [-73.8186953155868, 40.661105051055365], [-73.81457011758246, 40.66063459763931], [-73.81262125517662, 40.660157049898594], [-73.81149882578244, 40.66022623784153], [-73.81130119061753, 40.66062807386267], [-73.81867184374161, 40.66213277692885], [-73.82347625129688, 40.660060038354274], [-73.82492940963316, 40.655441532374724], [-73.8234752748072, 40.65047629589144], [-73.82342199947176, 40.64946400031588], [-73.8229071770089, 40.648093446004935], [-73.82311296946084, 40.64800269563793], [-73.82395972237428, 40.64919353347329], [-73.824587603009, 40.64948314918048], [-73.82499846516194, 40.64937693088307], [-73.82534103085798, 40.64966537615886], [-73.82588910297974, 40.64948606881622], [-73.82614483059653, 40.65008184094279], [-73.8264073556985, 40.649289162577354], [-73.82622033638891, 40.64836102759461], [-73.82846041105715, 40.649118677724985], [-73.82959697362591, 40.64982765808606], [-73.83001039818403, 40.650328374657725], [-73.8300076744927, 40.65090347505769], [-73.83093651353481, 40.65162612925601], [-73.83128774471702, 40.65347883792681], [-73.83161314793684, 40.653748953236395], [-73.82901417557974, 40.656107884452666], [-73.82966677652134, 40.65559904001654], [-73.83044328071922, 40.65551947244467], [-73.83060245974774, 40.654806889777745], [-73.8317081441153, 40.65393117429708], [-73.83205445130537, 40.65404641806782], [-73.83200052870741, 40.654440818965284], [-73.83221698518575, 40.654460386293216], [-73.83149330103005, 40.65497982053998], [-73.83116100809754, 40.65591923323478], [-73.83003301456556, 40.65656716833629], [-73.82937603410595, 40.656506335718696], [-73.82896778740296, 40.65720524792025], [-73.82917919734568, 40.657799778544465], [-73.83013028740517, 40.65840264321883], [-73.82970706838906, 40.658502513864754], [-73.82959986903147, 40.658656806412935], [-73.83016243281726, 40.659804110926366], [-73.82969520083391, 40.65865592869168], [-73.83024427039375, 40.65834996934838], [-73.82922393902857, 40.6577065123841], [-73.82909434825203, 40.6573342186635], [-73.82950265119837, 40.65664743198353], [-73.83009172569676, 40.65673635744888], [-73.83127112564203, 40.65600327162475], [-73.8318523847929, 40.6548850382672], [-73.83218186067892, 40.65489475245755], [-73.83290309524585, 40.65748377162328], [-73.83194394578257, 40.656171427253646], [-73.83260036370599, 40.657826591627526], [-73.83112664421819, 40.658318786441264], [-73.83338439472544, 40.658051859208186], [-73.83079877895905, 40.64897655920663], [-73.83148723517212, 40.64788727851647], [-73.83453497304737, 40.648025130788426], [-73.83556587118942, 40.648427455042324], [-73.83597223496483, 40.64934876341625], [-73.8384530672249, 40.65936161970113], [-73.83880690398891, 40.66094183497779], [-73.838627242939, 40.66108164278521], [-73.83883705709059, 40.66112152388093], [-73.83892925173797, 40.66127003385264], [-73.83807555639738, 40.66158795982319], [-73.83814081447278, 40.66206950759353], [-73.83872354363098, 40.66240716098425], [-73.8396959651554, 40.6622383041053], [-73.83962395791993, 40.6619961291954], [-73.8399794997561, 40.661904273862426], [-73.83592320073284, 40.64549979067515], [-73.83633074787276, 40.64532114928068], [-73.8386089610291, 40.645347908312914], [-73.8403918535899, 40.64488791452938], [-73.84579484060215, 40.64410150925752], [-73.84950699084165, 40.64413376567896], [-73.85207628474045, 40.64617614809119], [-73.85243199632468, 40.64715929523087], [-73.85172587398122, 40.64891215457001], [-73.85137202165077, 40.64917990359894], [-73.85090552461405, 40.64916819600056], [-73.85058665633537, 40.65033798099515], [-73.85037708349644, 40.650274499875806], [-73.85042261012721, 40.65047699482567], [-73.84925726840814, 40.65103153255111], [-73.84939766406322, 40.651434878950596], [-73.84992253316281, 40.6516579636039], [-73.8507849972619, 40.651532851904534], [-73.85250949611572, 40.65055140367126], [-73.85403329488044, 40.65066031157173], [-73.85525081124429, 40.65127037487835], [-73.85591932942557, 40.651309261690685], [-73.85671288977, 40.65280166451753], [-73.8570538834579, 40.652966700015334], [-73.85772331773967, 40.65272622907191], [-73.85828132383823, 40.65299487215201], [-73.85932735900943, 40.654940570395226], [-73.86136381950391, 40.6564147541655], [-73.86136038361256, 40.656594205207256], [-73.86061669329688, 40.65646465720713], [-73.86020839500942, 40.65701037494929], [-73.86006777819523, 40.65677986104973], [-73.85983363521477, 40.65697706322063], [-73.86007499798218, 40.65704861108021], [-73.85981027609678, 40.657322411493915], [-73.85993897279535, 40.657720177150594], [-73.85957204813262, 40.658035350054455], [-73.8596355866937, 40.658457772056636], [-73.86025847890078, 40.65862971173923], [-73.86023236327544, 40.65889713056022], [-73.86051208600027, 40.65849767194647], [-73.86098077532203, 40.658381303388545], [-73.86049000486238, 40.658994143594285], [-73.86061207311211, 40.65932653460533], [-73.86124943397024, 40.65872091007425], [-73.86127280308048, 40.65826516768451], [-73.86095892097161, 40.65806094299702], [-73.85976839588899, 40.65828193634595], [-73.86057551669609, 40.65783605216008], [-73.86034164704868, 40.657247905698185], [-73.86087597606709, 40.656908162045546], [-73.86161371163614, 40.656996510253], [-73.86170301259713, 40.65802488956633], [-73.86269778299527, 40.657618309012584], [-73.86317083340397, 40.658276512949044], [-73.8603049463005, 40.65963465530492], [-73.85761537185576, 40.660118933154045], [-73.85842950857293, 40.663453360932024], [-73.8556846122103, 40.66386749287575], [-73.85763323174355, 40.671656194039016], [-73.86038519920734, 40.67125171099071], [-73.86234580535132, 40.6791647856445], [-73.86328297030434, 40.679079370673605], [-73.86410096679128, 40.68237285029282], [-73.86601993220725, 40.68191958702824], [-73.86868454370573, 40.6940346919058], [-73.86840519015207, 40.69473118624479], [-73.86891762756782, 40.69514656151503], [-73.87402053306702, 40.69419129521835], [-73.87950641220809, 40.69114676934596], [-73.88377698649268, 40.68786341118515], [-73.88452250957428, 40.686684749095754], [-73.88808341842545, 40.685293632171295], [-73.88962787578754, 40.6842364542531], [-73.89015418738825, 40.685003990307905], [-73.89258303168334, 40.683491910887994], [-73.894174632671, 40.68528324867338], [-73.89577945503, 40.6834971833583], [-73.89646625129005, 40.682336421973496], [-73.901161550604, 40.68787793535575], [-73.90042465047068, 40.68818389887643], [-73.90188776254891, 40.69107772007343], [-73.90139840662029, 40.69158999203799], [-73.90579597075228, 40.694127155514366], [-73.90426018411694, 40.69570037144337], [-73.9118068219108, 40.699946882524], [-73.91067882737353, 40.70104596956685], [-73.91290404121894, 40.702361891799484], [-73.91180710069368, 40.70343495252938], [-73.92189184698678, 40.709396096710975], [-73.92074853115788, 40.71053364895893], [-73.92154601695675, 40.71104328353504], [-73.92223466477611, 40.71285595436308], [-73.92404011334023, 40.71400831262914], [-73.92368352152519, 40.714082841408405], [-73.92412241575492, 40.715138048445354], [-73.92232970167696, 40.716076545172605], [-73.92064258940533, 40.715773192531614], [-73.9205690553611, 40.71600370834084], [-73.9222376112434, 40.71638244049431], [-73.92393867329348, 40.71904275678715], [-73.92383575405634, 40.720148164078395], [-73.9242436492106, 40.72142949825619], [-73.92519985799306, 40.72243959771096], [-73.92442298754928, 40.72358997548384], [-73.92214330961276, 40.723707557018955], [-73.92073356094122, 40.7233098127707], [-73.92037064235724, 40.72368111331865], [-73.92228620280896, 40.72418128643502], [-73.92419217991149, 40.72427574169363], [-73.92490316165177, 40.72450657567164], [-73.92655663912387, 40.725669065287406], [-73.92855676085436, 40.72784482818577], [-73.9292348587616, 40.72826016576123], [-73.93453176375675, 40.729104806535155], [-73.93644563967115, 40.729672145598755], [-73.93804478507161, 40.73050996784624], [-73.93911054574804, 40.73137980652578], [-73.94016538640962, 40.73348637434488], [-73.94006709327033, 40.73376215298034], [-73.94162472636474, 40.73584144233844], [-73.94594095987212, 40.73750507655418], [-73.94257885812185, 40.738816020268764], [-73.94280384267623, 40.73886154695903], [-73.94255612805297, 40.73902086574682], [-73.94146173463156, 40.739248583627365], [-73.94050888805725, 40.74011394175328], [-73.94036159285052, 40.74033534565844], [-73.9405614496907, 40.74041832293436], [-73.93910874138092, 40.74261703567947], [-73.93866991753184, 40.74253408202515], [-73.93858786976786, 40.742930882687666], [-73.9400192297566, 40.74320827221095], [-73.9401485852122, 40.74283244146026], [-73.93965301521378, 40.74273108709586], [-73.94118816696214, 40.74029021779217], [-73.942706089921, 40.73911506297884], [-73.94548236590111, 40.73820703129397], [-73.94715087181176, 40.73790012334491], [-73.95138071451841, 40.739336477295254], [-73.95379878808671, 40.73981986577473], [-73.95741470765991, 40.739556582011744], [-73.9607258037368, 40.73808017017932], [-73.96216505619317, 40.738272538259146], [-73.96260819750833, 40.738795539056795], [-73.96220916491808, 40.74000617499572], [-73.96179048263085, 40.74001313041701], [-73.96124698011553, 40.740423596613006], [-73.96193750086438, 40.74079487881611], [-73.96180397489094, 40.74109767347241], [-73.96121862852013, 40.741107860130384], [-73.96107392567998, 40.74169450475235], [-73.96136486583062, 40.74183719790202], [-73.96110814501434, 40.74182802540554], [-73.96155253168952, 40.74199326140734], [-73.96119029789011, 40.742644855259904], [-73.96054252040628, 40.743466393971644], [-73.9597747079782, 40.7435046837007], [-73.95970598360807, 40.74385865006143], [-73.96056856792404, 40.74402966608282], [-73.95963225023952, 40.74393463191435], [-73.9593910660958, 40.74428332424145], [-73.95972855228639, 40.74427211561958], [-73.96015525517686, 40.74436878260575], [-73.96012600962386, 40.744443936991644], [-73.95923368945668, 40.74431004302671], [-73.9587753700448, 40.744555599863595], [-73.95944240940852, 40.74460422061234], [-73.95887919943338, 40.74462433145489], [-73.95875854834792, 40.74494500525308], [-73.95966590587581, 40.745170300582764], [-73.95849389303115, 40.74498786491641], [-73.95933786844711, 40.74550760689611], [-73.95905935607935, 40.74575336834659], [-73.95850227459326, 40.74576497421804], [-73.95914371692935, 40.746000603678645], [-73.95704097342924, 40.74892035087424], [-73.95485394268042, 40.74804079464114], [-73.95318382492853, 40.747734811961166], [-73.95305375571401, 40.74808748722947], [-73.95478387869808, 40.748427687773436], [-73.95632162509656, 40.74908155393253], [-73.95601160302711, 40.74937399422695], [-73.95622199020674, 40.749517303030636], [-73.95600065094622, 40.749383703209396], [-73.95576039140944, 40.749596659530376], [-73.95620136801152, 40.749685632821375], [-73.95546436936395, 40.74967421308285], [-73.95534928514437, 40.75001385690411], [-73.95506652560155, 40.74963273037563], [-73.95451584573382, 40.75058669897692], [-73.9544985816368, 40.75122583574089], [-73.9513143815353, 40.75457955013985], [-73.94350282032728, 40.76449904074404], [-73.9413117494144, 40.766918004769785], [-73.93983559283014, 40.76798800593916], [-73.93936587223833, 40.768159701879746], [-73.93895502453307, 40.76795818671981], [-73.93819730754757, 40.768699744356844], [-73.93788768426388, 40.76855755343234], [-73.93795822895135, 40.76878493401805], [-73.93747109116856, 40.76895155858923], [-73.93681460654729, 40.76890394747859], [-73.93640381736164, 40.76947488451709], [-73.93574021432624, 40.769367229866724], [-73.93489533894557, 40.77004186288969], [-73.93469499067021, 40.77042533802277], [-73.93514715402594, 40.77054195605863], [-73.9350081387223, 40.77116239486674], [-73.93452730109435, 40.77117677510358], [-73.93443525743177, 40.7714623623336], [-73.93746638537067, 40.77253149512539], [-73.93781335969511, 40.77356289464817], [-73.93765483090803, 40.775085685383864], [-73.9363802281754, 40.77692145656283], [-73.93508232492145, 40.77794423372794], [-73.93381132859459, 40.7781004537336], [-73.93178834305208, 40.777870606602505], [-73.9310496429899, 40.77744189680968], [-73.93062856554155, 40.77659090274979], [-73.92988058500129, 40.77622163139944], [-73.92860515023345, 40.776592675101156], [-73.926318334039, 40.778241775185165], [-73.9248734454792, 40.778625604007054], [-73.92295652690201, 40.78044100761981], [-73.92209965433307, 40.7808518746367], [-73.91909034674549, 40.7833676460042], [-73.91818862939184, 40.78393296611385], [-73.91717118646426, 40.7841934843716], [-73.91683277016413, 40.785191392487604], [-73.91575172894562, 40.786107578578275], [-73.9152601393603, 40.78619221714426], [-73.91558710139756, 40.78642963116604], [-73.91259985911479, 40.78937632963407], [-73.91240810934185, 40.78927430294264], [-73.91266748294667, 40.789003974541394], [-73.91183777736101, 40.78968088445851], [-73.91094297500345, 40.789755043254], [-73.91090487098742, 40.79004068496309], [-73.90985862925774, 40.790945493782075], [-73.90032629743816, 40.789007662825895], [-73.8969399356256, 40.78662466896993], [-73.89651204913604, 40.78606865902622], [-73.89635251322325, 40.78617931020345], [-73.8965025483397, 40.78605746784428], [-73.89604376668126, 40.78579998748064], [-73.89614015089806, 40.78560716728847], [-73.89598001322786, 40.78571167576914], [-73.8959296297551, 40.78564894431404], [-73.89612632632574, 40.785593168809065], [-73.8958291437706, 40.78522152738371], [-73.89876162661493, 40.78274894588209], [-73.90114577552107, 40.782711106090815], [-73.90217815315991, 40.781780561863656], [-73.90257929672346, 40.780289120835754], [-73.90234303882673, 40.78018724480481], [-73.90218303706659, 40.78035936664967], [-73.90203565790105, 40.78120310196318], [-73.9012912761892, 40.78185841927053], [-73.90034960780339, 40.78216441002759], [-73.89865437844033, 40.781995420321], [-73.89437777934127, 40.784243203484415], [-73.8960637773842, 40.783157201805395], [-73.89477429053531, 40.78225359249442], [-73.89542197971655, 40.78171777101648], [-73.8953575056752, 40.78165765713364], [-73.89460091774579, 40.78225315898151], [-73.89534447842289, 40.78158556631147], [-73.89416469090781, 40.78247204670663], [-73.89306090692054, 40.78184828970733], [-73.89230750203646, 40.7824660415739], [-73.89274917876409, 40.78296570668492], [-73.89165459123716, 40.78219478153091], [-73.89224191097368, 40.7824107995639], [-73.89300986180193, 40.781798023562416], [-73.89227864597586, 40.781300322183], [-73.89211148854682, 40.781395179209255], [-73.89221792778646, 40.781205323876776], [-73.89167103732989, 40.780854854274025], [-73.89159164168407, 40.78058112081885], [-73.89254018145542, 40.779551834271636], [-73.89166859702924, 40.77949253890752], [-73.8911958970439, 40.77856328788731], [-73.89252259860889, 40.77740462898927], [-73.89141605902395, 40.77633895623446], [-73.89183244904503, 40.77488019988893], [-73.8911204433948, 40.77712469973622], [-73.89056250595347, 40.77740392096448], [-73.89035193082525, 40.777800320777644], [-73.89008729416877, 40.777784193104466], [-73.88947105399666, 40.775535551470036], [-73.8901917152066, 40.773646876225214], [-73.88985169959678, 40.773753297364095], [-73.88945486903737, 40.77353295112739], [-73.88580762286652, 40.77402222447558], [-73.88583361561382, 40.7741092404401], [-73.88566947657925, 40.774126056084015], [-73.88567007665036, 40.77443307121707], [-73.8856323103537, 40.77409707478877], [-73.88578473697669, 40.77402471216474], [-73.88391627963797, 40.77413260659171], [-73.88455150532236, 40.774360621829764], [-73.88483742391138, 40.774952980243306], [-73.8847736190733, 40.77533228058673], [-73.8842883055274, 40.775483097036876], [-73.88525026986592, 40.77861290174267], [-73.88511968881781, 40.77951137538276], [-73.88541287251148, 40.779659960035424], [-73.8851088700627, 40.77952231004403], [-73.88519336272715, 40.77978621409936], [-73.88500897510102, 40.7795648071175], [-73.88488113731138, 40.77998719623892], [-73.88385203219467, 40.780264320257274], [-73.88274449717208, 40.78022342356979], [-73.88139075985553, 40.78060160840823], [-73.87973466843114, 40.78065481754751], [-73.87960692432854, 40.78085031306545], [-73.87870562518874, 40.7805859099503], [-73.87905115693079, 40.78173053286096], [-73.87930868295247, 40.781853657829934], [-73.87885837485584, 40.782398178681355], [-73.87974777853584, 40.782836564207294], [-73.8797016367226, 40.78288281807247], [-73.87883146781734, 40.78243071449453], [-73.87833923298054, 40.78302592074961], [-73.87515754893464, 40.78150944915086], [-73.87124856242608, 40.78603815075258], [-73.86978081192638, 40.785337933326005], [-73.86809912257888, 40.78745866181857], [-73.8678840747076, 40.78736103669476], [-73.86987007434445, 40.78508590656582], [-73.86943751657189, 40.78363839931134], [-73.86860526184714, 40.783809150925634], [-73.86849782906583, 40.78367051850978], [-73.8694234479541, 40.78359131491798], [-73.87048029898958, 40.78230611231544], [-73.87146292358177, 40.78212640074099], [-73.87232286918953, 40.78110076163264], [-73.8720174180928, 40.78095575213115], [-73.8702191075742, 40.781247326868034], [-73.87202831965163, 40.78093336222344], [-73.87233603998413, 40.781085052782515], [-73.87255732673727, 40.78082112154277], [-73.86471066497188, 40.77673318575117], [-73.85505106271819, 40.77219538998928], [-73.85508635910341, 40.771831388277604], [-73.85646272989298, 40.77027306182904], [-73.85788340877986, 40.77065971164017], [-73.85803884070444, 40.77020352220307], [-73.85734730950398, 40.770184232215556], [-73.85621267610291, 40.76919579725539], [-73.85624565746282, 40.768885713696605], [-73.85704790262325, 40.76913955544648], [-73.8576780026624, 40.768276265391684], [-73.85937510429778, 40.7670753289429], [-73.8608553594459, 40.76693211808941], [-73.86110277152281, 40.76727194252997], [-73.86131386166217, 40.766940631241404], [-73.86275490196871, 40.76676452542856], [-73.85949072467278, 40.76256261590268], [-73.85892056312602, 40.76240640118539], [-73.85892298182625, 40.7621223460192], [-73.85864510487953, 40.7625143959092], [-73.85884371506253, 40.762058766779326], [-73.85861915281858, 40.76193559699907], [-73.85765473616219, 40.76307982335128], [-73.85850081255369, 40.763376433082676], [-73.8583431930897, 40.76356256095816], [-73.857638966019, 40.763099449137364], [-73.8569635593979, 40.76407442786327], [-73.8566748236235, 40.76393018832633], [-73.85758285470693, 40.7630729006268], [-73.8565867538878, 40.76272284011443], [-73.85678236963491, 40.76250827740677], [-73.85760424037194, 40.76305328178916], [-73.85817631070422, 40.76239629472661], [-73.8566119581344, 40.76164954225695], [-73.85819433132532, 40.76237410798477], [-73.85858526284439, 40.76191700859714], [-73.85712133534516, 40.76118890387295], [-73.8553026602967, 40.76064958475243], [-73.85466366458898, 40.76017116956227], [-73.85372403934942, 40.76024638863504], [-73.85279376594949, 40.75997216613469], [-73.85297408882357, 40.760217086700656], [-73.85158552901191, 40.75935542065714], [-73.85069053065452, 40.75944879109058], [-73.84994041798495, 40.759698256093024], [-73.84930110814332, 40.760242875350144], [-73.84987484496149, 40.761103812948654], [-73.85197412962866, 40.76024940738198], [-73.85207200177837, 40.7603928846723], [-73.84981162475142, 40.76127097400834], [-73.8491666240615, 40.76029658428802], [-73.84858834617641, 40.76017956308844], [-73.8435936131629, 40.763370542788564], [-73.84368787664116, 40.76361272608388], [-73.84343628780456, 40.763432566193785], [-73.84306961269657, 40.763592569153964], [-73.84304240810822, 40.764321319920484], [-73.84272819396486, 40.76462854893194], [-73.84052635479378, 40.76538798970026], [-73.83957826853546, 40.76525232297323], [-73.83913189263411, 40.765991105568546], [-73.83969772549081, 40.766392677045594], [-73.83959072609815, 40.76711082471925], [-73.83993922177474, 40.76706427714755], [-73.84031170315293, 40.766294797898624], [-73.84448895884196, 40.76545960258418], [-73.84620024037952, 40.766196343166634], [-73.84723067976141, 40.76631315809594], [-73.84780575104425, 40.766772948171884], [-73.84862313819373, 40.76811397377155], [-73.84827134088809, 40.76820218114841], [-73.84819270803453, 40.76848035983155], [-73.84874543600232, 40.76871174752752], [-73.84899656368123, 40.76914831400687], [-73.84846616766745, 40.769726441306496], [-73.8486715286884, 40.77076157290275], [-73.84994241882967, 40.77192719326011], [-73.85030397450468, 40.77193819958972], [-73.85033808818524, 40.771743668538946], [-73.85130108374476, 40.77180636079786], [-73.85127037620715, 40.77198553474382], [-73.84995162517303, 40.771958298877244], [-73.85004065546251, 40.77222460105774], [-73.84897619867189, 40.77356166795718], [-73.84921529930918, 40.7746548604306], [-73.84892988681854, 40.77555708012964], [-73.84919240411048, 40.77579046953054], [-73.84896802544691, 40.778022212691745], [-73.84974741420473, 40.77841405400628], [-73.84946904846156, 40.77866378321186], [-73.84993353296176, 40.77876912338121], [-73.84963968933036, 40.77948327517696], [-73.85147606060335, 40.778964409228195], [-73.85101339619412, 40.77912195667458], [-73.85107946016636, 40.77929775818595], [-73.85014017315828, 40.77939098692587], [-73.84981720066128, 40.779630347551816], [-73.8523526788141, 40.77948067233096], [-73.85235661936242, 40.779169330522535], [-73.85238832778397, 40.77952890238718], [-73.84982102259873, 40.77965133880154], [-73.8495632520746, 40.779879082167305], [-73.85031473957734, 40.7800415360043], [-73.85045656031583, 40.779888280416564], [-73.85169028085423, 40.77986750847837], [-73.8516709916224, 40.78003522887832], [-73.84949381208321, 40.78006582811444], [-73.84988932081794, 40.78108913479864], [-73.85093646396534, 40.7811195751562], [-73.84988728063747, 40.781121511317096], [-73.84983660014265, 40.78159962491646], [-73.84918709418461, 40.7816418115497], [-73.84954774265991, 40.78184107834291], [-73.84924675980123, 40.782256365824416], [-73.85028520882396, 40.782459450176674], [-73.85314993069177, 40.78232393627636], [-73.85322330949941, 40.782060534367844], [-73.85367974095061, 40.78198574204446], [-73.85528242786589, 40.7819753843501], [-73.85545062834929, 40.78314307913857], [-73.85645378741422, 40.783350925658794], [-73.85664951090608, 40.78289231927661], [-73.85684129014666, 40.7833713634854], [-73.85808318103423, 40.78372407833935], [-73.85790165547213, 40.78449028085323], [-73.85852520170424, 40.78521351878028], [-73.85900171407458, 40.78518675473129], [-73.85905644532366, 40.7854318130606], [-73.8590747615189, 40.7852373818138], [-73.85910732207955, 40.7854621177998], [-73.8592361058371, 40.78530658875588], [-73.8594632808303, 40.785494851996006], [-73.85934860119954, 40.78502724994281], [-73.85950833484762, 40.785534934449934], [-73.85899048937371, 40.78549159893389], [-73.85912461223712, 40.78585015966344], [-73.85858840508548, 40.78614814015405], [-73.85868283350074, 40.7865311664755], [-73.85814354176253, 40.78704432244287], [-73.85681133765485, 40.78667261369734], [-73.85593893862168, 40.78768873422765], [-73.8534518446134, 40.787826112299065], [-73.85284230133867, 40.78821137174012], [-73.85438364788577, 40.78832012876322], [-73.8548008362411, 40.78860762657587], [-73.8544719407123, 40.7902589753198], [-73.85265359064718, 40.791122317591274], [-73.853769898906, 40.79233577890703], [-73.85368561848587, 40.79401839408199], [-73.8527662719851, 40.79438924732693], [-73.8526309825624, 40.794944854244925], [-73.85159077157343, 40.79408653107805], [-73.84906160835088, 40.793362610298715], [-73.84884894723113, 40.7935016856585], [-73.84907814795721, 40.79414538448098], [-73.84870999361334, 40.79541648129005], [-73.84624420656029, 40.79616309543737], [-73.8455780270891, 40.796020896193355], [-73.8445991504444, 40.7949115498754], [-73.84354668938991, 40.79491394401068], [-73.8433063238679, 40.79550093399163], [-73.84284865322397, 40.79521340167193], [-73.8432849719419, 40.79617439268523], [-73.8428087524122, 40.795418222413296], [-73.84225959368331, 40.79558496893755], [-73.8428667525936, 40.79692222907211], [-73.84216747341128, 40.79561294016377], [-73.84142122729105, 40.79514695145783], [-73.84129943545976, 40.796219669330256], [-73.84059982294505, 40.7968068037133], [-73.84013930364449, 40.79687918783631], [-73.84041517975831, 40.7976784372589], [-73.83920948324106, 40.7978443143542], [-73.8384291582917, 40.79837567115353], [-73.83789967503715, 40.79850897068427], [-73.83919004727183, 40.7977772664478], [-73.84025860809128, 40.79758885843241], [-73.83997099590049, 40.79690564189242], [-73.839036768124, 40.79705247657841], [-73.8384008307784, 40.79675525880964], [-73.83706498880258, 40.79385109842643], [-73.83659078616276, 40.79208255055198], [-73.83661598944191, 40.79176276700107], [-73.83732085415384, 40.79139278568124], [-73.83751566674027, 40.79101212959931], [-73.83750358883579, 40.79046166072568], [-73.83681814957033, 40.79046990635998], [-73.83748191403237, 40.790434497921936], [-73.83728049134774, 40.789009872422206], [-73.83713432989512, 40.78956403301447], [-73.83565808161073, 40.78957267098123], [-73.83533150242076, 40.78921274271705], [-73.83413566521286, 40.78906613655161], [-73.833813167647, 40.788522677991025], [-73.8329293717141, 40.78851811420333], [-73.83211813285997, 40.78877203841898], [-73.83174255613113, 40.78923440253706], [-73.83143767101389, 40.789178351488665], [-73.83195118463726, 40.78941477213239], [-73.83214914506108, 40.79004344006358], [-73.8313735338278, 40.791368944662196], [-73.83065972132654, 40.791650214548746], [-73.82997327104808, 40.79156350834963], [-73.82895035710122, 40.792014018810505], [-73.82851893012122, 40.792494236175465], [-73.82923174651863, 40.793002287679315], [-73.82839743076657, 40.792552297545924], [-73.82791413746047, 40.79289359289098], [-73.82797171977278, 40.79479437041049], [-73.82880962942951, 40.79618376840128], [-73.82945157754538, 40.79665896055775], [-73.82994060913852, 40.79608347179081], [-73.83003294431451, 40.79613549122515], [-73.82947072470064, 40.796667940095325], [-73.82976585679005, 40.796832562978345], [-73.83028847001636, 40.79624226067726], [-73.83052227564077, 40.796394970407256], [-73.82995664004932, 40.79691231068259], [-73.82978477023461, 40.796871338826975], [-73.82905966768637, 40.796462507655335], [-73.82742422822845, 40.7967486749714], [-73.82697091510649, 40.79712827768977], [-73.8271821380805, 40.79760952567305], [-73.82673856166687, 40.79779624545315], [-73.8261182190996, 40.79727143446594], [-73.82506496699443, 40.79737577656837], [-73.82399356537586, 40.79800962827388], [-73.8242331874496, 40.79869523739074], [-73.82385948384697, 40.798154135104845], [-73.82343323450802, 40.79840651440802], [-73.82372348219172, 40.79889924136052], [-73.82325371060094, 40.79846953616857], [-73.82330552497581, 40.79896286612073], [-73.8230026297057, 40.79864228972416], [-73.82261101579185, 40.79889318931463], [-73.82279270625752, 40.79933978322592], [-73.82241227004737, 40.79908891375383], [-73.82267787896849, 40.79948613523663], [-73.82238754736628, 40.79911289157385], [-73.82161789179172, 40.79999198769297], [-73.82043245966628, 40.8006278644213], [-73.82049919995305, 40.80101146781919]]]]}}, {"type": "Feature", "properties": {"BoroName": "Manhattan"}, "geometry": {"type": "MultiPolygon", "coordinates": [[[[-74.0081641459391, 40.686174717161656], [-74.0119325991106, 40.68388774915516], [-74.01217596614636, 40.684095185628685], [-74.00835446532174, 40.68640020025087], [-74.0081641459391, 40.686174717161656]]], [[[-74.00500373315074, 40.687605985401035], [-74.005629863304, 40.68678420604382], [-74.00783293766683, 40.6873850551629], [-74.00742012154097, 40.6882062904361], [-74.00500373315074, 40.687605985401035]]], [[[-74.00382038919733, 40.68892964469949], [-74.00459270521772, 40.68821522298678], [-74.0067843843981, 40.68882687995847], [-74.00636461225267, 40.689669668637144], [-74.00382038919733, 40.68892964469949]]], [[[-74.00297565436566, 40.69042657592092], [-74.0034092162452, 40.68961326116028], [-74.00575900670344, 40.69023640001638], [-74.00534209624915, 40.69109160297805], [-74.00297565436566, 40.69042657592092]]], [[[-74.04387761573918, 40.69018767587426], [-74.0435059601254, 40.68968735963654], [-74.04270428426767, 40.69015520464451], [-74.04255372037308, 40.689962759289784], [-74.04346752310265, 40.68963699010366], [-74.04364078627445, 40.68876656007293], [-74.04438521711224, 40.688516177900524], [-74.04627538937608, 40.68932742539461], [-74.04680284898575, 40.689953256266215], [-74.04747651462345, 40.689611369998474], [-74.04772962697074, 40.68991531896908], [-74.04743126057485, 40.68980389047135], [-74.04689205500591, 40.69005909832283], [-74.04720029366216, 40.690424815121354], [-74.0471702948939, 40.690991328742676], [-74.04614707208665, 40.691122646033364], [-74.04387761573918, 40.69018767587426]]], [[[-74.00216095506005, 40.69223814086755], [-74.00179839826068, 40.6922700160104], [-74.00181122055704, 40.69223801288127], [-74.00216095506005, 40.69223814086755]]], [[[-74.00132562399813, 40.69146310033226], [-74.00069905841879, 40.690611858419224], [-74.00479415294552, 40.691761620374606], [-74.00440941259976, 40.692528800389496], [-74.00196938526082, 40.69184320882026], [-74.00132562399813, 40.69146310033226]]], [[[-74.0167475609607, 40.693343368217775], [-74.01540359141647, 40.69306649730931], [-74.01538919768244, 40.69329813466569], [-74.01517482202624, 40.69325668033566], [-74.01525951035647, 40.69303681423206], [-74.01512878294328, 40.69324379583458], [-74.01494315033483, 40.693141021930984], [-74.01515612159503, 40.6930155153944], [-74.01422123084896, 40.69282290584166], [-74.01343563361452, 40.69211544203167], [-74.01250258675178, 40.69230358046314], [-74.01229731492555, 40.69256825483527], [-74.0118492003855, 40.69251819775064], [-74.01190309722563, 40.69209058350803], [-74.01246140165135, 40.692212624918625], [-74.01333505303282, 40.692012099552755], [-74.01260856859395, 40.69136410412734], [-74.01203417616576, 40.69150307668585], [-74.01259753152567, 40.69133433554468], [-74.01252783209975, 40.69114633733814], [-74.01182575354973, 40.691064816216326], [-74.01219500090085, 40.691028847569], [-74.01198056761248, 40.69060640727195], [-74.012231311469, 40.69046133077527], [-74.01230688304491, 40.68928018293774], [-74.01316926402752, 40.68815477070076], [-74.01488097975023, 40.687254570991286], [-74.01604730539535, 40.6873380068005], [-74.01704986609217, 40.686875987416606], [-74.01664664084757, 40.686416347233504], [-74.01514391088018, 40.6864370340431], [-74.01667351529993, 40.68630516855368], [-74.0171209910106, 40.68684333713415], [-74.02054367293081, 40.68527206792612], [-74.02020686710516, 40.684833832574654], [-74.01939842391928, 40.68508740404737], [-74.02095255010296, 40.68438443164739], [-74.02027819846491, 40.68480913517465], [-74.02061267235811, 40.68524039019821], [-74.02224078898519, 40.68451840759947], [-74.02211854383413, 40.684351950801634], [-74.02259359581042, 40.684359695950135], [-74.02213250186865, 40.68376767188284], [-74.02305574749595, 40.682916945445314], [-74.02236823557672, 40.68377991679415], [-74.0227589902996, 40.68428444833245], [-74.02421537269676, 40.68394424346453], [-74.02567183758212, 40.684236456205234], [-74.02657640943113, 40.685241663540864], [-74.02642577243203, 40.68617533982978], [-74.02020527434277, 40.69203392385441], [-74.01973308196347, 40.693114107487055], [-74.0167475609607, 40.693343368217775]]], [[[-74.00127014902642, 40.69329606217652], [-74.00174362045013, 40.69240674970567], [-74.00400795971098, 40.69320819963254], [-74.00345348490625, 40.69405163067152], [-74.00127014902642, 40.69329606217652]]], [[[-74.00026872377788, 40.69496580257812], [-74.00095868416989, 40.694069083582406], [-74.00301393829082, 40.69477784447932], [-74.00239802583795, 40.695711654864674], [-74.00026872377788, 40.69496580257812]]], [[[-73.99837760685772, 40.69806329614628], [-73.99887117097656, 40.69715757729601], [-74.00104903057523, 40.69790823619499], [-74.00048768562517, 40.6987577776347], [-73.99837760685772, 40.69806329614628]]], [[[-73.99799957540132, 40.698797685544484], [-74.0000184043362, 40.69946604807382], [-73.99947463838926, 40.70032277801851], [-73.9974989831, 40.69963886932142], [-73.99799957540132, 40.698797685544484]]], [[[-74.03995040788483, 40.7008906301403], [-74.03771124796636, 40.69934404034792], [-74.03809786214745, 40.69903950474181], [-74.03822954445391, 40.6983685916979], [-74.03900043878028, 40.69836989039119], [-74.0393403767012, 40.69811551433359], [-74.04124261832222, 40.69953674143506], [-74.04174768868015, 40.699147863566836], [-74.03991248872623, 40.69770204039857], [-74.0416605191481, 40.69645297113734], [-74.04367371230778, 40.69802040433027], [-74.04270395810723, 40.69880060058688], [-74.04296505227515, 40.69899936182237], [-74.0410986123707, 40.70049294338983], [-74.04080080646241, 40.70026854992668], [-74.03995040788483, 40.7008906301403]]], [[[-73.99513826840686, 40.70297411472301], [-73.99669768997464, 40.70087697691724], [-73.99813879899456, 40.70151878774596], [-73.99619227228733, 40.703377140864326], [-73.99513826840686, 40.70297411472301]]], [[[-73.99502134649177, 40.70314786924691], [-73.99544564312069, 40.70327530547197], [-73.99529346700933, 40.70355406589817], [-73.99480038274864, 40.70329195864475], [-73.99502134649177, 40.70314786924691]]], [[[-73.99488204726408, 40.70400865389534], [-73.99488239902435, 40.70378802583759], [-73.99502925916447, 40.703808200868195], [-73.99488204726408, 40.70400865389534]]], [[[-73.98237340505965, 40.70554335043772], [-73.98242287179878, 40.705822055452145], [-73.9810239061828, 40.70589891389374], [-73.98230205183879, 40.70573697939984], [-73.98237340505965, 40.70554335043772]]], [[[-73.96718243631241, 40.71848305630175], [-73.96656241897496, 40.71801586680643], [-73.96659690332669, 40.71796798139044], [-73.9673074147439, 40.71831306718434], [-73.96718243631241, 40.71848305630175]]], [[[-73.9664913615978, 40.719436208911176], [-73.9663636385142, 40.71905045604846], [-73.96575996533477, 40.71868903477949], [-73.96663600829653, 40.71913014271283], [-73.9664913615978, 40.719436208911176]]], [[[-73.96559823311401, 40.72074445840268], [-73.96511736823715, 40.720316338856485], [-73.96567655698857, 40.720678960540575], [-73.96559823311401, 40.72074445840268]]], [[[-73.96485304211545, 40.72095280485976], [-73.96436107956328, 40.720477239877326], [-73.96439735661679, 40.72044183392412], [-73.96503100130579, 40.72079084137131], [-73.96485304211545, 40.72095280485976]]], [[[-73.96430846303332, 40.72105566948857], [-73.9640659124426, 40.720799910962555], [-73.9643750430115, 40.72099255076879], [-73.96430846303332, 40.72105566948857]]], [[[-73.9648428486345, 40.72146417609481], [-73.9642746249727, 40.72057576759408], [-73.96495059736691, 40.721424181604526], [-73.9648428486345, 40.72146417609481]]], [[[-73.96246790011057, 40.724131579601476], [-73.96200744799044, 40.72399190110538], [-73.96207271943857, 40.72388030090567], [-73.96246790011057, 40.724131579601476]]], [[[-73.96225228876577, 40.72998556698212], [-73.96128261942144, 40.73006102501026], [-73.9625493395233, 40.72974406784673], [-73.96225228876577, 40.72998556698212]]], [[[-73.96369938139063, 40.73143661955739], [-73.9616744677247, 40.731481253552914], [-73.9636593923288, 40.73124981148223], [-73.96369938139063, 40.73143661955739]]], [[[-73.96064863700752, 40.74413031711164], [-73.96056856792416, 40.74402966608278], [-73.96067204645489, 40.74405121585638], [-73.96064863700752, 40.74413031711164]]], [[[-73.9641598028843, 40.746865547359754], [-73.96444522752651, 40.74641042526079], [-73.96458318426947, 40.746454400673514], [-73.9641598028843, 40.746865547359754]]], [[[-73.9576883184342, 40.748535026871835], [-73.95751889254925, 40.74830361959221], [-73.9578395394205, 40.74833800337541], [-73.9576883184342, 40.748535026871835]]], [[[-73.93556797049789, 40.77191877753371], [-73.93556621751405, 40.77162911588922], [-73.93585195294749, 40.77171600199284], [-73.93569833888495, 40.771766903124146], [-73.93556797049789, 40.77191877753371]]], [[[-73.94111778718026, 40.76941440857484], [-73.94285528620705, 40.76830349440947], [-73.94943175563205, 40.760548617361664], [-73.95177822025997, 40.75840254987716], [-73.95322009963168, 40.75642684181784], [-73.95791452493187, 40.75210985452549], [-73.96090586319525, 40.74980198197353], [-73.96132845481047, 40.74960095762468], [-73.96153855464473, 40.749723119840674], [-73.95901616627481, 40.753595059957576], [-73.95845836805675, 40.753949236505065], [-73.95339140733955, 40.75979676235789], [-73.95208632266514, 40.7608621549076], [-73.95093734928088, 40.762570495238], [-73.94908628791565, 40.764264027275125], [-73.94570357268658, 40.768327934311664], [-73.94556302048748, 40.76880177602729], [-73.94524510341354, 40.76877326831059], [-73.94472478497455, 40.76978627153502], [-73.94212674646828, 40.77203470050961], [-73.94088707211625, 40.77237251627878], [-73.94017959804104, 40.77295931559456], [-73.94027985829325, 40.770670711009956], [-73.94111778718026, 40.76941440857484]]], [[[-73.93804640603439, 40.7808295442757], [-73.93764631821483, 40.781001215893035], [-73.93759894622625, 40.78046784086164], [-73.93861200821945, 40.780338955869134], [-73.93953015793254, 40.779527620260666], [-73.93949329752056, 40.7798736913156], [-73.93872802926595, 40.78051074370478], [-73.93874423089275, 40.78104387604242], [-73.93808213268714, 40.78141843777736], [-73.93804640603439, 40.7808295442757]]], [[[-73.92191092229572, 40.801502666253704], [-73.9203146552123, 40.799375459290175], [-73.91662985247802, 40.79785813943727], [-73.91545470966419, 40.79706346603115], [-73.91443827233314, 40.79566551786403], [-73.91380428276814, 40.79451184645606], [-73.91378385370594, 40.79383628548226], [-73.91514134426174, 40.79201248249252], [-73.91686540584952, 40.79036206296177], [-73.9171062231295, 40.790468616736966], [-73.91856299774986, 40.78969533382607], [-73.91850876959093, 40.78942508976958], [-73.92219098057298, 40.78551067157397], [-73.92285203280153, 40.78355569341787], [-73.92448052280425, 40.78232049064599], [-73.92571808678534, 40.78217655794478], [-73.92732422574863, 40.78109062932443], [-73.92810118987339, 40.78092032004232], [-73.93105352807835, 40.78239659406932], [-73.93502345134512, 40.78300638202897], [-73.93607064617002, 40.784217215620416], [-73.93571265997697, 40.78568048949271], [-73.9324014551364, 40.7897202906729], [-73.93084178739281, 40.790991430001746], [-73.92972400781862, 40.79136617884577], [-73.92807273575714, 40.79082339078063], [-73.92610410186698, 40.790731607117536], [-73.92615942249776, 40.79171538899485], [-73.92656766339974, 40.79185813478196], [-73.9255872987962, 40.791820830907135], [-73.92673798846923, 40.79192842329454], [-73.92636742573487, 40.791661388837724], [-73.92648803030961, 40.79102232430099], [-73.92789328730996, 40.79097884617857], [-73.9271356372808, 40.7919293066033], [-73.92780141472397, 40.79199747926253], [-73.92826720296209, 40.79232852344578], [-73.92834291137437, 40.79291805807422], [-73.92693614720181, 40.795497062171464], [-73.92711806944811, 40.797203861235715], [-73.92770694127123, 40.79729866337975], [-73.92720299704214, 40.79738674779956], [-73.92747588603496, 40.79812289966511], [-73.92669572629504, 40.80014697765521], [-73.92724770789282, 40.80039295736915], [-73.92711464230642, 40.80056375622973], [-73.92666565480394, 40.80018271403599], [-73.92655241808427, 40.80060482559504], [-73.9268690867946, 40.80078367679946], [-73.92704640297909, 40.80065174303148], [-73.92688606022003, 40.80084064836908], [-73.92650954867304, 40.800657031524715], [-73.92577551811746, 40.80173060099647], [-73.92527521020125, 40.80199852274354], [-73.92263378594897, 40.80186873814123], [-73.92191092229572, 40.801502666253704]]], [[[-73.92640556921116, 40.87762147653753], [-73.92645784901016, 40.87725818850639], [-73.92619292255573, 40.87706441938846], [-73.9245703699118, 40.87742891263348], [-73.92329476733984, 40.87726443495741], [-73.92239768169317, 40.87678022314137], [-73.92261383017286, 40.87440727181001], [-73.92217677267492, 40.873675064884665], [-73.9212554107687, 40.87308244881918], [-73.92055602106612, 40.87299877396328], [-73.91979301672416, 40.87360651215802], [-73.92080255630357, 40.87419405886686], [-73.92118186508976, 40.875137840850826], [-73.92080609644063, 40.8754774924703], [-73.91887525897245, 40.87467899639279], [-73.91927438318044, 40.8736518804022], [-73.91892851230503, 40.873316510215886], [-73.91839143131342, 40.873208814186185], [-73.91861247219546, 40.87347251468303], [-73.9175772988473, 40.87454867854739], [-73.91787144917505, 40.873904995288825], [-73.91643573932143, 40.874509698733526], [-73.91522402146056, 40.87448662186828], [-73.91261073308553, 40.87375731612324], [-73.91142596184433, 40.87318176665259], [-73.91064877277744, 40.872296248963394], [-73.91042644048507, 40.87148543806222], [-73.91092491224234, 40.86943659135429], [-73.91147448899112, 40.86945475763852], [-73.91107553160974, 40.86904322624049], [-73.9127317391952, 40.866605212711505], [-73.91254775130282, 40.866514943004496], [-73.9139186313324, 40.864745584403785], [-73.91492387927869, 40.86458037891931], [-73.91441113392682, 40.864173626873175], [-73.91508583854333, 40.86444814341748], [-73.9158991164586, 40.864308037582674], [-73.91519574800158, 40.86394522423348], [-73.91538673051143, 40.863084384200874], [-73.91729467741682, 40.861679418230814], [-73.91950213660927, 40.85879113379065], [-73.92047868273166, 40.859104092099024], [-73.92127091296314, 40.86018804281689], [-73.92159014848228, 40.860072800027055], [-73.92186633783712, 40.85918133964739], [-73.92130672674394, 40.858899312866015], [-73.92091459857728, 40.858218967140424], [-73.92114396589061, 40.85755122405781], [-73.92237695742354, 40.85658356962504], [-73.92234459374129, 40.855682335815025], [-73.92169841904696, 40.85667230185515], [-73.92151894059089, 40.85660117062336], [-73.92444065139951, 40.852840472704585], [-73.92971850477589, 40.84523177776137], [-73.93089465201425, 40.842538340142085], [-73.9349153357865, 40.83523082193898], [-73.93515659173383, 40.832682406237424], [-73.93383009163675, 40.819719743429815], [-73.93386510261902, 40.81415315795581], [-73.93433864584739, 40.80956221383153], [-73.93356119311481, 40.80760067738685], [-73.93030876458775, 40.80378601536829], [-73.9290349024031, 40.80108090385203], [-73.92903640179625, 40.79676259410144], [-73.92927936741171, 40.79585313952078], [-73.93019664392897, 40.79459322435241], [-73.93348489644649, 40.7927741713327], [-73.93583106788908, 40.791094704870396], [-73.93708104382303, 40.789366395710154], [-73.93612689279686, 40.78892686798558], [-73.93624303325052, 40.788795774152206], [-73.93714965461105, 40.78916844905963], [-73.93811570089727, 40.787184762756574], [-73.9398261969646, 40.78525655241567], [-73.94323985739751, 40.78332785169452], [-73.94388068102455, 40.78153204336453], [-73.94360047475412, 40.78015909946635], [-73.94343876735986, 40.77976324196603], [-73.94240220198307, 40.78002633450528], [-73.94211235847256, 40.77944698964448], [-73.9427297339572, 40.77925724765569], [-73.94300246547327, 40.778852879015034], [-73.94245741056957, 40.777407473348156], [-73.9422805004479, 40.777347438228794], [-73.94233541821181, 40.777768816374284], [-73.94211982454031, 40.777255566411895], [-73.94243403895558, 40.77730046148639], [-73.94207418803877, 40.776917846977256], [-73.94200266722274, 40.776185317382904], [-73.94293043781397, 40.77467626803597], [-73.94866416477923, 40.768857623897055], [-73.95441826078607, 40.76218410495123], [-73.95918103286087, 40.75785611105265], [-73.96065638180474, 40.75592314955038], [-73.96223125165591, 40.754522130422046], [-73.96894301109302, 40.746518335696685], [-73.97094062960419, 40.74447144402558], [-73.97111438123977, 40.74420436093266], [-73.97070317531687, 40.74399049490892], [-73.97117346753164, 40.744107535008425], [-73.97135752941868, 40.74383845535964], [-73.97188888913065, 40.74272481985314], [-73.97221685422328, 40.7403076250617], [-73.97265743803038, 40.73922275427715], [-73.97248994174741, 40.73580328010781], [-73.97286939178467, 40.73577086128574], [-73.97441385816532, 40.73641439385912], [-73.97402692104305, 40.7361257672457], [-73.97446647047286, 40.73627845683008], [-73.97450376013228, 40.736064588444215], [-73.97414062018392, 40.73595565666491], [-73.97450488285943, 40.736042281039474], [-73.97451459772599, 40.735894598411406], [-73.97424982468374, 40.735797182020185], [-73.97446537767371, 40.73566688606387], [-73.97305698712047, 40.73517745341573], [-73.97293031926458, 40.735607614396855], [-73.97276308380353, 40.73550508747374], [-73.97294520758682, 40.7350651700713], [-73.9732989504614, 40.73524235507728], [-73.97354472883961, 40.734944326101655], [-73.97444065082591, 40.73531677190073], [-73.97395905029711, 40.7334211655386], [-73.9736762757606, 40.733205933888215], [-73.97386810776207, 40.7330656871958], [-73.97341321730858, 40.73128241642886], [-73.97196340301248, 40.73000037721767], [-73.97147994907228, 40.729249577196], [-73.97168514866583, 40.727405886636724], [-73.97149039092855, 40.7273500976075], [-73.97357185653419, 40.71859722942144], [-73.97490904076994, 40.715112191421525], [-73.97671221539667, 40.71153576517858], [-73.97799674790384, 40.71056101739178], [-73.98128647552558, 40.71021834788182], [-73.98124579569945, 40.70982621460142], [-73.98839064023267, 40.70912694916284], [-73.98879717785803, 40.70996660747239], [-73.99808351186999, 40.70850961536731], [-74.0011868526283, 40.706859825771936], [-74.00098276691733, 40.70641671299313], [-74.00140666691954, 40.70617938802083], [-74.0005924020935, 40.705410078911115], [-74.00145437418847, 40.70487330343224], [-74.00206142563808, 40.705417005138344], [-74.00256965059467, 40.70552357952367], [-74.00197070397947, 40.70473786798482], [-74.00243071075865, 40.70467785800453], [-74.00332307270787, 40.70562859522026], [-74.00383327532259, 40.705303243026584], [-74.00262896407828, 40.70422295278162], [-74.002866897815, 40.704075225511744], [-74.00405666439265, 40.70514736343911], [-74.0065959191387, 40.70368590194945], [-74.00530412596079, 40.702559865633226], [-74.00549427805099, 40.70243138145315], [-74.00678502191047, 40.703568127402896], [-74.00929072600606, 40.70193007131957], [-74.00869964313567, 40.7011398675424], [-74.00775549150644, 40.701548002174576], [-74.0075913620422, 40.7013280810483], [-74.00853611510774, 40.700919695745235], [-74.008349275591, 40.70066934838841], [-74.00862036163869, 40.70055216371345], [-74.00958483017605, 40.70183738556342], [-74.01118088303541, 40.70145139225387], [-74.01081530667369, 40.70020044410138], [-74.01115033556839, 40.70089840010113], [-74.0113340941042, 40.70056835368246], [-74.01172926817476, 40.70077011805987], [-74.01163147918649, 40.70045821824831], [-74.01185378549589, 40.700738921450345], [-74.01208668214693, 40.700681308739355], [-74.01196196116918, 40.70003754559562], [-74.01239160032284, 40.70062052809417], [-74.01261382087367, 40.70010826581126], [-74.01310747847371, 40.70050745218083], [-74.01311303826304, 40.699774165382834], [-74.01327349483086, 40.700496870227944], [-74.01348560832739, 40.700478222908615], [-74.01353285018102, 40.70010816142343], [-74.01367479314794, 40.70012582145101], [-74.01355826959487, 40.700939870830716], [-74.01395152756511, 40.70099098246014], [-74.01422063195494, 40.700111491365895], [-74.01428920741134, 40.70064414476522], [-74.01467119992007, 40.70021040119728], [-74.01432384363027, 40.70066130462989], [-74.01464323234912, 40.70081730432529], [-74.01506818269304, 40.700318257555146], [-74.01467365628488, 40.70083460902858], [-74.0150211366168, 40.70099250401358], [-74.01514231812101, 40.700842892354444], [-74.01579351711152, 40.701346905807675], [-74.01714508062659, 40.70270534997638], [-74.01766881307273, 40.70359131346785], [-74.01787839340639, 40.70353850803739], [-74.01757035640019, 40.70418388098671], [-74.01779454520292, 40.70423489759896], [-74.01775054986868, 40.704054882893665], [-74.01781758697946, 40.70393792249673], [-74.01784441106724, 40.70424203993809], [-74.01844704670988, 40.70416235496205], [-74.01865886498045, 40.70442877929025], [-74.01748090483301, 40.704667260858024], [-74.01811302905885, 40.70455360233394], [-74.01888747947997, 40.704729142804425], [-74.01934254624474, 40.706093672527274], [-74.01912275963412, 40.706975814337596], [-74.01863058372714, 40.70713971577205], [-74.01884889814508, 40.7069703123504], [-74.0185351326967, 40.70691832201424], [-74.01819029259647, 40.70782162611011], [-74.01885500911968, 40.70804753444757], [-74.01777014254505, 40.71283457478929], [-74.01780037888393, 40.71234512415872], [-74.01662424425291, 40.7121573189955], [-74.01632006627581, 40.713407982478444], [-74.01757952508993, 40.71359549038382], [-74.01772496219296, 40.71307018162288], [-74.01671018605823, 40.718624176058164], [-74.01321322719193, 40.71831571989594], [-74.01306805492318, 40.71892219382567], [-74.01290892764018, 40.71973485170661], [-74.01345505633182, 40.719801707426384], [-74.01341376512872, 40.72001948201438], [-74.01637848291482, 40.72037660883105], [-74.01630573342837, 40.720727020038304], [-74.01299980679079, 40.72033309075023], [-74.0128973027087, 40.72086804597599], [-74.01569471973286, 40.72120642487545], [-74.01562245781948, 40.7215434536739], [-74.01316066673286, 40.72125396319477], [-74.01311663311996, 40.72147373453092], [-74.01363523640495, 40.72151656113457], [-74.01361558335005, 40.72158618255959], [-74.01253875807262, 40.721503176576554], [-74.01165326569942, 40.725871761851565], [-74.01520426531143, 40.72636194937976], [-74.01512356549473, 40.72679394306729], [-74.01154201897596, 40.72644734642468], [-74.01138323604756, 40.728229272367344], [-74.01439069932388, 40.72846304752032], [-74.01403796924798, 40.730694218844064], [-74.01116195696476, 40.730450676349214], [-74.01094118226749, 40.73300776326952], [-74.01400220214607, 40.73306800179562], [-74.01399957240966, 40.7333322775179], [-74.01090389883285, 40.73329761713977], [-74.01073424442943, 40.7334425875551], [-74.01083284563212, 40.734007094011176], [-74.01201792010474, 40.734063744456506], [-74.01200124222393, 40.73433840116636], [-74.01081359479109, 40.73428344364777], [-74.0104765981442, 40.73806394059524], [-74.0110870663595, 40.73809275008147], [-74.01113915602562, 40.73838986281322], [-74.01045432864602, 40.73836450572577], [-74.01039303134563, 40.739174296561934], [-74.01158045502316, 40.73926453611219], [-74.0114607395534, 40.74058421475269], [-74.01215741913089, 40.74060599813144], [-74.0126592820849, 40.740747638497616], [-74.00949154621281, 40.74074270943998], [-74.00961923440443, 40.74136361051497], [-74.01020818993538, 40.74160753792842], [-74.010383580722, 40.741397853526756], [-74.01139609242074, 40.741822813235274], [-74.01083987411933, 40.74259673402265], [-74.01029100591903, 40.74235852463981], [-74.01012563710833, 40.7425758317772], [-74.00919185382803, 40.742292631516854], [-74.00909156846193, 40.74288614907256], [-74.00962015348912, 40.74295124838992], [-74.00958464345703, 40.74326352048325], [-74.01214813183593, 40.74355930154771], [-74.01202085006399, 40.74393977020901], [-74.00951201767367, 40.743676093760456], [-74.00943800870864, 40.743971255473234], [-74.00890032962842, 40.743917927096184], [-74.00872986359421, 40.74488153782983], [-74.00961227924414, 40.7449979031507], [-74.00955832929749, 40.745288825298864], [-74.00991660813456, 40.74532725500725], [-74.0098721108548, 40.744916502125946], [-74.01016790535392, 40.74494232970977], [-74.0099739502192, 40.74532313510942], [-74.01046920011868, 40.74538676602916], [-74.01041937209389, 40.74497682417123], [-74.01076419780692, 40.745005032020956], [-74.01053106537704, 40.74538205038966], [-74.01110359804885, 40.745447670244126], [-74.01104459150831, 40.745046212402194], [-74.01138769974182, 40.745073112682796], [-74.0111541917691, 40.74544637808411], [-74.01173958552815, 40.74551991819038], [-74.01183642872417, 40.745125963678895], [-74.0117827582809, 40.74560157225559], [-74.01167885505596, 40.745979461816106], [-74.00946389855972, 40.74575014365962], [-74.0093636273423, 40.74633560197741], [-74.01159123434022, 40.74660150547617], [-74.01148373087554, 40.74699058876545], [-74.00924314658675, 40.74676279075389], [-74.00913736259926, 40.74735976280317], [-74.0114067393552, 40.74763055006822], [-74.0113035299375, 40.74801457190905], [-74.00905847901343, 40.74778564533301], [-74.00894606502322, 40.748411893168885], [-74.01121561813416, 40.748677992243735], [-74.01110891182985, 40.74904987591978], [-74.0099481793803, 40.74893198800587], [-74.00956174747358, 40.74996997519949], [-74.00925340917918, 40.749985205722105], [-74.00910453215725, 40.7503710697305], [-74.01067737532614, 40.75102267447709], [-74.01056463476439, 40.75132146210149], [-74.00900098259456, 40.75064818378276], [-74.00853256925024, 40.7518836093045], [-74.0093408924528, 40.75235560954573], [-74.008478955728, 40.752018571920075], [-74.00842636447226, 40.752157850239456], [-74.0099905581975, 40.752816187149286], [-74.00997058797022, 40.75293356415334], [-74.00879210090847, 40.75235213837969], [-74.00868792219572, 40.75249399862857], [-74.00835352838843, 40.7523507393425], [-74.00774404830214, 40.7543368019319], [-74.00480392560185, 40.75780984316487], [-74.00527894797891, 40.75802855492844], [-74.0050310513664, 40.75835701647331], [-74.00700358904015, 40.75923187034123], [-74.00650687640183, 40.75989203231736], [-74.00450483093914, 40.75908499655287], [-74.00420629125391, 40.75950170768857], [-74.00380657835007, 40.75951073146619], [-74.00431889425076, 40.75991068576361], [-74.00366891453541, 40.75970596957674], [-74.00357251040076, 40.75984655897333], [-74.00392854933564, 40.7600030197206], [-74.00313338991401, 40.76107834509647], [-74.00278691552613, 40.760928969703485], [-74.00233528130057, 40.76154372700181], [-74.00455641560922, 40.762524265025235], [-74.00439976203518, 40.76267135909899], [-74.0022008207327, 40.76172843222662], [-74.00153309066981, 40.76264459812777], [-74.00375735037694, 40.763582241640755], [-74.00361214794175, 40.76377704390991], [-74.001386036986, 40.76285009500206], [-74.00097308022016, 40.76342027172584], [-74.00314976988994, 40.7643328886874], [-74.00294809515722, 40.76461683593153], [-74.00314652966799, 40.76473628138387], [-73.99992712367728, 40.7634065284795], [-73.99962263458187, 40.763559081210644], [-73.99915098087908, 40.76420525958287], [-74.00228802371481, 40.765561543795414], [-74.00202454330335, 40.765893266570565], [-73.99888473174988, 40.76456937704867], [-73.99868870694563, 40.76520857045002], [-73.9982709030835, 40.76555223341343], [-74.0015618057548, 40.76699649936847], [-74.00131469636004, 40.76725112005012], [-73.99806675905354, 40.76587188113588], [-73.99737808447968, 40.766823385877146], [-74.00064950530418, 40.76824523610574], [-74.00038586489076, 40.76850419593205], [-73.99715588949213, 40.76712869617297], [-73.9964571540504, 40.76809881579582], [-73.99973590247853, 40.7695061773317], [-73.99947253734024, 40.76976421547193], [-73.99707176039311, 40.76873264357703], [-73.99657126439577, 40.769424568274005], [-73.99902682832902, 40.77046327298224], [-73.99876206914315, 40.77082505670938], [-73.99631327022085, 40.76979883633659], [-73.99542474436302, 40.77103161516813], [-73.99600175749052, 40.77130746533073], [-73.99589990100937, 40.77145029858229], [-73.99530566365357, 40.77119600490969], [-73.99493501659009, 40.77146814607559], [-73.9949768849473, 40.7716587749235], [-73.99707328169315, 40.7725428689021], [-73.9968729144914, 40.77281748122878], [-73.99477407930823, 40.77192954753037], [-73.99444501293384, 40.772377126588495], [-73.99622972001936, 40.77312897504551], [-73.99612087994667, 40.77327539109319], [-73.99416328456306, 40.772487191021455], [-73.99383108203092, 40.77293178785083], [-73.9962406518988, 40.77378979139785], [-73.99617945997379, 40.77398695435169], [-73.9939369418221, 40.77317951096706], [-73.99262266386542, 40.774974056037145], [-73.99226708903541, 40.77511603385872], [-73.9920590849371, 40.775497598695026], [-73.99238604296033, 40.77555717992225], [-73.99092717414969, 40.77756687876315], [-73.99039616003651, 40.77758506567923], [-73.98886861740003, 40.77969292291159], [-73.99155105922745, 40.779574820934954], [-73.99141982585964, 40.779755280287254], [-73.98888614411696, 40.779878898532914], [-73.98891926146842, 40.78022609434388], [-73.98807644914505, 40.7816509350018], [-73.98546581197027, 40.78536070057562], [-73.98617270496545, 40.78606845225889], [-73.98711901394266, 40.785210318501704], [-73.98612842248589, 40.786239001331325], [-73.98542932126942, 40.7854139421848], [-73.98508113773205, 40.78592193511063], [-73.98576566029752, 40.78619627485881], [-73.98501696406484, 40.786014237698396], [-73.98465507883023, 40.78653474180816], [-73.98594956155668, 40.78648711346413], [-73.9846194285841, 40.78658601635003], [-73.97205095521868, 40.80453037601023], [-73.96855747771224, 40.809072893821195], [-73.96414082888299, 40.81577165745409], [-73.95999892229345, 40.820382944802475], [-73.95981462674555, 40.82029787470157], [-73.95913061580629, 40.82116895377492], [-73.95942624349648, 40.82125238173814], [-73.95914685715192, 40.82157132855116], [-73.9590896024009, 40.82120624705611], [-73.95881892233997, 40.82151852484692], [-73.95900018289892, 40.822409728374524], [-73.95922976213467, 40.8222869101325], [-73.95990999444398, 40.82257111982218], [-73.9596033246028, 40.822994686783495], [-73.95892614718302, 40.82271175544153], [-73.95904953331708, 40.822541335368406], [-73.95852731524258, 40.82184375665232], [-73.95820019354012, 40.822283136918294], [-73.95793904909121, 40.822774353547466], [-73.95814312769203, 40.8230207222716], [-73.95955575493863, 40.823693797768954], [-73.95725896977147, 40.82711730987327], [-73.95694866420469, 40.827000553935164], [-73.9563178451031, 40.82794421538876], [-73.95503912978396, 40.827413431912056], [-73.95454188062128, 40.82786147636571], [-73.95119183012206, 40.832639151280034], [-73.95021218560015, 40.83430311995852], [-73.94842860791549, 40.83986085415083], [-73.94612416421772, 40.8438924965573], [-73.94617174983877, 40.845392891580794], [-73.94651730200619, 40.845995183901344], [-73.94635078049936, 40.84624033128946], [-73.94682445342686, 40.847134261567405], [-73.94663550012669, 40.84891242505988], [-73.94696441759594, 40.850465525818386], [-73.9465022945865, 40.85097566560893], [-73.94627501496706, 40.85084097717316], [-73.94611744105192, 40.85117258251732], [-73.94565283626454, 40.851211097838814], [-73.94466721178145, 40.85192122600693], [-73.94432518482476, 40.851822576438785], [-73.94347978545667, 40.852281882444686], [-73.94186996426673, 40.853867739442975], [-73.94029347497121, 40.85664177065778], [-73.93401664426698, 40.8650355482918], [-73.93266332721463, 40.86723706643717], [-73.93283958205063, 40.86741527691158], [-73.93259794852806, 40.86731134967057], [-73.93242538215391, 40.86756824792125], [-73.93226769826255, 40.86856231897256], [-73.93249214298633, 40.86867751915987], [-73.93265083512807, 40.86846503348205], [-73.93252354560038, 40.868722078359106], [-73.93225427749157, 40.86868339885568], [-73.93256795169879, 40.86904439147402], [-73.93218903826079, 40.869366976389266], [-73.93246883069908, 40.86947609938716], [-73.93235370807277, 40.86975525529677], [-73.93235934466003, 40.86950736321955], [-73.9321333660305, 40.869415975441186], [-73.9320534384771, 40.869600750744546], [-73.93220600531866, 40.87009644510461], [-73.93191377136812, 40.871129493722925], [-73.92997686743148, 40.87433896233054], [-73.9290134580979, 40.8757386600903], [-73.92640556921116, 40.87762147653753]], [[-74.00937125244927, 40.742185150284826], [-74.0100880336451, 40.74248815567387], [-74.01019827672162, 40.74233375374003], [-74.0098223415751, 40.74216605205828], [-74.01016559689417, 40.74167234807372], [-74.00936174828294, 40.74142362374204], [-74.00937125244927, 40.742185150284826]]], [[[-73.92362973950414, 40.87896394324346], [-73.92363695289224, 40.878815355932275], [-73.92367919311681, 40.878826074498825], [-73.92362973950414, 40.87896394324346]]], [[[-73.90665099539478, 40.875752504192796], [-73.90774270784561, 40.87284595211176], [-73.9084636791247, 40.872620792207314], [-73.90893235241587, 40.872157347970806], [-73.90971690006448, 40.87320461141725], [-73.91092118009641, 40.874146396040274], [-73.91578515571896, 40.87571694506452], [-73.91484624156381, 40.87666671027667], [-73.9120583003024, 40.87811932004882], [-73.91148913190445, 40.879018858809715], [-73.91033193566491, 40.879038046804844], [-73.90949832117538, 40.878776731679345], [-73.90703748936642, 40.87689516121084], [-73.90665099539478, 40.875752504192796]]]]}}, {"type": "Feature", "properties": {"BoroName": "Bronx"}, "geometry": {"type": "MultiPolygon", "coordinates": [[[[-73.89678526341234, 40.7963291664873], [-73.89693872998787, 40.79563587285382], [-73.89796839783742, 40.7956448391622], [-73.89919434249981, 40.79650245601842], [-73.89788253240101, 40.7971165326498], [-73.89713149795635, 40.79679807772849], [-73.89678526341234, 40.7963291664873]]], [[[-73.88885148496334, 40.798706328958936], [-73.88821348851273, 40.79866530463877], [-73.88823353313644, 40.79824288428609], [-73.88755967580657, 40.79836873243726], [-73.88665108524579, 40.79803819670012], [-73.88371602364624, 40.79568983925958], [-73.88366175261613, 40.795968291282364], [-73.88320394303746, 40.795544997462414], [-73.88209633687474, 40.79515986104318], [-73.87975745821161, 40.79488368367087], [-73.87797523216784, 40.794359790094575], [-73.87583075485647, 40.793150117287475], [-73.87485267905681, 40.79226072390707], [-73.87221878971063, 40.79103686176668], [-73.87121154143503, 40.79003612173736], [-73.87078573951435, 40.787996465245804], [-73.87163065373362, 40.78679790584327], [-73.87342763286709, 40.78576182995954], [-73.87629129556294, 40.785848464207355], [-73.87830680057644, 40.78535662050863], [-73.88537442211033, 40.78666912679867], [-73.88770126306397, 40.78687227457278], [-73.889052124432, 40.78737256025829], [-73.89030135499006, 40.78987672683232], [-73.89079999909828, 40.790207576198725], [-73.89160587115359, 40.79016070095335], [-73.89218182918808, 40.79039426960854], [-73.89282283610926, 40.79281708195165], [-73.89179289686568, 40.79677524575884], [-73.89073139028322, 40.797660899806736], [-73.89087421678985, 40.79782974822654], [-73.89062148266537, 40.79774892344873], [-73.8907950512707, 40.79802183735321], [-73.89060785824246, 40.79776750713797], [-73.89016916368625, 40.79796465843274], [-73.88921283898088, 40.79780120410431], [-73.88835248098275, 40.79813935919858], [-73.88851285371605, 40.7985905410199], [-73.88885148496334, 40.798706328958936]]], [[[-73.89833036270475, 40.80241282144282], [-73.89646668834578, 40.80079047089154], [-73.89864038714919, 40.79910116512414], [-73.90021004993066, 40.79926415639877], [-73.8997873880091, 40.799509553872156], [-73.8997156381744, 40.800798808503], [-73.90003735815736, 40.80090874205042], [-73.89948919423654, 40.80090111592974], [-73.8993874857105, 40.8019356650705], [-73.89833036270475, 40.80241282144282]]], [[[-73.78833349834521, 40.834667129759545], [-73.78931223606624, 40.83446488655364], [-73.78951019872305, 40.83536404252594], [-73.78845700015209, 40.83530991431556], [-73.78833349834521, 40.834667129759545]]], [[[-73.80222295355253, 40.84163481314427], [-73.80263811156284, 40.841081152764744], [-73.80529495910672, 40.841134924850394], [-73.80694608641734, 40.84146244668402], [-73.80680801372397, 40.84248913998772], [-73.80393073307255, 40.8425940730527], [-73.80367560026521, 40.842258492916194], [-73.80222295355253, 40.84163481314427]]], [[[-73.7806894529125, 40.85492880793609], [-73.78120525771952, 40.85506836868229], [-73.7811019533515, 40.85549175285543], [-73.78067959609207, 40.85534445080753], [-73.7806894529125, 40.85492880793609]]], [[[-73.78330379042221, 40.85584858232035], [-73.78259711591907, 40.85482256097161], [-73.7838586191202, 40.85483156741574], [-73.78330379042221, 40.85584858232035]]], [[[-73.78922202961881, 40.85874251553153], [-73.78876651996593, 40.858402167578625], [-73.78878402854569, 40.857420690336745], [-73.788043429758, 40.857559917687354], [-73.78802830701825, 40.85751468128389], [-73.78877898544017, 40.85740092519986], [-73.78889654957185, 40.85657338670998], [-73.7883594322236, 40.855626489148484], [-73.7884773265335, 40.85440052053239], [-73.78834700683626, 40.85415351895001], [-73.78756282815206, 40.85437584889344], [-73.78734753146423, 40.85438588545972], [-73.78834514784103, 40.85413201235029], [-73.78690734702697, 40.85406397229939], [-73.78792821707314, 40.85373779738932], [-73.78800064949667, 40.85352463632823], [-73.78588186506491, 40.85178867294364], [-73.78529210719022, 40.85162064997371], [-73.78413189167978, 40.85183280615744], [-73.78431415165997, 40.85176754570707], [-73.78396112488305, 40.851486933923134], [-73.78338158610377, 40.85158673391453], [-73.78360210541598, 40.85131951978287], [-73.78460077697598, 40.85109569219539], [-73.78445463288537, 40.85077287385466], [-73.78384119307984, 40.8506928994985], [-73.78420047134377, 40.85006064424078], [-73.78353497808567, 40.84922096792302], [-73.78303535537907, 40.849071908128025], [-73.78244952709214, 40.84934115401587], [-73.78215814152048, 40.8491161739241], [-73.7815749238, 40.8494306318456], [-73.78154449088434, 40.849400435146045], [-73.78214108697831, 40.849100662667865], [-73.78143249522284, 40.848800005813494], [-73.78149386587489, 40.84858047582597], [-73.78267467078871, 40.84813967244418], [-73.78097820938946, 40.84845834791376], [-73.78263740397888, 40.84807264924603], [-73.78148431950568, 40.84788219384885], [-73.78142920347912, 40.84745634535744], [-73.78207848450111, 40.84713080790557], [-73.78216393435585, 40.84663633778102], [-73.7804624159846, 40.84710023328975], [-73.780403269586, 40.84693113416623], [-73.78106043972839, 40.84680255235707], [-73.78115182578563, 40.846246304627286], [-73.78110675760784, 40.846746997141345], [-73.78168786937849, 40.84663887521213], [-73.78174288903251, 40.8464122901161], [-73.78171494622761, 40.84665747421485], [-73.78109301885183, 40.846798491587606], [-73.78215667396832, 40.84660757811385], [-73.7825134511685, 40.846408771551346], [-73.78249597258944, 40.8456615619492], [-73.78309442048653, 40.84551828556491], [-73.78314644227363, 40.8453099420262], [-73.78307455830657, 40.84550976429209], [-73.78242487155511, 40.845676336667196], [-73.78181646104312, 40.84576497805119], [-73.783050749408, 40.84549682317608], [-73.78306023126578, 40.84508570856724], [-73.7818153590045, 40.845480582880526], [-73.78307457446681, 40.845056368734035], [-73.78315245505728, 40.845295983327965], [-73.78297579244337, 40.844680948020596], [-73.7833653613534, 40.84444472298189], [-73.78301129829386, 40.84417269085004], [-73.78348428748818, 40.84367854599863], [-73.78290650949755, 40.84393612584031], [-73.78052736048552, 40.84452514033834], [-73.77992703744428, 40.843883081356026], [-73.78053302714385, 40.844453022265434], [-73.78039623282005, 40.84396640817995], [-73.78058464728879, 40.844434572698404], [-73.78106261364299, 40.844328317876894], [-73.78087690198701, 40.84386222048798], [-73.78108977797855, 40.84432012707784], [-73.78154602523335, 40.844215889747844], [-73.78137674098357, 40.843704486540204], [-73.78157590302688, 40.84420770347066], [-73.78200770536664, 40.84410960066984], [-73.78183306599355, 40.84357551830507], [-73.7820375758627, 40.844103474973664], [-73.78243679895445, 40.84400943110004], [-73.78224871668732, 40.84343616841767], [-73.78246939706243, 40.843999187835244], [-73.78282243971395, 40.84391948119968], [-73.78257210723939, 40.8432945819435], [-73.7827849863565, 40.84375454548113], [-73.7830918611237, 40.84368505481139], [-73.78287388243189, 40.84312410236253], [-73.78313252568665, 40.84369749673194], [-73.78280661506554, 40.84377931612223], [-73.78284151617675, 40.843894787202146], [-73.78347481249246, 40.843654738109905], [-73.78288778301486, 40.8424948288498], [-73.78281584526043, 40.84276452259682], [-73.78270669982564, 40.84253247581049], [-73.78229941270918, 40.842605896413545], [-73.78244452404584, 40.84304203441694], [-73.78226682874738, 40.842612018228444], [-73.78180048362434, 40.84269614579384], [-73.78193306593671, 40.84322808807663], [-73.7817719692772, 40.842702273492186], [-73.78124656634496, 40.84279710728964], [-73.78142785188602, 40.84337087377914], [-73.7812160111929, 40.84280477739589], [-73.78067429925017, 40.84290730453789], [-73.7808290368131, 40.84350729714588], [-73.780643759933, 40.84291033762104], [-73.78029552531899, 40.84297304539672], [-73.78022773872678, 40.843778181297886], [-73.78022662418242, 40.842883268433056], [-73.78286499304913, 40.84247810188286], [-73.7805973582243, 40.84278660044373], [-73.78236855953504, 40.84242849314984], [-73.7821516613938, 40.84235522861413], [-73.78231110910542, 40.84222417895732], [-73.78162055021923, 40.84232949488824], [-73.7823064331775, 40.84221111581018], [-73.78233257215892, 40.841922844111565], [-73.78144003107849, 40.84214213349361], [-73.7823235128594, 40.841898330454804], [-73.78203752533935, 40.84184191671524], [-73.78216624418963, 40.84168914411032], [-73.7812992811557, 40.841794441623826], [-73.7813386857138, 40.841996218986914], [-73.78069632802122, 40.84203238300087], [-73.78072098830431, 40.84219153230598], [-73.78034805158214, 40.84210909822463], [-73.7804257718152, 40.842494394207066], [-73.78019599955293, 40.84204621097634], [-73.78185048197783, 40.841653946394516], [-73.78166051213611, 40.84112417508584], [-73.78084223802306, 40.841276324028335], [-73.78089220610157, 40.84155308419848], [-73.78079752923449, 40.841256146048515], [-73.7816485529559, 40.841097763528985], [-73.78139143568785, 40.84103661012095], [-73.78161069651529, 40.84099624002592], [-73.78137488194947, 40.84097887100524], [-73.78159396937245, 40.840939796748216], [-73.78154296060534, 40.840386661604676], [-73.78125361834566, 40.840255500439056], [-73.78148878089243, 40.840197323922254], [-73.78117947802396, 40.83974586225597], [-73.78134125145772, 40.83947856344308], [-73.78113875725964, 40.83949427880188], [-73.78200420989037, 40.83801557230729], [-73.7818845572027, 40.83765027660497], [-73.78238142556087, 40.83732410616756], [-73.78272760738652, 40.83748795984904], [-73.78290629190879, 40.83732000607291], [-73.78282260139727, 40.83633815588809], [-73.7833816805932, 40.83690927168086], [-73.78410164591317, 40.836725529358155], [-73.78448456140005, 40.83702422253876], [-73.78498060328094, 40.836746426080786], [-73.78508226642776, 40.836881907710726], [-73.78450333965364, 40.83705776517131], [-73.78485009222665, 40.83747048917873], [-73.78563997845447, 40.837064434585585], [-73.78583067964114, 40.83720998000472], [-73.78516584428648, 40.83747133406194], [-73.78557796850949, 40.83792711322559], [-73.7857350929868, 40.839234231776004], [-73.78652598496416, 40.83972311560722], [-73.78740758746011, 40.83967762319709], [-73.78749166412584, 40.84084234167426], [-73.78818132144553, 40.84071108050156], [-73.78815921166512, 40.840490778567215], [-73.78825453283457, 40.84074586311868], [-73.78752379733524, 40.84087961268791], [-73.78786404049687, 40.8410817258351], [-73.78761237782592, 40.841198005296064], [-73.78784487499318, 40.84147147983599], [-73.7883661747497, 40.8415046105142], [-73.78802003550352, 40.84178384145896], [-73.78829358843848, 40.84178537313685], [-73.78805599070779, 40.84186703017776], [-73.78838456613674, 40.8423819783708], [-73.78883864895148, 40.84235039596138], [-73.7885278086737, 40.842425576894996], [-73.78905825501361, 40.843235331770224], [-73.7899242492441, 40.84322415424088], [-73.78993093388092, 40.8430422648664], [-73.78999975309044, 40.84330781724382], [-73.78980449502046, 40.843586656282575], [-73.78933708725715, 40.84368149805578], [-73.78947182214094, 40.844292978352215], [-73.79066589001025, 40.84574155883457], [-73.79098858375902, 40.84565283206266], [-73.79069785364858, 40.84578601255104], [-73.79097333310666, 40.846357311525146], [-73.79149076513552, 40.84625100496542], [-73.79112759246645, 40.84635759094972], [-73.79118128785345, 40.84655567593001], [-73.7914803472568, 40.84680205271391], [-73.79179343625451, 40.846731672329476], [-73.79136709858446, 40.846887642686], [-73.79144049688172, 40.847306043986315], [-73.79177232700852, 40.847228253279255], [-73.79191997810095, 40.84725821803094], [-73.79126708567196, 40.84760186785688], [-73.79132975970043, 40.848057923064474], [-73.79161765431445, 40.84805292440802], [-73.79133588063222, 40.848086238652606], [-73.79101362338832, 40.84898521021961], [-73.7897571107061, 40.84953146928779], [-73.78985836952175, 40.849972559362044], [-73.7909477685762, 40.849739179644], [-73.79098877124811, 40.84982834902978], [-73.78986630313811, 40.849989390200776], [-73.79001758788995, 40.850316331962674], [-73.79035766981725, 40.85014233461609], [-73.78989186585837, 40.850464180789515], [-73.79026824507268, 40.850961088074], [-73.79012439171822, 40.85118991219475], [-73.78951371516158, 40.85130077171335], [-73.78956272464195, 40.85148733682228], [-73.7900578142692, 40.85141453021125], [-73.79001797053547, 40.8512594709597], [-73.79008961569983, 40.85140716359], [-73.79033709518069, 40.851220143851236], [-73.79098717984299, 40.85126401529924], [-73.78966490344513, 40.851500382132286], [-73.78972573712088, 40.851692670565164], [-73.79089217930076, 40.851546903549064], [-73.79019588667279, 40.85175290456311], [-73.790463705281, 40.85176700615419], [-73.79008396904106, 40.85203452738239], [-73.7901550926101, 40.852251285236], [-73.79016095150018, 40.85204023592852], [-73.79027404235775, 40.85222327109274], [-73.79053212420663, 40.85216341514793], [-73.79045200336085, 40.85198972095049], [-73.79080610587764, 40.852099875967944], [-73.79056092524321, 40.85194444389155], [-73.79079463354844, 40.851861341385984], [-73.79085380717721, 40.852088824968604], [-73.79101097118439, 40.85186080525312], [-73.79118770764545, 40.852016112506924], [-73.79146293338876, 40.85194514969687], [-73.7913204511751, 40.85177969609438], [-73.79151738677945, 40.85172993589112], [-73.79149596814213, 40.85193407242151], [-73.79172750188728, 40.85176465395934], [-73.79248359357182, 40.85152379140709], [-73.79176780605944, 40.85177400770625], [-73.79205731457873, 40.85182557326259], [-73.79017007126295, 40.85228066115362], [-73.79113795170926, 40.85205585257386], [-73.79123655971779, 40.85228028988675], [-73.79318284075845, 40.85180857187148], [-73.79311837183832, 40.85157829524104], [-73.79323786787624, 40.85193117467463], [-73.79124556783773, 40.85230468141089], [-73.79138052695512, 40.85260203830497], [-73.79340987631169, 40.85202188373057], [-73.79350762831913, 40.852264043925], [-73.79342400669033, 40.852136302527796], [-73.79139106468679, 40.85262807498608], [-73.79144640027788, 40.85277157192439], [-73.79042053780161, 40.85302297821269], [-73.79049879362893, 40.85318872201621], [-73.79100586740208, 40.85311769126213], [-73.79145436303713, 40.85301084771378], [-73.79143702716637, 40.852822727983664], [-73.79150327251574, 40.853004748959826], [-73.79165554436234, 40.85277733822671], [-73.79196318311136, 40.85289544822894], [-73.79191649946218, 40.85271098813861], [-73.79198928164561, 40.852888070298235], [-73.79217580837809, 40.852649584321796], [-73.79225186097393, 40.852822960884936], [-73.79243675473343, 40.8525857082062], [-73.79250954048048, 40.85276155271457], [-73.79283083884894, 40.852680460768106], [-73.79281511966919, 40.8524948193091], [-73.79290086687061, 40.85269543598251], [-73.79080758729921, 40.8531990600645], [-73.7911143142938, 40.85326445192489], [-73.79126573165874, 40.85370686423337], [-73.79252408728894, 40.853409920705055], [-73.79240931036925, 40.853053336114954], [-73.79255598392581, 40.85340117854099], [-73.79297928311047, 40.853302944909615], [-73.79287610048584, 40.85294418132865], [-73.7930399117026, 40.8533712492854], [-73.79105721254825, 40.853918412426836], [-73.7924581684481, 40.853600708755145], [-73.79107002765942, 40.85394495666484], [-73.79253714604856, 40.85384932781311], [-73.79256758944628, 40.85401643494329], [-73.79179366809404, 40.85400482990059], [-73.7919181173638, 40.85422235474311], [-73.79129282160632, 40.854584025977054], [-73.79207675667554, 40.85564516770726], [-73.79250306685435, 40.85578866613723], [-73.79201712228529, 40.856176948606475], [-73.79256814125975, 40.85625611877017], [-73.79201050009053, 40.85622512771863], [-73.7919018334025, 40.85654691136823], [-73.7930949215236, 40.856686441404335], [-73.79189422958875, 40.85656888932982], [-73.79170704257358, 40.8568518428552], [-73.79220265950248, 40.85714600041052], [-73.79242794130647, 40.856928542034424], [-73.79222189186386, 40.857152298424865], [-73.79282713237976, 40.85743578991808], [-73.79301264383005, 40.85700302604341], [-73.79288403888904, 40.85747920249383], [-73.79185978715203, 40.85700410725963], [-73.79268338575484, 40.85742039359287], [-73.79211266783624, 40.85716693187052], [-73.79189451913076, 40.85743712186544], [-73.79256970440599, 40.85763962536249], [-73.79239521723282, 40.857845547752376], [-73.79174254082349, 40.85739395000432], [-73.79209332504095, 40.85715798994739], [-73.79184303217382, 40.85702870201154], [-73.79160393461318, 40.857375312992644], [-73.79129378852147, 40.85726323869826], [-73.79094202260366, 40.857552748189065], [-73.7916366458796, 40.857882812571084], [-73.7917852942325, 40.85777542585574], [-73.79143695908105, 40.85815468512328], [-73.79161866075827, 40.857901342048294], [-73.79093222800584, 40.85756778797329], [-73.79023592738763, 40.85815408481145], [-73.79020122975736, 40.858601589710666], [-73.7900459983775, 40.85847540491227], [-73.78922202961881, 40.85874251553153]]], [[[-73.76783205637174, 40.85444220574229], [-73.7685566032706, 40.85323832295964], [-73.76904438987118, 40.85329092469382], [-73.76938529139694, 40.85253613399702], [-73.76860817687106, 40.85078839537832], [-73.76959674311463, 40.84759451909839], [-73.76789492672813, 40.84528943301722], [-73.76901389181107, 40.84509734272205], [-73.77157218833237, 40.84750005858059], [-73.7708892022117, 40.8497517713382], [-73.7720496366846, 40.851618289757624], [-73.77271117496133, 40.85182658093388], [-73.77246594126491, 40.851833684502466], [-73.77246052295433, 40.85205954217388], [-73.77296356611284, 40.852159253958796], [-73.77264837746921, 40.85222440262974], [-73.7728907573129, 40.85239826899842], [-73.7724594016319, 40.852106266579796], [-73.77245149415467, 40.85243589689374], [-73.77173060411904, 40.852476831319294], [-73.7717171593653, 40.85300453928204], [-73.77229680531372, 40.85308637825258], [-73.77234917454994, 40.85385142023428], [-73.77296285334867, 40.853800062246656], [-73.77295817517044, 40.85413743292355], [-73.77233272219733, 40.85390084467542], [-73.77214036841814, 40.85441271260078], [-73.77219223055423, 40.85998663859717], [-73.77084562360575, 40.86010101285692], [-73.76947305424014, 40.85933013666879], [-73.76836277290778, 40.85835828885209], [-73.76836085918974, 40.85765536320353], [-73.76533243995276, 40.85504359512507], [-73.76783205637174, 40.85444220574229]]], [[[-73.78457451654569, 40.8605319977585], [-73.7843696069389, 40.85985020398062], [-73.78514017041738, 40.85879261247824], [-73.78607540488525, 40.859274602883524], [-73.78660807970739, 40.85903614203592], [-73.78669393087422, 40.858686064557176], [-73.78773372273469, 40.85877099157831], [-73.78700130484604, 40.860224388411744], [-73.78457451654569, 40.8605319977585]]], [[[-73.77321845469882, 40.860794463857], [-73.77326219958744, 40.86063061164982], [-73.77339678514288, 40.86073948468021], [-73.77321845469882, 40.860794463857]]], [[[-73.77491790681941, 40.8614405254121], [-73.77530545442977, 40.86125997746856], [-73.77513862733318, 40.86159428114081], [-73.77491790681941, 40.8614405254121]]], [[[-73.77460156350928, 40.86206904745989], [-73.77463383677213, 40.861816890583256], [-73.7748225993564, 40.861794074636684], [-73.77485681624742, 40.86198363433451], [-73.77460156350928, 40.86206904745989]]], [[[-73.78312589594476, 40.86285616730086], [-73.78288197831175, 40.862406433091465], [-73.7831450428813, 40.86206867890584], [-73.78328053506085, 40.86278070621011], [-73.78312589594476, 40.86285616730086]]], [[[-73.78428650500058, 40.863205088780745], [-73.7835410529967, 40.863095506325], [-73.78380117343677, 40.86296657452466], [-73.78376770348979, 40.862610608464536], [-73.78469165850701, 40.86254278990839], [-73.78428650500058, 40.863205088780745]]], [[[-73.76963544622434, 40.86554256107992], [-73.76994076930143, 40.865523409999426], [-73.76944774766791, 40.865761350906176], [-73.76963544622434, 40.86554256107992]]], [[[-73.76668098944248, 40.867320683637594], [-73.76722845921526, 40.86692866789128], [-73.767123805844, 40.867238188474154], [-73.76668098944248, 40.867320683637594]]], [[[-73.77084864530934, 40.871627763474535], [-73.77223564721527, 40.871563993068264], [-73.77263488154172, 40.87188020876713], [-73.77084864530934, 40.871627763474535]]], [[[-73.77454436919932, 40.87428631103817], [-73.77504980563911, 40.873937718510895], [-73.77513690028573, 40.87455444644264], [-73.77467379743139, 40.8747905574114], [-73.77454436919932, 40.87428631103817]]], [[[-73.78192813702833, 40.87540460586877], [-73.78212699063377, 40.87453122255998], [-73.78252682207763, 40.87462103676622], [-73.78244064983123, 40.8752123266319], [-73.78213695926486, 40.87516151417146], [-73.78192813702833, 40.87540460586877]]], [[[-73.78220080379837, 40.8764342026824], [-73.78166863857506, 40.87642368181051], [-73.7817195526909, 40.87618875834316], [-73.78220080379837, 40.8764342026824]]], [[[-73.7812068417753, 40.87627768457894], [-73.78142242881238, 40.87576633940416], [-73.78120581379403, 40.87659007834781], [-73.7812068417753, 40.87627768457894]]], [[[-73.78355581816477, 40.87750079186346], [-73.7835602079533, 40.87682215059616], [-73.78384032438835, 40.87651976675856], [-73.78400493947044, 40.8768643657194], [-73.78355581816477, 40.87750079186346]]], [[[-73.78542670816626, 40.8800412441034], [-73.78503639048569, 40.879763207806874], [-73.78567549107373, 40.879852036772476], [-73.78542670816626, 40.8800412441034]]], [[[-73.78483587809545, 40.88055827447181], [-73.78451226057273, 40.88065920909107], [-73.7842652131063, 40.880357075088135], [-73.78382241823431, 40.88042442926225], [-73.78370155778747, 40.87993192593838], [-73.78406640087343, 40.87971341475208], [-73.78432850433249, 40.880199944686545], [-73.78469285391463, 40.88013391344231], [-73.78534770673647, 40.88052257751909], [-73.78495773470225, 40.880745811768094], [-73.78483587809545, 40.88055827447181]]], [[[-73.89725326354883, 40.911655520441386], [-73.85946778700766, 40.90051720926711], [-73.85907692341044, 40.90100799310085], [-73.85937696525154, 40.90156521766193], [-73.85902704152224, 40.901444909753685], [-73.85886401316337, 40.90171169504972], [-73.85946389958114, 40.90193387763382], [-73.8595788294826, 40.90244084277157], [-73.85926432541869, 40.90266947989674], [-73.85872824833447, 40.90228897057039], [-73.8581600000485, 40.90230571020295], [-73.85796932328364, 40.90285090768785], [-73.85755967657641, 40.902917795958814], [-73.85711090479973, 40.90364953269614], [-73.85699157346738, 40.904584209565975], [-73.85743457618248, 40.90484154370062], [-73.85717766075955, 40.905286541661646], [-73.85665436822772, 40.905055000279944], [-73.85601023389263, 40.90530598362709], [-73.85692398180068, 40.90597417011126], [-73.85681013638526, 40.906155828326185], [-73.85580463795947, 40.90626436412678], [-73.85513792083087, 40.90686688914121], [-73.85423776686882, 40.90703286825462], [-73.8537410363076, 40.90778791673574], [-73.85383360999587, 40.907974349819824], [-73.85471078339648, 40.908006309943204], [-73.85491109673629, 40.908354869834426], [-73.85458940588242, 40.908939499298505], [-73.85295618421428, 40.910353044179445], [-73.85258474750397, 40.91031061706431], [-73.85266035892096, 40.910015193660975], [-73.85227451616481, 40.90985409964339], [-73.8514475396905, 40.91044967120302], [-73.85107116183939, 40.91037151971954], [-73.85347522333582, 40.90753029352603], [-73.85092059362827, 40.90661649448976], [-73.85017317485848, 40.90750786565074], [-73.84708032914241, 40.90615673303314], [-73.84481886985009, 40.90552994967484], [-73.8448926490926, 40.90419086679641], [-73.84138689238422, 40.904172741533245], [-73.84077858879579, 40.90162785669171], [-73.83921829506201, 40.89941841671726], [-73.83964812813004, 40.89733053534084], [-73.83839199123506, 40.89406700804828], [-73.83804277285931, 40.894142331387975], [-73.83525790570003, 40.893391644055924], [-73.82252377666882, 40.88942882391685], [-73.82255290044833, 40.88980640464737], [-73.82337443102399, 40.88992176243592], [-73.82337003996082, 40.890967295878525], [-73.82285335006459, 40.89120682909538], [-73.81827738034055, 40.88984713052758], [-73.79300652649187, 40.88335873738311], [-73.79491705586517, 40.880543791487696], [-73.79554579908852, 40.88069101537513], [-73.79502596232832, 40.87974779721189], [-73.7962509753578, 40.87701199977876], [-73.79712701174662, 40.876190400904136], [-73.79743815457286, 40.87513533295332], [-73.7985533078771, 40.87440142827466], [-73.79891245463618, 40.87464589314311], [-73.79981389580328, 40.87415984971643], [-73.80080515564886, 40.871494061246544], [-73.80178517404362, 40.87106784933856], [-73.80209185074611, 40.87084679823047], [-73.80211679577965, 40.87037509550579], [-73.80267298767224, 40.87015447044159], [-73.80260477623499, 40.86934309462905], [-73.80297847593458, 40.868743329761955], [-73.80335043989207, 40.86897687476062], [-73.80361717452017, 40.86877910002676], [-73.80392527661252, 40.86902741019886], [-73.80407175267835, 40.86873984625358], [-73.80447936693899, 40.86871197457658], [-73.80499228310721, 40.86914529721963], [-73.80594428659077, 40.86892980282909], [-73.80569186812389, 40.8695535199068], [-73.80670425166552, 40.870419837221974], [-73.8078579680425, 40.870869683793195], [-73.80786348838444, 40.87113177402404], [-73.80796429605779, 40.87100328399128], [-73.80869776542085, 40.87134282443971], [-73.80924423452986, 40.871224601975086], [-73.8084102028284, 40.87092778402305], [-73.80872549256001, 40.87043273598665], [-73.80754063636171, 40.87037755217368], [-73.80870942498368, 40.869086931355106], [-73.80785387653275, 40.86972975164995], [-73.80672958392707, 40.869529646303185], [-73.80694997701667, 40.86885908832819], [-73.80659584356569, 40.86889471000714], [-73.80674194096345, 40.868733894032545], [-73.80626076032095, 40.868424308195756], [-73.80487266170081, 40.86823330232992], [-73.80473569836796, 40.866655065393964], [-73.80385280781442, 40.86716648480021], [-73.80291387088569, 40.866978246792506], [-73.80308131746402, 40.86607435287033], [-73.80271535305002, 40.865659163274856], [-73.80177260000845, 40.86587684941245], [-73.80175234561223, 40.866414830244125], [-73.80070065113912, 40.86814093798174], [-73.79996385367663, 40.86887528934578], [-73.79774041985266, 40.87234517745105], [-73.79479044681445, 40.87320048453674], [-73.79397363837722, 40.87456659456849], [-73.79359605330511, 40.87672073272616], [-73.79316703778704, 40.87705563906666], [-73.79422169990922, 40.87738237046653], [-73.79440294586249, 40.877641842999125], [-73.79384702788154, 40.87859445979098], [-73.7929988022016, 40.87914686217226], [-73.79289389520618, 40.8795771099963], [-73.79219070342037, 40.87959014087971], [-73.79173095484794, 40.880051526935695], [-73.79095239067752, 40.880073944963016], [-73.79063124525086, 40.88037832993437], [-73.79076163255088, 40.88084078046473], [-73.78914050790853, 40.881261923590316], [-73.78907288326594, 40.88080911551239], [-73.78931835780607, 40.88057866958952], [-73.78912020636906, 40.88008021099364], [-73.79006332860774, 40.879594661515036], [-73.789523093688, 40.87899812706076], [-73.78827313470907, 40.878873573154465], [-73.78611470510947, 40.87905789215074], [-73.78523624445602, 40.87861962426066], [-73.7844329538062, 40.878527589444886], [-73.78421715885797, 40.878281783751866], [-73.78449730828078, 40.876914324067485], [-73.78481030732993, 40.87686527301873], [-73.78467950721335, 40.87606091820709], [-73.7854037285381, 40.875337687361984], [-73.78569560889208, 40.87541020290806], [-73.78596227631884, 40.87513865303467], [-73.78610640662673, 40.87435376243969], [-73.78691061020537, 40.87398751746425], [-73.78713685554287, 40.87276046639283], [-73.78624874452605, 40.87238284677234], [-73.78508139658763, 40.873589962723365], [-73.78553456958699, 40.87254402950555], [-73.7855472964992, 40.87202403541648], [-73.78521974032056, 40.87163475340915], [-73.7840152230201, 40.873767903719234], [-73.78340673949519, 40.87371717153501], [-73.78336116030022, 40.87325606180288], [-73.78395100413773, 40.87289633001831], [-73.78374983772476, 40.87249955075575], [-73.78306853426027, 40.872153575922965], [-73.78328614178682, 40.87069891608004], [-73.78488459457667, 40.86951404303929], [-73.78560245305442, 40.86834165222385], [-73.78558313092782, 40.86917222611083], [-73.78595115213776, 40.8693217569411], [-73.78858339376971, 40.86917114113222], [-73.79025594388429, 40.868492199936206], [-73.79153128143534, 40.86731804428263], [-73.7922302541446, 40.86525725915459], [-73.79206455798403, 40.86362921911447], [-73.79146291125441, 40.86227438409752], [-73.79189070810901, 40.86107122186133], [-73.79359532737804, 40.86051731318802], [-73.79371942164026, 40.85996716377758], [-73.79412037403159, 40.859696268701974], [-73.79487469148954, 40.85807555988628], [-73.79435005934272, 40.85652702380404], [-73.79685461759762, 40.85626435871612], [-73.79798533480839, 40.85484893259589], [-73.7987225560008, 40.85491440117279], [-73.79902419392448, 40.85395726765232], [-73.79864274329609, 40.853357459926194], [-73.79795583310394, 40.852988330213904], [-73.79780522990745, 40.85194959809467], [-73.79819365996994, 40.850592560904225], [-73.7993204316036, 40.84991277487415], [-73.8002902670751, 40.84814485585506], [-73.80082543113305, 40.84824304206455], [-73.80146735264545, 40.84877021372554], [-73.80197064757184, 40.85038267606819], [-73.80417557932397, 40.85334012018935], [-73.8045252672441, 40.85485186444891], [-73.8035235980003, 40.85555669487261], [-73.80464293882284, 40.85996820157255], [-73.80478643021046, 40.86153847336176], [-73.80541316912006, 40.861837804616144], [-73.80601085106464, 40.86177306499938], [-73.80624571930763, 40.861427484442665], [-73.80582041215786, 40.86003461196704], [-73.80655629956537, 40.85981792610032], [-73.80741432490069, 40.86011443715897], [-73.808178704471, 40.8594867161782], [-73.80940628102297, 40.860547952221495], [-73.81085022792251, 40.86233199397222], [-73.81327423944288, 40.86322083889283], [-73.81372780533933, 40.86387136643538], [-73.81404089680626, 40.86386039503268], [-73.81395857354593, 40.86410270421628], [-73.81437997747433, 40.863254398346044], [-73.81510315384149, 40.86305746536797], [-73.81641392102722, 40.86118062770408], [-73.81549293707927, 40.860955286737294], [-73.81479629757334, 40.86112895674699], [-73.81485206024097, 40.86090099031008], [-73.81381802586728, 40.86054827917347], [-73.81273146495035, 40.85887754194799], [-73.81230602708416, 40.85416202647344], [-73.81640870908151, 40.85408225461233], [-73.81714840667891, 40.852302357247126], [-73.81719039626154, 40.85176989361146], [-73.81691542317304, 40.85167352556728], [-73.81712409042197, 40.851269573444945], [-73.81685873870755, 40.85095737599889], [-73.81571378494519, 40.850816204347616], [-73.81628619094234, 40.850194576449205], [-73.81552034592364, 40.849227873931035], [-73.81513102820745, 40.8491725035534], [-73.81532344002714, 40.848577570692875], [-73.81590281420665, 40.8480131214819], [-73.81560451391982, 40.847658683162294], [-73.81609670609207, 40.84751214603305], [-73.81610537477145, 40.84645454443765], [-73.81571903834563, 40.846293443498986], [-73.81545867615472, 40.846603028771725], [-73.8146272778874, 40.84714279476118], [-73.81464594697542, 40.847219613529134], [-73.81451106769596, 40.8471060780269], [-73.81570353189448, 40.84629134042401], [-73.81492265739294, 40.846483488692435], [-73.81368634738199, 40.847274325509225], [-73.81356372861671, 40.84715141127873], [-73.814908582032, 40.84646876487926], [-73.8144235257982, 40.84618782507264], [-73.81502627604301, 40.8454999950586], [-73.81420573129112, 40.846010180888534], [-73.813990421324, 40.84582691919394], [-73.81318865072497, 40.8462295364754], [-73.81403198219364, 40.8455892978681], [-73.81368589093518, 40.845659062254995], [-73.81394279128905, 40.845511589111396], [-73.81363258232699, 40.84528076903154], [-73.8133590558502, 40.84584549933124], [-73.81328932692877, 40.84595102273184], [-73.81321295244251, 40.845922939842026], [-73.81361858267053, 40.845275042388685], [-73.81325997724689, 40.84523399045839], [-73.81284939958523, 40.84631879949848], [-73.8132432635106, 40.84523590785021], [-73.81310050639195, 40.84517241468519], [-73.81287703597418, 40.84513466844867], [-73.81315597044244, 40.84521210037652], [-73.81285536957633, 40.84518628546159], [-73.81241445328128, 40.846559380748936], [-73.81227790900505, 40.8465434582794], [-73.81284143551537, 40.845180170175006], [-73.81261378787293, 40.8451095078661], [-73.8128577433794, 40.84512954458932], [-73.81254457815602, 40.844979598008514], [-73.81188458844791, 40.84659496706141], [-73.8124362506067, 40.84673771207574], [-73.81169971823648, 40.84668170081381], [-73.81266141349049, 40.84420764950101], [-73.8129912030509, 40.84452250705573], [-73.81264889336671, 40.844659467667505], [-73.81311795023709, 40.84478760306727], [-73.81264095809871, 40.844681662260506], [-73.81254909120709, 40.84495227514627], [-73.81367848753, 40.84505698051595], [-73.81416729043146, 40.84478090603217], [-73.81369979287803, 40.8448484568636], [-73.81418334592415, 40.844682199083614], [-73.81346597094539, 40.844263188432], [-73.81347956598182, 40.84365111955148], [-73.81499955039779, 40.84350445264208], [-73.81567292613445, 40.844428775759205], [-73.8163057192387, 40.844399210430495], [-73.81643583754615, 40.84406490674788], [-73.81750072974424, 40.84436744491052], [-73.81824065893849, 40.84434212791019], [-73.818190890506, 40.84411314800024], [-73.81768994519228, 40.84426849555021], [-73.81718704179603, 40.84391596441778], [-73.81662677325095, 40.84394489856042], [-73.81572300131998, 40.84253656598709], [-73.81517113664873, 40.84257716162403], [-73.81570207846407, 40.84251972168981], [-73.81541503896409, 40.84239132778359], [-73.81558492163329, 40.841841264603744], [-73.81526263397677, 40.84125983942328], [-73.81473345817533, 40.84137572831109], [-73.81523404887245, 40.84100964149672], [-73.81480646696137, 40.839804366886625], [-73.81436596502486, 40.83986536376512], [-73.81479697880735, 40.839787957407104], [-73.81472319684482, 40.839588886600204], [-73.8143157879994, 40.839649527012206], [-73.81430900133682, 40.83962241637948], [-73.81471999083716, 40.839571879092226], [-73.81478277740266, 40.83907648795786], [-73.8160228191546, 40.8385263862449], [-73.81647878477862, 40.837703983888595], [-73.81606068234667, 40.836030196457116], [-73.81550338608984, 40.83595321346723], [-73.81606339574208, 40.83577292747391], [-73.81600773070701, 40.83551259783884], [-73.81557397060101, 40.835525081831285], [-73.81608188313594, 40.835361182400426], [-73.81608401401107, 40.83459034626542], [-73.81566358139244, 40.834490849307095], [-73.81603747121723, 40.83416861480546], [-73.8148793738859, 40.8310300864916], [-73.81449221012436, 40.83117114022458], [-73.81484313432419, 40.830986120513835], [-73.8145200857769, 40.83062287579449], [-73.81391425388853, 40.83092425703572], [-73.81389783360487, 40.83090755415846], [-73.8145101652144, 40.83061404705133], [-73.81430920681511, 40.830359271207655], [-73.81385671977277, 40.83056144292284], [-73.81429959295038, 40.83035010370283], [-73.81366831284689, 40.829891284854035], [-73.81388971246565, 40.82977745220246], [-73.81337687307196, 40.829391202710696], [-73.8133876638913, 40.82902309447373], [-73.81290321918756, 40.82895313166618], [-73.81318011408925, 40.82880287122972], [-73.81283902833232, 40.82864666669588], [-73.81275469994516, 40.82824823625153], [-73.809927992508, 40.82819322268483], [-73.81009578138243, 40.827819493091695], [-73.81105446059631, 40.82798479483613], [-73.81104880187468, 40.827840805154764], [-73.81025357097289, 40.827833863913035], [-73.81003792061868, 40.82778156842339], [-73.81182440558153, 40.82782881363523], [-73.81107330717174, 40.82784157654803], [-73.81159139311146, 40.827999153548745], [-73.81263975263083, 40.82783640656203], [-73.81265206400504, 40.82755877961499], [-73.81384974845062, 40.82680352872422], [-73.81372207686603, 40.826271592515226], [-73.81291776131222, 40.82635038912083], [-73.81399111600322, 40.82606959874041], [-73.8139505407614, 40.82572915144377], [-73.81342102197195, 40.825925016768494], [-73.8139416195339, 40.825717031728665], [-73.81379523517661, 40.82529808600177], [-73.81333522606086, 40.82517094670784], [-73.81211350556435, 40.8255526346595], [-73.81327735515306, 40.825161321707725], [-73.81308215093006, 40.824944546839895], [-73.81403745843352, 40.824483469494105], [-73.81397110343492, 40.82419026920772], [-73.8132741739903, 40.82396666581975], [-73.81281028698106, 40.82433911367456], [-73.81273339108938, 40.824778470822565], [-73.81232005539012, 40.8244113084201], [-73.81177284871205, 40.824339806172986], [-73.81164355619616, 40.824601662268854], [-73.81103147525586, 40.8247082270422], [-73.81087496294379, 40.82511394844671], [-73.81076192559188, 40.82490157071444], [-73.8096548114174, 40.825275535621806], [-73.80909234633549, 40.8258733981643], [-73.80766604765233, 40.82589699205927], [-73.80697771152201, 40.82538837089767], [-73.80656361554976, 40.82460640543197], [-73.80677536296291, 40.82444861773712], [-73.80651819407534, 40.82419799191291], [-73.80675058060025, 40.82382807065882], [-73.80646480610469, 40.823799267499325], [-73.80666166000621, 40.823419584237335], [-73.80623630693701, 40.823307934650906], [-73.80651018671028, 40.82315261172058], [-73.80638355020652, 40.8228927626324], [-73.80595169124446, 40.822882595349604], [-73.80622242082086, 40.82274142998961], [-73.80582465580834, 40.82176778979318], [-73.80599159848933, 40.82082355849026], [-73.80572802989728, 40.82017733869521], [-73.80461931205204, 40.81902711471655], [-73.80348320649303, 40.818276985466845], [-73.80267407634148, 40.81823857509167], [-73.80252163401762, 40.81852598830612], [-73.80207892871852, 40.81855673696875], [-73.8007085972132, 40.818043275796114], [-73.80032540130557, 40.8175604451614], [-73.79759032777474, 40.81650753156775], [-73.79738112573526, 40.815763504895834], [-73.79771465236787, 40.81551329274363], [-73.79811945293466, 40.81569878500345], [-73.798642206466, 40.81546401593535], [-73.79902816314, 40.815541134938876], [-73.8001114686428, 40.81402452556079], [-73.80091593237641, 40.813761402506735], [-73.80174561215946, 40.81286501741591], [-73.80133906141198, 40.81239373439257], [-73.8017593218082, 40.81286139698748], [-73.80305792060486, 40.81245229753628], [-73.80361424977075, 40.812523113660724], [-73.80351997906492, 40.81292187125176], [-73.80377912019877, 40.812809906043235], [-73.80361429261028, 40.81304451492829], [-73.804358103467, 40.81360853867418], [-73.80415365301042, 40.81373067286529], [-73.80422899591787, 40.81366330521181], [-73.80355921193633, 40.813042712172475], [-73.80361455805945, 40.812972191191754], [-73.80325294454971, 40.8131967735502], [-73.80453081609834, 40.81425461992452], [-73.80322176299285, 40.81337410994241], [-73.80351667337368, 40.813951963648805], [-73.80443003333595, 40.814583062613316], [-73.80471812332812, 40.815230505094185], [-73.80657247260172, 40.816606355392565], [-73.80611761373622, 40.81595220932627], [-73.8053787878482, 40.81548262028287], [-73.8050810346668, 40.815197964012754], [-73.80455440518865, 40.81462984223728], [-73.80465942815025, 40.8145449891222], [-73.80527878825075, 40.815377264776494], [-73.80610141797911, 40.815919716954006], [-73.80632932566165, 40.81613795881774], [-73.80660603189511, 40.816664494543886], [-73.80692933177552, 40.8165683790769], [-73.80653572493937, 40.815891986386475], [-73.80704600153508, 40.8165336938755], [-73.80662873423144, 40.81568384020791], [-73.80640177811446, 40.81570203064965], [-73.80663156323897, 40.81559499146097], [-73.80545612201098, 40.814686574062925], [-73.80544921172645, 40.813376655608366], [-73.80499834751825, 40.81220663456617], [-73.80476488943775, 40.81203367806296], [-73.8039118606247, 40.81211049788138], [-73.80235340279003, 40.81003705895922], [-73.80135552746913, 40.81071084489515], [-73.80101172909842, 40.81071339964748], [-73.80146670007328, 40.81014171796329], [-73.80010949916637, 40.80971095407848], [-73.7985376596495, 40.80958707552993], [-73.79228907337423, 40.80684900557963], [-73.79140059873883, 40.80699787790847], [-73.79152359087004, 40.8074890878062], [-73.79086475738563, 40.80734113993816], [-73.79006256328036, 40.80540894183462], [-73.79028410874172, 40.80481710368904], [-73.79103717515576, 40.80426303170218], [-73.79224529219154, 40.80399636431506], [-73.7933898228672, 40.80420433003648], [-73.79577769394001, 40.80616294902936], [-73.79620903473185, 40.80596859046204], [-73.79650268526494, 40.80610443548763], [-73.79636945999799, 40.806277202766786], [-73.79791578987737, 40.80671223002208], [-73.801671905973, 40.809016572948266], [-73.80278236265518, 40.809120123399964], [-73.80392673417204, 40.8085279708119], [-73.8046780836849, 40.8092257987877], [-73.80713987884187, 40.810661676453925], [-73.80822799216608, 40.81189100219729], [-73.8099202908178, 40.812929152261944], [-73.81042488566318, 40.81298055702469], [-73.8107847786833, 40.812770951355176], [-73.81400319066054, 40.813551467266095], [-73.81443067312418, 40.81351837571591], [-73.81449994116008, 40.81290828760471], [-73.81447727191015, 40.81351854184134], [-73.81566326325769, 40.81351203974364], [-73.8162005689643, 40.81384747597692], [-73.81737201626999, 40.81357434380464], [-73.81735988456629, 40.813375720037435], [-73.81738942091515, 40.81357073625084], [-73.81792084127568, 40.8135446801009], [-73.81793546303673, 40.81329796423303], [-73.81797608887013, 40.81329902414658], [-73.81804229161185, 40.813532967856446], [-73.81981638454947, 40.813179933156114], [-73.82010759340298, 40.81286406966557], [-73.82055521517309, 40.813017655077104], [-73.82024436122057, 40.81243067757416], [-73.82106512070945, 40.81220359196505], [-73.8203235551588, 40.81243965219513], [-73.82042087950583, 40.81263807250542], [-73.82112969804922, 40.81244975686706], [-73.82044179624134, 40.81265757783643], [-73.82058709143863, 40.813019447110854], [-73.82228290825742, 40.812661499787794], [-73.8221714521873, 40.81235400527664], [-73.82230863560132, 40.81265821507874], [-73.82408760781654, 40.81216384832528], [-73.82505782162893, 40.8118299178869], [-73.82480905359992, 40.81143928160021], [-73.82524350467826, 40.811761340240245], [-73.82487938938073, 40.8112729838284], [-73.82526664318074, 40.81175234789871], [-73.82549075318562, 40.81165933042358], [-73.82523137433307, 40.81120978929647], [-73.82565070298223, 40.811592290413714], [-73.82535766859549, 40.81102764392394], [-73.82567229084796, 40.81158474373054], [-73.82553710461548, 40.8110155242808], [-73.82581255718912, 40.811533704520556], [-73.82579755905094, 40.811205335639926], [-73.82595641099927, 40.811474448435305], [-73.826209663358, 40.81127900680081], [-73.82802775144881, 40.81145236638728], [-73.83018245574914, 40.81083908712697], [-73.8316219994741, 40.809568145348244], [-73.83217486842416, 40.80815977944409], [-73.83213795292717, 40.80740773735611], [-73.8316182295314, 40.80664578005564], [-73.83139548735745, 40.805170708059954], [-73.83161574455451, 40.80493825599347], [-73.83431545192279, 40.805162656820706], [-73.83743612125988, 40.806202642680766], [-73.83806076528177, 40.80703977469354], [-73.83824420929385, 40.808176810188925], [-73.84025952896259, 40.81144303678297], [-73.84043199540953, 40.81254112823709], [-73.83956806528863, 40.81449124860834], [-73.83953766669438, 40.81581918272496], [-73.84019020523155, 40.81718827305659], [-73.84009277081641, 40.81779897053961], [-73.83892733295289, 40.81900121010729], [-73.83868347700866, 40.81959138101699], [-73.83906398923855, 40.81980243234184], [-73.83888231646733, 40.822140489856174], [-73.83904904481194, 40.82268874814607], [-73.83952777714225, 40.82303815915202], [-73.83974013877227, 40.82411049303689], [-73.84013113528489, 40.82431708917762], [-73.8422204799932, 40.82834188794403], [-73.84233077477266, 40.829073962453876], [-73.84188643774428, 40.83071317653468], [-73.83885232384722, 40.83369066784843], [-73.839192552357, 40.83871362805797], [-73.83958953765703, 40.83879848582586], [-73.83972014515525, 40.839565405986335], [-73.84030282537192, 40.83952431394522], [-73.83984179647032, 40.83790493838039], [-73.83984235556295, 40.836116241464076], [-73.8397594290159, 40.83629627837064], [-73.83960098545434, 40.83567071869877], [-73.83965573346724, 40.83580223593792], [-73.83979605087632, 40.83578848940358], [-73.83979488562292, 40.83561920699047], [-73.8394577753272, 40.83503206833127], [-73.83959108452291, 40.8340416880908], [-73.84018151699, 40.83304342547391], [-73.84221334664694, 40.83155050727741], [-73.84310691599906, 40.829794139320036], [-73.84253325730938, 40.82752730414867], [-73.84001752995842, 40.822190242623094], [-73.83982926241688, 40.82157150149621], [-73.83999860407302, 40.81993494731588], [-73.8419868483405, 40.81877437390838], [-73.84209366311855, 40.81805954295176], [-73.84374053000357, 40.81532169954219], [-73.84520736885104, 40.81188702200969], [-73.84576561702221, 40.8115822788422], [-73.84617302872043, 40.81067666443066], [-73.8471968450964, 40.81058048761441], [-73.84821486515698, 40.81246290899589], [-73.84938556147972, 40.813236865345246], [-73.85041066819993, 40.81358402439129], [-73.85060246203966, 40.813930199539655], [-73.85301328287127, 40.81458442362371], [-73.85261815190952, 40.814058692123304], [-73.85297962704782, 40.81387348449558], [-73.852913985456, 40.813689403701794], [-73.85336857868805, 40.813593903136514], [-73.85514695315328, 40.814368994799175], [-73.85538030243694, 40.814288882082884], [-73.85443075596594, 40.81371791906994], [-73.85346774058634, 40.81347771110623], [-73.85255739434923, 40.81373533465537], [-73.85119997725174, 40.81355314437636], [-73.84914506615208, 40.81229879362125], [-73.84938420255818, 40.8112870747678], [-73.84917358424858, 40.810924340784204], [-73.85004241612901, 40.80921540848782], [-73.84996732905364, 40.808875512454605], [-73.84972865358634, 40.808875111639], [-73.8499511693801, 40.808714720172375], [-73.84955076934936, 40.808720867511084], [-73.84996696802705, 40.80857801934644], [-73.8496116642038, 40.80812418505142], [-73.84876007745984, 40.808337457793264], [-73.8495221825685, 40.80805527721786], [-73.8484164096164, 40.807368775795496], [-73.8483795372141, 40.80636018633473], [-73.84753621975587, 40.80592640279538], [-73.847488226419, 40.805448909149376], [-73.8486478460621, 40.80469937148059], [-73.84933382307932, 40.805051218261916], [-73.84941036337706, 40.80466797627584], [-73.84942852727698, 40.805059828140806], [-73.84982107183842, 40.80509443084363], [-73.85014867564297, 40.80453421881311], [-73.8506495461609, 40.804477517135524], [-73.85560958798165, 40.80447020507334], [-73.85624606304474, 40.80466434029679], [-73.85657780148443, 40.804932851439986], [-73.85569047098383, 40.80467656557573], [-73.85560497039721, 40.80506215703507], [-73.856125425633, 40.80528168125099], [-73.85724491988559, 40.8053072381163], [-73.85667579658389, 40.80499537032096], [-73.85683421024447, 40.80490927071552], [-73.85873606356634, 40.80579410683753], [-73.85887206504354, 40.805979689129956], [-73.85850560039144, 40.80581954279294], [-73.8583148770696, 40.80599859151494], [-73.85861191901083, 40.806697513537934], [-73.85908475852665, 40.80648021816366], [-73.85887709403076, 40.80598850860353], [-73.85919545024467, 40.806269877829926], [-73.85940191920196, 40.807529591337456], [-73.85915868148814, 40.80687897464938], [-73.85866505169193, 40.806832751495776], [-73.85838996228809, 40.80825880914898], [-73.8589514122177, 40.81027141758673], [-73.85907662566406, 40.809975558102295], [-73.86012695235573, 40.80960549989145], [-73.85932919264883, 40.80899654046336], [-73.85938982010812, 40.8081637687326], [-73.85982230438597, 40.80911324744991], [-73.86065965815283, 40.8096319030421], [-73.86765646284456, 40.810583761937394], [-73.87077804885931, 40.81448689548797], [-73.8717160645012, 40.814922335490365], [-73.8765199603362, 40.81613106342434], [-73.87673185506821, 40.81538649648678], [-73.87239437900097, 40.81397433560603], [-73.87095753684095, 40.812146180609645], [-73.87056806927927, 40.812087317622606], [-73.87055342191628, 40.811243380723134], [-73.8681121914008, 40.80675183283206], [-73.86846346959135, 40.80593654893927], [-73.87174509373908, 40.80154736611633], [-73.87355096572502, 40.80085330277201], [-73.87467716314049, 40.800979422864415], [-73.87473060452689, 40.80125663762885], [-73.87526517037327, 40.80139815254867], [-73.8758578858133, 40.80145598758662], [-73.87592998071601, 40.801084223091316], [-73.87814218819913, 40.8013192903067], [-73.87796880375369, 40.80171111512833], [-73.878234649218, 40.80264680576838], [-73.87921348407693, 40.80279532683531], [-73.88369542422465, 40.80216212360307], [-73.88396462519606, 40.801965148862394], [-73.88369036996541, 40.80194525580535], [-73.88372326665917, 40.801862843941215], [-73.88505172336708, 40.80213090679824], [-73.88727097347115, 40.80394700233688], [-73.88795897223945, 40.80499792592088], [-73.88859217706397, 40.80478927509804], [-73.88906442026061, 40.8050219124022], [-73.88936640376924, 40.80538078029841], [-73.88922416091161, 40.80584535119221], [-73.89014756243863, 40.80496060978679], [-73.8893743925369, 40.80592527311549], [-73.89005932692429, 40.80570432468146], [-73.89149903730073, 40.805931238240674], [-73.89144104277193, 40.8056618990676], [-73.89178618135598, 40.8056228920864], [-73.89197929534278, 40.8063847089764], [-73.89270681066425, 40.80634394859569], [-73.89253177139425, 40.805656551568575], [-73.89227315843527, 40.80570243312498], [-73.89216364547643, 40.80530259256561], [-73.8912671062289, 40.80501048942435], [-73.89128402413917, 40.804976281899336], [-73.89186610809385, 40.80509048742679], [-73.89219739671567, 40.80528468791956], [-73.89230020327568, 40.8056606056704], [-73.89256667738417, 40.805620710004796], [-73.8927481403741, 40.80634026130219], [-73.8946325235101, 40.8062323324249], [-73.8947260190962, 40.80602624658368], [-73.89485360535866, 40.80621490815896], [-73.89484295983623, 40.805723997012336], [-73.89509836487318, 40.8068636396763], [-73.89528550564228, 40.80684271107155], [-73.89550633968572, 40.806595305303816], [-73.8952796287401, 40.805766184068084], [-73.89559109091819, 40.80658134334771], [-73.89567025138753, 40.80629013045716], [-73.89597794687755, 40.80651761583981], [-73.89587481599303, 40.805808511582576], [-73.89610824517877, 40.80649615095143], [-73.89623040737013, 40.806210471902325], [-73.89726014999152, 40.806040959847465], [-73.89749681953822, 40.806214400705294], [-73.89741472698567, 40.805800059478244], [-73.89763818741136, 40.80620132083904], [-73.89772827251059, 40.805967494137455], [-73.89801340896226, 40.806166603859396], [-73.89787127990651, 40.80553498175981], [-73.89816110752683, 40.80613807010012], [-73.8981253618396, 40.805650760303045], [-73.89852656516594, 40.80543430909816], [-73.90097298881535, 40.80487609789135], [-73.90204952277965, 40.80478414052171], [-73.90222284699463, 40.80494811318974], [-73.90229231992772, 40.80456477614186], [-73.90292770331085, 40.80419729170934], [-73.9027097310254, 40.804163663467385], [-73.9045295409574, 40.8031702356521], [-73.90681401688877, 40.80089063960639], [-73.90807397255666, 40.79957281916741], [-73.90779307559532, 40.79949348953819], [-73.9076822280089, 40.799388313925455], [-73.90810210034302, 40.799539646360536], [-73.90802633276698, 40.7992378721623], [-73.90842190767995, 40.799442092445155], [-73.90830303542151, 40.798959135417775], [-73.91089222265335, 40.797017795036496], [-73.9117465332404, 40.796626273245124], [-73.91372255973579, 40.79678943875889], [-73.91903181973144, 40.79898494624386], [-73.92024068092735, 40.79961368787006], [-73.9213273077852, 40.80128459163159], [-73.92292710065784, 40.802373294643104], [-73.92422706841215, 40.80254501085575], [-73.92665794788495, 40.80240980391487], [-73.92762788658843, 40.80269566548179], [-73.92728271943585, 40.80350826441723], [-73.92764500352583, 40.803988632846284], [-73.92834056185582, 40.80423989028156], [-73.92872607489883, 40.804103624724895], [-73.93051758839161, 40.80659056356701], [-73.9322826198278, 40.80836397362319], [-73.93287412001965, 40.81041404342919], [-73.93256503302071, 40.81088597518992], [-73.93234245530486, 40.8146856842334], [-73.9323998255854, 40.82114556692743], [-73.93360592036706, 40.83278953052098], [-73.93299639001609, 40.83567878918892], [-73.93051572319905, 40.83993364268662], [-73.92861574822354, 40.84467686503018], [-73.92683023216802, 40.847289760188744], [-73.92465379930334, 40.84978504351322], [-73.92256178946477, 40.853188912030106], [-73.92174035403008, 40.8542212378407], [-73.92154261803914, 40.85411688338193], [-73.92134207683857, 40.854317435657904], [-73.92151543705523, 40.85451006389157], [-73.92080070289325, 40.85538081439472], [-73.92030027213424, 40.85524637134165], [-73.92052653132843, 40.855686668401994], [-73.91956620878487, 40.85684018368788], [-73.91776041251106, 40.85870809795846], [-73.91720664646986, 40.858928923237315], [-73.91341462193645, 40.863367493700885], [-73.91276271995461, 40.86302917415775], [-73.91227278976973, 40.8636321489969], [-73.91279762128934, 40.863898875433016], [-73.9125260451679, 40.86379522383795], [-73.9126763402038, 40.86402111160263], [-73.91041774436985, 40.866569544590064], [-73.90864943177567, 40.87138578380349], [-73.90893235241582, 40.872157347970806], [-73.90846367912475, 40.872620792207364], [-73.90774270784556, 40.87284595211176], [-73.90665099539471, 40.875752504192796], [-73.90703748936642, 40.87689516121084], [-73.9094983211752, 40.87877673167938], [-73.9103319356648, 40.879038046804844], [-73.9114891319045, 40.879018858809715], [-73.9120583003023, 40.878119320048846], [-73.91484624156381, 40.876666710276716], [-73.915785155719, 40.87571694506452], [-73.91775669329705, 40.87566362786042], [-73.91978381232792, 40.87642143660867], [-73.92206723651893, 40.878572414803166], [-73.92273788287523, 40.87890544542809], [-73.92451795851026, 40.879058659562084], [-73.92490327473082, 40.878888367853364], [-73.92380525605498, 40.880324901636236], [-73.9203928019909, 40.88764850022711], [-73.91518455871676, 40.90158428286233], [-73.91543172958416, 40.901812683688526], [-73.91501449586045, 40.90308129910659], [-73.9145903924332, 40.90411900219656], [-73.9141854352987, 40.90414039096886], [-73.91286857876598, 40.90753547589358], [-73.91311022264128, 40.90784583394491], [-73.91264932172878, 40.90807081195555], [-73.9115047539491, 40.912169879377124], [-73.91149959074804, 40.913766581705005], [-73.91033256848978, 40.91553277650281], [-73.90245664004945, 40.91295893342613], [-73.89725326354883, 40.911655520441386]]]]}}]}