{"type": "FeatureCollection", "features": [{"type": "Feature", "properties": {"site_id": "OS001", "Approved On Street": "DEISIUS STREET", "Approved From Street": "KINGDOM AVENUE", "Approved To Street": "STECHER STREET", "Borough Name": "Staten Island", "program_type": "Full Closure: Schools", "Organization Name": "PS 5", "approved_start": "2024-09-05", "approved_end": "2025-06-27", "approved_days_per_week": 5, "weekly_approved_hours": 37.5, "total_approved_hours": 1590.0, "monday_open_min": 450.0, "monday_close_min": 900.0, "monday_schedule": "07:30\u201315:00", "tuesday_open_min": 450.0, "tuesday_close_min": 900.0, "tuesday_schedule": "07:30\u201315:00", "wednesday_open_min": 450.0, "wednesday_close_min": 900.0, "wednesday_schedule": "07:30\u201315:00", "thursday_open_min": 450.0, "thursday_close_min": 900.0, "thursday_schedule": "07:30\u201315:00", "friday_open_min": 450.0, "friday_close_min": 900.0, "friday_schedule": "07:30\u201315:00", "saturday_open_min": null, "saturday_close_min": null, "saturday_schedule": null, "sunday_open_min": null, "sunday_close_min": null, "sunday_schedule": null}, "geometry": {"type": "Point", "coordinates": [-74.1873831898433, 40.53027724133192]}}, {"type": "Feature", "properties": {"site_id": "OS002", "Approved On Street": "SUFFOLK AVENUE", "Approved From Street": "HAROLD STREET", "Approved To Street": "QUEEN STREET", "Borough Name": "Staten Island", "program_type": "Full Closure", "Organization Name": "Council of Jewish Organizations of Staten Island, a project of the Igud Harabonim of America Inc", "approved_start": "2024-03-29", "approved_end": "2024-10-31", "approved_days_per_week": 3, "weekly_approved_hours": 31.0, "total_approved_hours": 961.0, "monday_open_min": null, "monday_close_min": null, "monday_schedule": null, "tuesday_open_min": null, "tuesday_close_min": null, "tuesday_schedule": null, "wednesday_open_min": null, "wednesday_close_min": null, "wednesday_schedule": null, "thursday_open_min": null, "thursday_close_min": null, "thursday_schedule": null, "friday_open_min": 840.0, "friday_close_min": 1260.0, "friday_schedule": "14:00\u201321:00", "saturday_open_min": 540.0, "saturday_close_min": 1260.0, "saturday_schedule": "09:00\u201321:00", "sunday_open_min": 540.0, "sunday_close_min": 1260.0, "sunday_schedule": "09:00\u201321:00"}, "geometry": {"type": "Point", "coordinates": [-74.12771571744001, 40.60202371219403]}}, {"type": "Feature", "properties": {"site_id": "OS003", "Approved On Street": "VERMONT COURT", "Approved From Street": "GANSEVOORT BOULEVARD", "Approved To Street": "SUFFOLK AVENUE", "Borough Name": "Staten Island", "program_type": "Full Closure", "Organization Name": "Council of Jewish Organizations of Staten Island, a project of the Igud Harabonim of America Inc", "approved_start": "2024-03-29", "approved_end": "2024-10-31", "approved_days_per_week": 3, "weekly_approved_hours": 31.0, "total_approved_hours": 961.0, "monday_open_min": null, "monday_close_min": null, "monday_schedule": null, "tuesday_open_min": null, "tuesday_close_min": null, "tuesday_schedule": null, "wednesday_open_min": null, "wednesday_close_min": null, "wednesday_schedule": null, "thursday_open_min": null, "thursday_close_min": null, "thursday_schedule": null, "friday_open_min": 840.0, "friday_close_min": 1260.0, "friday_schedule": "14:00\u201321:00", "saturday_open_min": 540.0, "saturday_close_min": 1260.0, "saturday_schedule": "09:00\u201321:00", "sunday_open_min": 540.0, "sunday_close_min": 1260.0, "sunday_schedule": "09:00\u201321:00"}, "geometry": {"type": "Point", "coordinates": [-74.12620041947886, 40.6020860093294]}}, {"type": "Feature", "properties": {"site_id": "OS004", "Approved On Street": "9 STREET", "Approved From Street": "ROSE AVENUE", "Approved To Street": "NEW DORP LANE", "Borough Name": "Staten Island", "program_type": "Full Closure", "Organization Name": "New Dorp Lane Management Association", "approved_start": "2024-05-24", "approved_end": "2024-11-01", "approved_days_per_week": 3, "weekly_approved_hours": 14.0, "total_approved_hours": 326.0, "monday_open_min": null, "monday_close_min": null, "monday_schedule": null, "tuesday_open_min": null, "tuesday_close_min": null, "tuesday_schedule": null, "wednesday_open_min": null, "wednesday_close_min": null, "wednesday_schedule": null, "thursday_open_min": null, "thursday_close_min": null, "thursday_schedule": null, "friday_open_min": 1140.0, "friday_close_min": 1380.0, "friday_schedule": "19:00\u201323:00", "saturday_open_min": 1080.0, "saturday_close_min": 1380.0, "saturday_schedule": "18:00\u201323:00", "sunday_open_min": 1080.0, "sunday_close_min": 1380.0, "sunday_schedule": "18:00\u201323:00"}, "geometry": {"type": "Point", "coordinates": [-74.11576065378974, 40.57216682767418]}}, {"type": "Feature", "properties": {"site_id": "OS005", "Approved On Street": "3 AVENUE", "Approved From Street": "82 STREET", "Approved To Street": "MARINE AVENUE", "Borough Name": "Brooklyn", "program_type": "Full Closure", "Organization Name": "Merchants of third Avenue Civic improvement assoc, inc", "approved_start": "2024-07-19", "approved_end": "2024-08-02", "approved_days_per_week": 1, "weekly_approved_hours": 6.0, "total_approved_hours": 18.0, "monday_open_min": null, "monday_close_min": null, "monday_schedule": null, "tuesday_open_min": null, "tuesday_close_min": null, "tuesday_schedule": null, "wednesday_open_min": null, "wednesday_close_min": null, "wednesday_schedule": null, "thursday_open_min": null, "thursday_close_min": null, "thursday_schedule": null, "friday_open_min": 960.0, "friday_close_min": 1320.0, "friday_schedule": "16:00\u201322:00", "saturday_open_min": null, "saturday_close_min": null, "saturday_schedule": null, "sunday_open_min": null, "sunday_close_min": null, "sunday_schedule": null}, "geometry": {"type": "Point", "coordinates": [-74.03219532778388, 40.620687470289326]}}, {"type": "Feature", "properties": {"site_id": "OS006", "Approved On Street": "3 AVENUE", "Approved From Street": "68 STREET", "Approved To Street": "82 STREET", "Borough Name": "Brooklyn", "program_type": "Full Closure", "Organization Name": "Merchants Of third Avenue Civic Improvement assoc. Inc", "approved_start": "2024-07-26", "approved_end": "2024-08-09", "approved_days_per_week": 1, "weekly_approved_hours": 6.0, "total_approved_hours": 18.0, "monday_open_min": null, "monday_close_min": null, "monday_schedule": null, "tuesday_open_min": null, "tuesday_close_min": null, "tuesday_schedule": null, "wednesday_open_min": null, "wednesday_close_min": null, "wednesday_schedule": null, "thursday_open_min": null, "thursday_close_min": null, "thursday_schedule": null, "friday_open_min": 960.0, "friday_close_min": 1320.0, "friday_schedule": "16:00\u201322:00", "saturday_open_min": null, "saturday_close_min": null, "saturday_schedule": null, "sunday_open_min": null, "sunday_close_min": null, "sunday_schedule": null}, "geometry": {"type": "Point", "coordinates": [-74.02779098610115, 40.631463367285676]}}, {"type": "Feature", "properties": {"site_id": "OS007", "Approved On Street": "71 STREET", "Approved From Street": "6 AVENUE", "Approved To Street": "7 AVENUE", "Borough Name": "Brooklyn", "program_type": "Full Closure: Schools", "Organization Name": "PS 170K The Ralph A. Fabrizio School", "approved_start": "2024-09-05", "approved_end": "2025-06-27", "approved_days_per_week": 5, "weekly_approved_hours": 2.5, "total_approved_hours": 106.0, "monday_open_min": 870.0, "monday_close_min": 900.0, "monday_schedule": "14:30\u201315:00", "tuesday_open_min": 870.0, "tuesday_close_min": 900.0, "tuesday_schedule": "14:30\u201315:00", "wednesday_open_min": 870.0, "wednesday_close_min": 900.0, "wednesday_schedule": "14:30\u201315:00", "thursday_open_min": 870.0, "thursday_close_min": 900.0, "thursday_schedule": "14:30\u201315:00", "friday_open_min": 870.0, "friday_close_min": 900.0, "friday_schedule": "14:30\u201315:00", "saturday_open_min": null, "saturday_close_min": null, "saturday_schedule": null, "sunday_open_min": null, "sunday_close_min": null, "sunday_schedule": null}, "geometry": {"type": "Point", "coordinates": [-74.01906269227025, 40.63103852461099]}}, {"type": "Feature", "properties": {"site_id": "OS008", "Approved On Street": "REED STREET", "Approved From Street": "CONOVER STREET", "Approved To Street": "VAN BRUNT STREET", "Borough Name": "Brooklyn", "program_type": "Full Closure", "Organization Name": "Hometown Bar B Que", "approved_start": "2024-04-01", "approved_end": "2024-12-01", "approved_days_per_week": 6, "weekly_approved_hours": 46.0, "total_approved_hours": 1610.0, "monday_open_min": null, "monday_close_min": null, "monday_schedule": null, "tuesday_open_min": 960.0, "tuesday_close_min": 1320.0, "tuesday_schedule": "16:00\u201322:00", "wednesday_open_min": 960.0, "wednesday_close_min": 1320.0, "wednesday_schedule": "16:00\u201322:00", "thursday_open_min": 960.0, "thursday_close_min": 1320.0, "thursday_schedule": "16:00\u201322:00", "friday_open_min": 960.0, "friday_close_min": 1380.0, "friday_schedule": "16:00\u201323:00", "saturday_open_min": 720.0, "saturday_close_min": 1380.0, "saturday_schedule": "12:00\u201323:00", "sunday_open_min": 720.0, "sunday_close_min": 1320.0, "sunday_schedule": "12:00\u201322:00"}, "geometry": {"type": "Point", "coordinates": [-74.01726307328852, 40.675504778571884]}}, {"type": "Feature", "properties": {"site_id": "OS009", "Approved On Street": "WEST 12 STREET", "Approved From Street": "SURF AVENUE", "Approved To Street": "BOWERY", "Borough Name": "Brooklyn", "program_type": "Full Closure", "Organization Name": "Alliance for Coney Island", "approved_start": "2024-06-29", "approved_end": "2024-07-27", "approved_days_per_week": 1, "weekly_approved_hours": 9.0, "total_approved_hours": 45.0, "monday_open_min": null, "monday_close_min": null, "monday_schedule": null, "tuesday_open_min": null, "tuesday_close_min": null, "tuesday_schedule": null, "wednesday_open_min": null, "wednesday_close_min": null, "wednesday_schedule": null, "thursday_open_min": null, "thursday_close_min": null, "thursday_schedule": null, "friday_open_min": null, "friday_close_min": null, "friday_schedule": null, "saturday_open_min": 630.0, "saturday_close_min": 1170.0, "saturday_schedule": "10:30\u201319:30", "sunday_open_min": null, "sunday_close_min": null, "sunday_schedule": null}, "geometry": {"type": "Point", "coordinates": [-73.97964342665841, 40.574770538051176]}}, {"type": "Feature", "properties": {"site_id": "OS010", "Approved On Street": "BENSON AVENUE", "Approved From Street": "BAY 19 STREET", "Approved To Street": "18 AVENUE", "Borough Name": "Brooklyn", "program_type": "Full Closure", "Organization Name": "Federation of Italian American Organizations", "approved_start": "2024-07-01", "approved_end": "2024-08-09", "approved_days_per_week": 5, "weekly_approved_hours": 35.0, "total_approved_hours": 210.0, "monday_open_min": 480.0, "monday_close_min": 900.0, "monday_schedule": "08:00\u201315:00", "tuesday_open_min": 480.0, "tuesday_close_min": 900.0, "tuesday_schedule": "08:00\u201315:00", "wednesday_open_min": 480.0, "wednesday_close_min": 900.0, "wednesday_schedule": "08:00\u201315:00", "thursday_open_min": 480.0, "thursday_close_min": 900.0, "thursday_schedule": "08:00\u201315:00", "friday_open_min": 480.0, "friday_close_min": 900.0, "friday_schedule": "08:00\u201315:00", "saturday_open_min": null, "saturday_close_min": null, "saturday_schedule": null, "sunday_open_min": null, "sunday_close_min": null, "sunday_schedule": null}, "geometry": {"type": "Point", "coordinates": [-74.0049344885168, 40.60507440608618]}}, {"type": "Feature", "properties": {"site_id": "OS011", "Approved On Street": "82 STREET", "Approved From Street": "24 AVENUE", "Approved To Street": "STILLWELL AVENUE", "Borough Name": "Brooklyn", "program_type": "Full Closure: Schools", "Organization Name": "Bet Yaakov Yesodot Hatorah", "approved_start": "2024-09-09", "approved_end": "2025-06-18", "approved_days_per_week": 5, "weekly_approved_hours": 21.0, "total_approved_hours": 855.0, "monday_open_min": 600.0, "monday_close_min": 900.0, "monday_schedule": "10:00\u201315:00", "tuesday_open_min": 600.0, "tuesday_close_min": 900.0, "tuesday_schedule": "10:00\u201315:00", "wednesday_open_min": 600.0, "wednesday_close_min": 900.0, "wednesday_schedule": "10:00\u201315:00", "thursday_open_min": 600.0, "thursday_close_min": 900.0, "thursday_schedule": "10:00\u201315:00", "friday_open_min": 600.0, "friday_close_min": 660.0, "friday_schedule": "10:00\u201311:00", "saturday_open_min": null, "saturday_close_min": null, "saturday_schedule": null, "sunday_open_min": null, "sunday_close_min": null, "sunday_schedule": null}, "geometry": {"type": "Point", "coordinates": [-73.98702478121979, 40.60153373761037]}}, {"type": "Feature", "properties": {"site_id": "OS012", "Approved On Street": "43 STREET", "Approved From Street": "8 AVENUE", "Approved To Street": "7 AVENUE", "Borough Name": "Brooklyn", "program_type": "Full Closure: Schools", "Organization Name": "PS 169 Sunset Park School", "approved_start": "2024-09-05", "approved_end": "2025-06-27", "approved_days_per_week": 3, "weekly_approved_hours": 13.5, "total_approved_hours": 576.0, "monday_open_min": 570.0, "monday_close_min": 840.0, "monday_schedule": "09:30\u201314:00", "tuesday_open_min": null, "tuesday_close_min": null, "tuesday_schedule": null, "wednesday_open_min": null, "wednesday_close_min": null, "wednesday_schedule": null, "thursday_open_min": 570.0, "thursday_close_min": 840.0, "thursday_schedule": "09:30\u201314:00", "friday_open_min": 570.0, "friday_close_min": 840.0, "friday_schedule": "09:30\u201314:00", "saturday_open_min": null, "saturday_close_min": null, "saturday_schedule": null, "sunday_open_min": null, "sunday_close_min": null, "sunday_schedule": null}, "geometry": {"type": "Point", "coordinates": [-73.99963885933298, 40.64504188709992]}}, {"type": "Feature", "properties": {"site_id": "OS013", "Approved On Street": "CHESTER AVENUE", "Approved From Street": "CHURCH AVENUE", "Approved To Street": "LOUISA STREET", "Borough Name": "Brooklyn", "program_type": "Full Closure", "Organization Name": "MASJID NUR AL ISLAM", "approved_start": "2024-03-08", "approved_end": "2025-03-31", "approved_days_per_week": 1, "weekly_approved_hours": 3.0, "total_approved_hours": 168.0, "monday_open_min": null, "monday_close_min": null, "monday_schedule": null, "tuesday_open_min": null, "tuesday_close_min": null, "tuesday_schedule": null, "wednesday_open_min": null, "wednesday_close_min": null, "wednesday_schedule": null, "thursday_open_min": null, "thursday_close_min": null, "thursday_schedule": null, "friday_open_min": 720.0, "friday_close_min": 900.0, "friday_schedule": "12:00\u201315:00", "saturday_open_min": null, "saturday_close_min": null, "saturday_schedule": null, "sunday_open_min": null, "sunday_close_min": null, "sunday_schedule": null}, "geometry": {"type": "Point", "coordinates": [-73.98244454209303, 40.64153862598363]}}, {"type": "Feature", "properties": {"site_id": "OS014", "Approved On Street": "WEST 9 STREET", "Approved From Street": "HENRY STREET", "Approved To Street": "HICKS STREET", "Borough Name": "Brooklyn", "program_type": "Full Closure", "Organization Name": "Red Hook Initiative", "approved_start": "2024-07-01", "approved_end": "2024-12-31", "approved_days_per_week": 5, "weekly_approved_hours": 48.0, "total_approved_hours": 1270.0, "monday_open_min": 420.0, "monday_close_min": 1140.0, "monday_schedule": "07:00\u201319:00", "tuesday_open_min": 540.0, "tuesday_close_min": 1140.0, "tuesday_schedule": "09:00\u201319:00", "wednesday_open_min": 540.0, "wednesday_close_min": 1140.0, "wednesday_schedule": "09:00\u201319:00", "thursday_open_min": 540.0, "thursday_close_min": 1140.0, "thursday_schedule": "09:00\u201319:00", "friday_open_min": 540.0, "friday_close_min": 900.0, "friday_schedule": "09:00\u201315:00", "saturday_open_min": null, "saturday_close_min": null, "saturday_schedule": null, "sunday_open_min": null, "sunday_close_min": null, "sunday_schedule": null}, "geometry": {"type": "Point", "coordinates": [-74.00319364334875, 40.676271052680576]}}, {"type": "Feature", "properties": {"site_id": "OS015", "Approved On Street": "COLUMBIA STREET", "Approved From Street": "HAMILTON AVENUE", "Approved To Street": "WOODHULL STREET", "Borough Name": "Brooklyn", "program_type": "Full Closure", "Organization Name": "Living Traditions Inc.", "approved_start": "2024-06-01", "approved_end": "2024-07-13", "approved_days_per_week": 1, "weekly_approved_hours": 11.0, "total_approved_hours": 77.0, "monday_open_min": null, "monday_close_min": null, "monday_schedule": null, "tuesday_open_min": null, "tuesday_close_min": null, "tuesday_schedule": null, "wednesday_open_min": null, "wednesday_close_min": null, "wednesday_schedule": null, "thursday_open_min": null, "thursday_close_min": null, "thursday_schedule": null, "friday_open_min": null, "friday_close_min": null, "friday_schedule": null, "saturday_open_min": 660.0, "saturday_close_min": 1320.0, "saturday_schedule": "11:00\u201322:00", "sunday_open_min": null, "sunday_close_min": null, "sunday_schedule": null}, "geometry": {"type": "Point", "coordinates": [-74.00456896589824, 40.68114997575057]}}, {"type": "Feature", "properties": {"site_id": "OS016", "Approved On Street": "SUMMIT STREET", "Approved From Street": "HENRY STREET", "Approved To Street": "HICKS STREET", "Borough Name": "Brooklyn", "program_type": "Full Closure: Schools", "Organization Name": "Mary McDowell Friends School", "approved_start": "2024-09-09", "approved_end": "2025-06-27", "approved_days_per_week": 5, "weekly_approved_hours": 10.0, "total_approved_hours": 420.0, "monday_open_min": 750.0, "monday_close_min": 870.0, "monday_schedule": "12:30\u201314:30", "tuesday_open_min": 750.0, "tuesday_close_min": 870.0, "tuesday_schedule": "12:30\u201314:30", "wednesday_open_min": 750.0, "wednesday_close_min": 870.0, "wednesday_schedule": "12:30\u201314:30", "thursday_open_min": 750.0, "thursday_close_min": 870.0, "thursday_schedule": "12:30\u201314:30", "friday_open_min": 750.0, "friday_close_min": 870.0, "friday_schedule": "12:30\u201314:30", "saturday_open_min": null, "saturday_close_min": null, "saturday_schedule": null, "sunday_open_min": null, "sunday_close_min": null, "sunday_schedule": null}, "geometry": {"type": "Point", "coordinates": [-74.00225222129774, 40.68189321175296]}}, {"type": "Feature", "properties": {"site_id": "OS017", "Approved On Street": "4 STREET", "Approved From Street": "5 AVENUE", "Approved To Street": "DEAD END", "Borough Name": "Brooklyn", "program_type": "Full Closure", "Organization Name": "Park Slope Fifth Avenue BID", "approved_start": "2024-01-08", "approved_end": "2024-12-31", "approved_days_per_week": 7, "weekly_approved_hours": 98.0, "total_approved_hours": 5026.0, "monday_open_min": 480.0, "monday_close_min": 1320.0, "monday_schedule": "08:00\u201322:00", "tuesday_open_min": 480.0, "tuesday_close_min": 1320.0, "tuesday_schedule": "08:00\u201322:00", "wednesday_open_min": 480.0, "wednesday_close_min": 1320.0, "wednesday_schedule": "08:00\u201322:00", "thursday_open_min": 480.0, "thursday_close_min": 1320.0, "thursday_schedule": "08:00\u201322:00", "friday_open_min": 480.0, "friday_close_min": 1320.0, "friday_schedule": "08:00\u201322:00", "saturday_open_min": 480.0, "saturday_close_min": 1320.0, "saturday_schedule": "08:00\u201322:00", "sunday_open_min": 480.0, "sunday_close_min": 1320.0, "sunday_schedule": "08:00\u201322:00"}, "geometry": {"type": "Point", "coordinates": [-73.98378623283008, 40.672193306120306]}}, {"type": "Feature", "properties": {"site_id": "OS018", "Approved On Street": "5 AVENUE", "Approved From Street": "PRESIDENT STREET", "Approved To Street": "2 STREET", "Borough Name": "Brooklyn", "program_type": "Full Closure", "Organization Name": "5th Avenue Open Streets Merchants Association", "approved_start": "2024-05-04", "approved_end": "2024-10-26", "approved_days_per_week": 1, "weekly_approved_hours": 11.0, "total_approved_hours": 286.0, "monday_open_min": null, "monday_close_min": null, "monday_schedule": null, "tuesday_open_min": null, "tuesday_close_min": null, "tuesday_schedule": null, "wednesday_open_min": null, "wednesday_close_min": null, "wednesday_schedule": null, "thursday_open_min": null, "thursday_close_min": null, "thursday_schedule": null, "friday_open_min": null, "friday_close_min": null, "friday_schedule": null, "saturday_open_min": 660.0, "saturday_close_min": 1320.0, "saturday_schedule": "11:00\u201322:00", "sunday_open_min": null, "sunday_close_min": null, "sunday_schedule": null}, "geometry": {"type": "Point", "coordinates": [-73.98177482760104, 40.674601882014606]}}, {"type": "Feature", "properties": {"site_id": "OS019", "Approved On Street": "PECK SLIP", "Approved From Street": "WATER STREET", "Approved To Street": "PEARL STREET", "Borough Name": "Manhattan", "program_type": "Full Closure: Schools", "Organization Name": "Peck Slip School", "approved_start": "2024-09-05", "approved_end": "2025-06-27", "approved_days_per_week": 5, "weekly_approved_hours": 42.5, "total_approved_hours": 1802.0, "monday_open_min": 450.0, "monday_close_min": 960.0, "monday_schedule": "07:30\u201316:00", "tuesday_open_min": 450.0, "tuesday_close_min": 960.0, "tuesday_schedule": "07:30\u201316:00", "wednesday_open_min": 450.0, "wednesday_close_min": 960.0, "wednesday_schedule": "07:30\u201316:00", "thursday_open_min": 450.0, "thursday_close_min": 960.0, "thursday_schedule": "07:30\u201316:00", "friday_open_min": 450.0, "friday_close_min": 960.0, "friday_schedule": "07:30\u201316:00", "saturday_open_min": null, "saturday_close_min": null, "saturday_schedule": null, "sunday_open_min": null, "sunday_close_min": null, "sunday_schedule": null}, "geometry": {"type": "Point", "coordinates": [-74.0025025398103, 40.7088456291383]}}, {"type": "Feature", "properties": {"site_id": "OS020", "Approved On Street": "JORALEMON STREET", "Approved From Street": "HICKS STREET", "Approved To Street": "FURMAN STREET", "Borough Name": "Brooklyn", "program_type": "Limited Local Access", "Organization Name": "The Willowtown Assocation", "approved_start": "2024-04-15", "approved_end": "2024-10-31", "approved_days_per_week": 7, "weekly_approved_hours": 79.0, "total_approved_hours": 2252.0, "monday_open_min": 480.0, "monday_close_min": 1260.0, "monday_schedule": "08:00\u201321:00", "tuesday_open_min": 480.0, "tuesday_close_min": 1260.0, "tuesday_schedule": "08:00\u201321:00", "wednesday_open_min": 480.0, "wednesday_close_min": 1260.0, "wednesday_schedule": "08:00\u201321:00", "thursday_open_min": 480.0, "thursday_close_min": 540.0, "thursday_schedule": "08:00\u201309:00", "friday_open_min": 480.0, "friday_close_min": 1260.0, "friday_schedule": "08:00\u201321:00", "saturday_open_min": 480.0, "saturday_close_min": 1260.0, "saturday_schedule": "08:00\u201321:00", "sunday_open_min": 480.0, "sunday_close_min": 1260.0, "sunday_schedule": "08:00\u201321:00"}, "geometry": {"type": "Point", "coordinates": [-73.9983102567652, 40.69373069520518]}}, {"type": "Feature", "properties": {"site_id": "OS021", "Approved On Street": "PELL STREET", "Approved From Street": "MOTT STREET", "Approved To Street": "BOWERY", "Borough Name": "Manhattan", "program_type": "Full Closure", "Organization Name": "Chinatown District Management Association, Inc. (aka Chinatown BID)", "approved_start": "2024-04-01", "approved_end": "2024-10-31", "approved_days_per_week": 2, "weekly_approved_hours": 26.0, "total_approved_hours": 780.0, "monday_open_min": null, "monday_close_min": null, "monday_schedule": null, "tuesday_open_min": null, "tuesday_close_min": null, "tuesday_schedule": null, "wednesday_open_min": null, "wednesday_close_min": null, "wednesday_schedule": null, "thursday_open_min": null, "thursday_close_min": null, "thursday_schedule": null, "friday_open_min": null, "friday_close_min": null, "friday_schedule": null, "saturday_open_min": 540.0, "saturday_close_min": 1380.0, "saturday_schedule": "09:00\u201323:00", "sunday_open_min": 540.0, "sunday_close_min": 1260.0, "sunday_schedule": "09:00\u201321:00"}, "geometry": {"type": "Point", "coordinates": [-73.99803530495666, 40.71482456235078]}}, {"type": "Feature", "properties": {"site_id": "OS022", "Approved On Street": "MONTAGUE STREET", "Approved From Street": "CLINTON STREET", "Approved To Street": "HICKS STREET", "Borough Name": "Brooklyn", "program_type": "Full Closure", "Organization Name": "MONTAGUE ST BID", "approved_start": "2024-05-05", "approved_end": "2024-09-29", "approved_days_per_week": 1, "weekly_approved_hours": 9.0, "total_approved_hours": 198.0, "monday_open_min": null, "monday_close_min": null, "monday_schedule": null, "tuesday_open_min": null, "tuesday_close_min": null, "tuesday_schedule": null, "wednesday_open_min": null, "wednesday_close_min": null, "wednesday_schedule": null, "thursday_open_min": null, "thursday_close_min": null, "thursday_schedule": null, "friday_open_min": null, "friday_close_min": null, "friday_schedule": null, "saturday_open_min": null, "saturday_close_min": null, "saturday_schedule": null, "sunday_open_min": 600.0, "sunday_close_min": 1140.0, "sunday_schedule": "10:00\u201319:00"}, "geometry": {"type": "Point", "coordinates": [-73.9942981569393, 40.694791686458665]}}, {"type": "Feature", "properties": {"site_id": "OS023", "Approved On Street": "FORSYTH STREET", "Approved From Street": "EAST BROADWAY", "Approved To Street": "DIVISION STREET", "Borough Name": "Manhattan", "program_type": "Full Closure", "Organization Name": "Chinatown District Management Association, Inc. (aka Chinatown BID)", "approved_start": "2024-04-01", "approved_end": "2024-10-31", "approved_days_per_week": 1, "weekly_approved_hours": 7.0, "total_approved_hours": 210.0, "monday_open_min": null, "monday_close_min": null, "monday_schedule": null, "tuesday_open_min": null, "tuesday_close_min": null, "tuesday_schedule": null, "wednesday_open_min": null, "wednesday_close_min": null, "wednesday_schedule": null, "thursday_open_min": null, "thursday_close_min": null, "thursday_schedule": null, "friday_open_min": null, "friday_close_min": null, "friday_schedule": null, "saturday_open_min": 540.0, "saturday_close_min": 960.0, "saturday_schedule": "09:00\u201316:00", "sunday_open_min": null, "sunday_close_min": null, "sunday_schedule": null}, "geometry": {"type": "Point", "coordinates": [-73.99414039105886, 40.714268932155505]}}, {"type": "Feature", "properties": {"site_id": "OS024", "Approved On Street": "POPLAR STREET", "Approved From Street": "HICKS STREET", "Approved To Street": "HENRY STREET", "Borough Name": "Brooklyn", "program_type": "Full Closure: Schools", "Organization Name": "PS 8 The Emily Warren Roebling School", "approved_start": "2024-10-17", "approved_end": "2025-06-27", "approved_days_per_week": 5, "weekly_approved_hours": 28.75, "total_approved_hours": 1046.5, "monday_open_min": 555.0, "monday_close_min": 900.0, "monday_schedule": "09:15\u201315:00", "tuesday_open_min": 555.0, "tuesday_close_min": 900.0, "tuesday_schedule": "09:15\u201315:00", "wednesday_open_min": 555.0, "wednesday_close_min": 900.0, "wednesday_schedule": "09:15\u201315:00", "thursday_open_min": 555.0, "thursday_close_min": 900.0, "thursday_schedule": "09:15\u201315:00", "friday_open_min": 555.0, "friday_close_min": 900.0, "friday_schedule": "09:15\u201315:00", "saturday_open_min": null, "saturday_close_min": null, "saturday_schedule": null, "sunday_open_min": null, "sunday_close_min": null, "sunday_schedule": null}, "geometry": {"type": "Point", "coordinates": [-73.99145327625324, 40.70069061276886]}}, {"type": "Feature", "properties": {"site_id": "OS025", "Approved On Street": "CANAL STREET", "Approved From Street": "ESSEX STREET", "Approved To Street": "ORCHARD STREET", "Borough Name": "Manhattan", "program_type": "Full Closure", "Organization Name": "Cervo's", "approved_start": "2024-04-01", "approved_end": "2024-11-29", "approved_days_per_week": 7, "weekly_approved_hours": 56.0, "total_approved_hours": 1944.0, "monday_open_min": 900.0, "monday_close_min": 1380.0, "monday_schedule": "15:00\u201323:00", "tuesday_open_min": 900.0, "tuesday_close_min": 1380.0, "tuesday_schedule": "15:00\u201323:00", "wednesday_open_min": 900.0, "wednesday_close_min": 1380.0, "wednesday_schedule": "15:00\u201323:00", "thursday_open_min": 900.0, "thursday_close_min": 1380.0, "thursday_schedule": "15:00\u201323:00", "friday_open_min": 900.0, "friday_close_min": 1380.0, "friday_schedule": "15:00\u201323:00", "saturday_open_min": 900.0, "saturday_close_min": 1380.0, "saturday_schedule": "15:00\u201323:00", "sunday_open_min": 900.0, "sunday_close_min": 1380.0, "sunday_schedule": "15:00\u201323:00"}, "geometry": {"type": "Point", "coordinates": [-73.99113282082077, 40.71466862943554]}}, {"type": "Feature", "properties": {"site_id": "OS026", "Approved On Street": "HOYT STREET", "Approved From Street": "ATLANTIC AVENUE", "Approved To Street": "STATE STREET", "Borough Name": "Brooklyn", "program_type": "Full Closure", "Organization Name": "Atlantic Avenue BID", "approved_start": "2024-04-06", "approved_end": "2024-11-03", "approved_days_per_week": 3, "weekly_approved_hours": 29.0, "total_approved_hours": 892.0, "monday_open_min": null, "monday_close_min": null, "monday_schedule": null, "tuesday_open_min": null, "tuesday_close_min": null, "tuesday_schedule": null, "wednesday_open_min": null, "wednesday_close_min": null, "wednesday_schedule": null, "thursday_open_min": null, "thursday_close_min": null, "thursday_schedule": null, "friday_open_min": 960.0, "friday_close_min": 1380.0, "friday_schedule": "16:00\u201323:00", "saturday_open_min": 720.0, "saturday_close_min": 1380.0, "saturday_schedule": "12:00\u201323:00", "sunday_open_min": 720.0, "sunday_close_min": 1380.0, "sunday_schedule": "12:00\u201323:00"}, "geometry": {"type": "Point", "coordinates": [-73.98656822204654, 40.688408252381215]}}, {"type": "Feature", "properties": {"site_id": "OS027", "Approved On Street": "WILLOUGHBY STREET", "Approved From Street": "PEARL STREET", "Approved To Street": "JAY STREET", "Borough Name": "Brooklyn", "program_type": "Full Closure", "Organization Name": "Downtown Brooklyn Partnership", "approved_start": "2024-01-02", "approved_end": "2024-12-31", "approved_days_per_week": 5, "weekly_approved_hours": 50.0, "total_approved_hours": 2610.0, "monday_open_min": 420.0, "monday_close_min": 1020.0, "monday_schedule": "07:00\u201317:00", "tuesday_open_min": 420.0, "tuesday_close_min": 1020.0, "tuesday_schedule": "07:00\u201317:00", "wednesday_open_min": 420.0, "wednesday_close_min": 1020.0, "wednesday_schedule": "07:00\u201317:00", "thursday_open_min": 420.0, "thursday_close_min": 1020.0, "thursday_schedule": "07:00\u201317:00", "friday_open_min": 420.0, "friday_close_min": 1020.0, "friday_schedule": "07:00\u201317:00", "saturday_open_min": null, "saturday_close_min": null, "saturday_schedule": null, "sunday_open_min": null, "sunday_close_min": null, "sunday_schedule": null}, "geometry": {"type": "Point", "coordinates": [-73.98729894907973, 40.69223407563189]}}, {"type": "Feature", "properties": {"site_id": "OS028", "Approved On Street": "PEARL STREET", "Approved From Street": "FULTON STREET", "Approved To Street": "DEAD END", "Borough Name": "Brooklyn", "program_type": "Full Closure", "Organization Name": "Downtown Brooklyn Partnership", "approved_start": "2024-01-02", "approved_end": "2024-12-31", "approved_days_per_week": 5, "weekly_approved_hours": 50.0, "total_approved_hours": 2610.0, "monday_open_min": 420.0, "monday_close_min": 1020.0, "monday_schedule": "07:00\u201317:00", "tuesday_open_min": 420.0, "tuesday_close_min": 1020.0, "tuesday_schedule": "07:00\u201317:00", "wednesday_open_min": 420.0, "wednesday_close_min": 1020.0, "wednesday_schedule": "07:00\u201317:00", "thursday_open_min": 420.0, "thursday_close_min": 1020.0, "thursday_schedule": "07:00\u201317:00", "friday_open_min": 420.0, "friday_close_min": 1020.0, "friday_schedule": "07:00\u201317:00", "saturday_open_min": null, "saturday_close_min": null, "saturday_schedule": null, "sunday_open_min": null, "sunday_close_min": null, "sunday_schedule": null}, "geometry": {"type": "Point", "coordinates": [-73.98818594311793, 40.692277016513096]}}, {"type": "Feature", "properties": {"site_id": "OS029", "Approved On Street": "WASHINGTON STREET", "Approved From Street": "FRONT STREET", "Approved To Street": "WATER STREET", "Borough Name": "Brooklyn", "program_type": "Full Closure", "Organization Name": "Dumbo Business Improvement District", "approved_start": "2024-04-01", "approved_end": "2024-12-31", "approved_days_per_week": 7, "weekly_approved_hours": 71.0, "total_approved_hours": 2789.0, "monday_open_min": 660.0, "monday_close_min": 1260.0, "monday_schedule": "11:00\u201321:00", "tuesday_open_min": 660.0, "tuesday_close_min": 1260.0, "tuesday_schedule": "11:00\u201321:00", "wednesday_open_min": 660.0, "wednesday_close_min": 1260.0, "wednesday_schedule": "11:00\u201321:00", "thursday_open_min": 660.0, "thursday_close_min": 1260.0, "thursday_schedule": "11:00\u201321:00", "friday_open_min": 660.0, "friday_close_min": 1260.0, "friday_schedule": "11:00\u201321:00", "saturday_open_min": 660.0, "saturday_close_min": 1260.0, "saturday_schedule": "11:00\u201321:00", "sunday_open_min": 600.0, "sunday_close_min": 1260.0, "sunday_schedule": "10:00\u201321:00"}, "geometry": {"type": "Point", "coordinates": [-73.98962349406878, 40.702523229209156]}}, {"type": "Feature", "properties": {"site_id": "OS030", "Approved On Street": "JEFFERSON STREET", "Approved From Street": "EAST BROADWAY", "Approved To Street": "HENRY STREET", "Borough Name": "Manhattan", "program_type": "Full Closure", "Organization Name": "Office Ho Jonot", "approved_start": "2024-03-01", "approved_end": "2024-11-30", "approved_days_per_week": 4, "weekly_approved_hours": 36.0, "total_approved_hours": 1423.0, "monday_open_min": null, "monday_close_min": null, "monday_schedule": null, "tuesday_open_min": null, "tuesday_close_min": null, "tuesday_schedule": null, "wednesday_open_min": null, "wednesday_close_min": null, "wednesday_schedule": null, "thursday_open_min": 900.0, "thursday_close_min": 1260.0, "thursday_schedule": "15:00\u201321:00", "friday_open_min": 900.0, "friday_close_min": 1320.0, "friday_schedule": "15:00\u201322:00", "saturday_open_min": 600.0, "saturday_close_min": 1320.0, "saturday_schedule": "10:00\u201322:00", "sunday_open_min": 600.0, "sunday_close_min": 1260.0, "sunday_schedule": "10:00\u201321:00"}, "geometry": {"type": "Point", "coordinates": [-73.98859973854482, 40.71351091735807]}}, {"type": "Feature", "properties": {"site_id": "OS031", "Approved On Street": "HANOVER PLACE", "Approved From Street": "FULTON STREET", "Approved To Street": "LIVINGSTON STREET", "Borough Name": "Brooklyn", "program_type": "Full Closure: Schools", "Organization Name": "Brooklyn RISE Charter School", "approved_start": "2024-08-21", "approved_end": "2025-06-27", "approved_days_per_week": 5, "weekly_approved_hours": 50.0, "total_approved_hours": 2230.0, "monday_open_min": 420.0, "monday_close_min": 1020.0, "monday_schedule": "07:00\u201317:00", "tuesday_open_min": 420.0, "tuesday_close_min": 1020.0, "tuesday_schedule": "07:00\u201317:00", "wednesday_open_min": 420.0, "wednesday_close_min": 1020.0, "wednesday_schedule": "07:00\u201317:00", "thursday_open_min": 420.0, "thursday_close_min": 1020.0, "thursday_schedule": "07:00\u201317:00", "friday_open_min": 420.0, "friday_close_min": 1020.0, "friday_schedule": "07:00\u201317:00", "saturday_open_min": null, "saturday_close_min": null, "saturday_schedule": null, "sunday_open_min": null, "sunday_close_min": null, "sunday_schedule": null}, "geometry": {"type": "Point", "coordinates": [-73.98241623300369, 40.688896284413886]}}, {"type": "Feature", "properties": {"site_id": "OS032", "Approved On Street": "EAST 23 STREET", "Approved From Street": "CAMPUS ROAD", "Approved To Street": "GLENWOOD ROAD", "Borough Name": "Brooklyn", "program_type": "Full Closure: Schools", "Organization Name": "PS 152", "approved_start": "2024-04-19", "approved_end": "2025-06-27", "approved_days_per_week": 5, "weekly_approved_hours": 40.0, "total_approved_hours": 2488.0, "monday_open_min": 540.0, "monday_close_min": 1020.0, "monday_schedule": "09:00\u201317:00", "tuesday_open_min": 540.0, "tuesday_close_min": 1020.0, "tuesday_schedule": "09:00\u201317:00", "wednesday_open_min": 540.0, "wednesday_close_min": 1020.0, "wednesday_schedule": "09:00\u201317:00", "thursday_open_min": 540.0, "thursday_close_min": 1020.0, "thursday_schedule": "09:00\u201317:00", "friday_open_min": 540.0, "friday_close_min": 1020.0, "friday_schedule": "09:00\u201317:00", "saturday_open_min": null, "saturday_close_min": null, "saturday_schedule": null, "sunday_open_min": null, "sunday_close_min": null, "sunday_schedule": null}, "geometry": {"type": "Point", "coordinates": [-73.95461862174656, 40.63194351019931]}}, {"type": "Feature", "properties": {"site_id": "OS033", "Approved On Street": "NEWKIRK AVENUE", "Approved From Street": "EAST 17 STREET", "Approved To Street": "CONEY ISLAND AVENUE", "Borough Name": "Brooklyn", "program_type": "Full Closure", "Organization Name": "Flatbush Development Corporation", "approved_start": "2024-05-19", "approved_end": "2024-07-15", "approved_days_per_week": 1, "weekly_approved_hours": 9.0, "total_approved_hours": 81.0, "monday_open_min": null, "monday_close_min": null, "monday_schedule": null, "tuesday_open_min": null, "tuesday_close_min": null, "tuesday_schedule": null, "wednesday_open_min": null, "wednesday_close_min": null, "wednesday_schedule": null, "thursday_open_min": null, "thursday_close_min": null, "thursday_schedule": null, "friday_open_min": null, "friday_close_min": null, "friday_schedule": null, "saturday_open_min": null, "saturday_close_min": null, "saturday_schedule": null, "sunday_open_min": 660.0, "sunday_close_min": 1200.0, "sunday_schedule": "11:00\u201320:00"}, "geometry": {"type": "Point", "coordinates": [-73.96421566840479, 40.63510003775251]}}, {"type": "Feature", "properties": {"site_id": "OS034", "Approved On Street": "MARTENSE STREET", "Approved From Street": "BEDFORD AVENUE", "Approved To Street": "FLATBUSH AVENUE", "Borough Name": "Brooklyn", "program_type": "Full Closure", "Organization Name": "GrowHouse Community Design + Development Group", "approved_start": "2024-07-20", "approved_end": "2024-08-10", "approved_days_per_week": 1, "weekly_approved_hours": 10.0, "total_approved_hours": 40.0, "monday_open_min": null, "monday_close_min": null, "monday_schedule": null, "tuesday_open_min": null, "tuesday_close_min": null, "tuesday_schedule": null, "wednesday_open_min": null, "wednesday_close_min": null, "wednesday_schedule": null, "thursday_open_min": null, "thursday_close_min": null, "thursday_schedule": null, "friday_open_min": null, "friday_close_min": null, "friday_schedule": null, "saturday_open_min": 720.0, "saturday_close_min": 1320.0, "saturday_schedule": "12:00\u201322:00", "sunday_open_min": null, "sunday_close_min": null, "sunday_schedule": null}, "geometry": {"type": "Point", "coordinates": [-73.95801341208222, 40.651261019218126]}}, {"type": "Feature", "properties": {"site_id": "OS035", "Approved On Street": "7 STREET", "Approved From Street": "8 AVENUE", "Approved To Street": "PROSPECT PARK WEST", "Borough Name": "Brooklyn", "program_type": "Full Closure: Schools", "Organization Name": "Saint Saviour Catholic Academy", "approved_start": "2024-09-05", "approved_end": "2025-06-27", "approved_days_per_week": 5, "weekly_approved_hours": 8.75, "total_approved_hours": 371.0, "monday_open_min": 705.0, "monday_close_min": 810.0, "monday_schedule": "11:45\u201313:30", "tuesday_open_min": 705.0, "tuesday_close_min": 810.0, "tuesday_schedule": "11:45\u201313:30", "wednesday_open_min": 705.0, "wednesday_close_min": 810.0, "wednesday_schedule": "11:45\u201313:30", "thursday_open_min": 705.0, "thursday_close_min": 810.0, "thursday_schedule": "11:45\u201313:30", "friday_open_min": 705.0, "friday_close_min": 810.0, "friday_schedule": "11:45\u201313:30", "saturday_open_min": null, "saturday_close_min": null, "saturday_schedule": null, "sunday_open_min": null, "sunday_close_min": null, "sunday_schedule": null}, "geometry": {"type": "Point", "coordinates": [-73.97583132335943, 40.66581507921897]}}, {"type": "Feature", "properties": {"site_id": "OS036", "Approved On Street": "POLHEMUS PLACE", "Approved From Street": "CARROLL STREET", "Approved To Street": "GARFIELD PLACE", "Borough Name": "Brooklyn", "program_type": "Limited Local Access", "Organization Name": "Polhemus Place Block Association", "approved_start": "2024-03-09", "approved_end": "2024-11-16", "approved_days_per_week": 1, "weekly_approved_hours": 6.0, "total_approved_hours": 222.0, "monday_open_min": null, "monday_close_min": null, "monday_schedule": null, "tuesday_open_min": null, "tuesday_close_min": null, "tuesday_schedule": null, "wednesday_open_min": null, "wednesday_close_min": null, "wednesday_schedule": null, "thursday_open_min": null, "thursday_close_min": null, "thursday_schedule": null, "friday_open_min": null, "friday_close_min": null, "friday_schedule": null, "saturday_open_min": 630.0, "saturday_close_min": 990.0, "saturday_schedule": "10:30\u201316:30", "sunday_open_min": null, "sunday_close_min": null, "sunday_schedule": null}, "geometry": {"type": "Point", "coordinates": [-73.97547709141712, 40.67286903059282]}}, {"type": "Feature", "properties": {"site_id": "OS037", "Approved On Street": "VANDERBILT AVENUE", "Approved From Street": "ATLANTIC AVENUE", "Approved To Street": "PARK PLACE", "Borough Name": "Brooklyn", "program_type": "Full Closure", "Organization Name": "Prospect Heights Neighborhood Development Council", "approved_start": "2024-05-03", "approved_end": "2024-09-29", "approved_days_per_week": 3, "weekly_approved_hours": 26.0, "total_approved_hours": 572.0, "monday_open_min": null, "monday_close_min": null, "monday_schedule": null, "tuesday_open_min": null, "tuesday_close_min": null, "tuesday_schedule": null, "wednesday_open_min": null, "wednesday_close_min": null, "wednesday_schedule": null, "thursday_open_min": null, "thursday_close_min": null, "thursday_schedule": null, "friday_open_min": 960.0, "friday_close_min": 1380.0, "friday_schedule": "16:00\u201323:00", "saturday_open_min": 660.0, "saturday_close_min": 1380.0, "saturday_schedule": "11:00\u201323:00", "sunday_open_min": 660.0, "sunday_close_min": 1080.0, "sunday_schedule": "11:00\u201318:00"}, "geometry": {"type": "Point", "coordinates": [-73.96822664425599, 40.679419097275776]}}, {"type": "Feature", "properties": {"site_id": "OS038", "Approved On Street": "PROSPECT PLACE", "Approved From Street": "CLASSON AVENUE", "Approved To Street": "GRAND AVENUE", "Borough Name": "Brooklyn", "program_type": "Full Closure", "Organization Name": "Prospect Place Block Association 2.0", "approved_start": "2024-07-06", "approved_end": "2024-07-27", "approved_days_per_week": 1, "weekly_approved_hours": 12.0, "total_approved_hours": 48.0, "monday_open_min": null, "monday_close_min": null, "monday_schedule": null, "tuesday_open_min": null, "tuesday_close_min": null, "tuesday_schedule": null, "wednesday_open_min": null, "wednesday_close_min": null, "wednesday_schedule": null, "thursday_open_min": null, "thursday_close_min": null, "thursday_schedule": null, "friday_open_min": null, "friday_close_min": null, "friday_schedule": null, "saturday_open_min": 480.0, "saturday_close_min": 1200.0, "saturday_schedule": "08:00\u201320:00", "sunday_open_min": null, "sunday_close_min": null, "sunday_schedule": null}, "geometry": {"type": "Point", "coordinates": [-73.96286444234691, 40.67640534122806]}}, {"type": "Feature", "properties": {"site_id": "OS039", "Approved On Street": "MARCY AVENUE", "Approved From Street": "FULTON STREET", "Approved To Street": "MAC DONOUGH STREET", "Borough Name": "Brooklyn", "program_type": "Full Closure", "Organization Name": "Bedford Stuyvesant Gateway District Management Association, Inc.", "approved_start": "2024-11-30", "approved_end": "2024-12-22", "approved_days_per_week": 3, "weekly_approved_hours": 27.0, "total_approved_hours": 90.0, "monday_open_min": null, "monday_close_min": null, "monday_schedule": null, "tuesday_open_min": null, "tuesday_close_min": null, "tuesday_schedule": null, "wednesday_open_min": null, "wednesday_close_min": null, "wednesday_schedule": null, "thursday_open_min": 600.0, "thursday_close_min": 1140.0, "thursday_schedule": "10:00\u201319:00", "friday_open_min": 600.0, "friday_close_min": 1140.0, "friday_schedule": "10:00\u201319:00", "saturday_open_min": 600.0, "saturday_close_min": 1140.0, "saturday_schedule": "10:00\u201319:00", "sunday_open_min": null, "sunday_close_min": null, "sunday_schedule": null}, "geometry": {"type": "Point", "coordinates": [-73.94627470957366, 40.68021332593404]}}, {"type": "Feature", "properties": {"site_id": "OS040", "Approved On Street": "TOMPKINS AVENUE", "Approved From Street": "GATES AVENUE", "Approved To Street": "HALSEY STREET", "Borough Name": "Brooklyn", "program_type": "Full Closure", "Organization Name": "Bridge Street Development Corporation", "approved_start": "2024-06-02", "approved_end": "2024-10-27", "approved_days_per_week": 1, "weekly_approved_hours": 9.0, "total_approved_hours": 198.0, "monday_open_min": null, "monday_close_min": null, "monday_schedule": null, "tuesday_open_min": null, "tuesday_close_min": null, "tuesday_schedule": null, "wednesday_open_min": null, "wednesday_close_min": null, "wednesday_schedule": null, "thursday_open_min": null, "thursday_close_min": null, "thursday_schedule": null, "friday_open_min": null, "friday_close_min": null, "friday_schedule": null, "saturday_open_min": null, "saturday_close_min": null, "saturday_schedule": null, "sunday_open_min": 660.0, "sunday_close_min": 1200.0, "sunday_schedule": "11:00\u201320:00"}, "geometry": {"type": "Point", "coordinates": [-73.94418325035566, 40.684705554304955]}}, {"type": "Feature", "properties": {"site_id": "OS041", "Approved On Street": "WILLOUGHBY AVENUE", "Approved From Street": "WASHINGTON PARK", "Approved To Street": "WASHINGTON AVENUE", "Borough Name": "Brooklyn", "program_type": "Limited Local Access", "Organization Name": "NYC Department of Transportation", "approved_start": "2024-01-10", "approved_end": "2024-12-31", "approved_days_per_week": 7, "weekly_approved_hours": 84.0, "total_approved_hours": 4284.0, "monday_open_min": 480.0, "monday_close_min": 1200.0, "monday_schedule": "08:00\u201320:00", "tuesday_open_min": 480.0, "tuesday_close_min": 1200.0, "tuesday_schedule": "08:00\u201320:00", "wednesday_open_min": 480.0, "wednesday_close_min": 1200.0, "wednesday_schedule": "08:00\u201320:00", "thursday_open_min": 480.0, "thursday_close_min": 1200.0, "thursday_schedule": "08:00\u201320:00", "friday_open_min": 480.0, "friday_close_min": 1200.0, "friday_schedule": "08:00\u201320:00", "saturday_open_min": 480.0, "saturday_close_min": 1200.0, "saturday_schedule": "08:00\u201320:00", "sunday_open_min": 480.0, "sunday_close_min": 1200.0, "sunday_schedule": "08:00\u201320:00"}, "geometry": {"type": "Point", "coordinates": [-73.97054932687219, 40.6916018647403]}}, {"type": "Feature", "properties": {"site_id": "OS042", "Approved On Street": "HALL STREET", "Approved From Street": "PARK AVENUE", "Approved To Street": "MYRTLE AVENUE", "Borough Name": "Brooklyn", "program_type": "Limited Local Access", "Organization Name": "Hall Street Block Association", "approved_start": "2024-03-01", "approved_end": "2025-02-28", "approved_days_per_week": 7, "weekly_approved_hours": 77.0, "total_approved_hours": 4015.0, "monday_open_min": 480.0, "monday_close_min": 1140.0, "monday_schedule": "08:00\u201319:00", "tuesday_open_min": 480.0, "tuesday_close_min": 1140.0, "tuesday_schedule": "08:00\u201319:00", "wednesday_open_min": 480.0, "wednesday_close_min": 1140.0, "wednesday_schedule": "08:00\u201319:00", "thursday_open_min": 480.0, "thursday_close_min": 1140.0, "thursday_schedule": "08:00\u201319:00", "friday_open_min": 480.0, "friday_close_min": 1140.0, "friday_schedule": "08:00\u201319:00", "saturday_open_min": 480.0, "saturday_close_min": 1140.0, "saturday_schedule": "08:00\u201319:00", "sunday_open_min": 480.0, "sunday_close_min": 1140.0, "sunday_schedule": "08:00\u201319:00"}, "geometry": {"type": "Point", "coordinates": [-73.9659053815794, 40.693433072560886]}}, {"type": "Feature", "properties": {"site_id": "OS043", "Approved On Street": "BERRY STREET", "Approved From Street": "BROADWAY", "Approved To Street": "NORTH 12 STREET", "Borough Name": "Brooklyn", "program_type": "Limited Local Access", "Organization Name": "North Brooklyn Open Streets Community Coalition (NBK OSCC)", "approved_start": "2024-02-01", "approved_end": "2024-12-31", "approved_days_per_week": 7, "weekly_approved_hours": 84.0, "total_approved_hours": 4020.0, "monday_open_min": 480.0, "monday_close_min": 1200.0, "monday_schedule": "08:00\u201320:00", "tuesday_open_min": 480.0, "tuesday_close_min": 1200.0, "tuesday_schedule": "08:00\u201320:00", "wednesday_open_min": 480.0, "wednesday_close_min": 1200.0, "wednesday_schedule": "08:00\u201320:00", "thursday_open_min": 480.0, "thursday_close_min": 1200.0, "thursday_schedule": "08:00\u201320:00", "friday_open_min": 480.0, "friday_close_min": 1200.0, "friday_schedule": "08:00\u201320:00", "saturday_open_min": 480.0, "saturday_close_min": 1200.0, "saturday_schedule": "08:00\u201320:00", "sunday_open_min": 480.0, "sunday_close_min": 1200.0, "sunday_schedule": "08:00\u201320:00"}, "geometry": {"type": "Point", "coordinates": [-73.96142298817139, 40.716383914031475]}}, {"type": "Feature", "properties": {"site_id": "OS044", "Approved On Street": "GRAHAM AVENUE", "Approved From Street": "SCHOLES STREET", "Approved To Street": "MESEROLE STREET", "Borough Name": "Brooklyn", "program_type": "Full Closure", "Organization Name": "Pizzette", "approved_start": "2024-05-01", "approved_end": "2024-11-16", "approved_days_per_week": 2, "weekly_approved_hours": 26.0, "total_approved_hours": 741.0, "monday_open_min": null, "monday_close_min": null, "monday_schedule": null, "tuesday_open_min": null, "tuesday_close_min": null, "tuesday_schedule": null, "wednesday_open_min": null, "wednesday_close_min": null, "wednesday_schedule": null, "thursday_open_min": null, "thursday_close_min": null, "thursday_schedule": null, "friday_open_min": null, "friday_close_min": null, "friday_schedule": null, "saturday_open_min": 660.0, "saturday_close_min": 1440.0, "saturday_schedule": "11:00\u201300:00", "sunday_open_min": 660.0, "sunday_close_min": 1440.0, "sunday_schedule": "11:00\u201300:00"}, "geometry": {"type": "Point", "coordinates": [-73.943322944243, 40.70807019517536]}}, {"type": "Feature", "properties": {"site_id": "OS045", "Approved On Street": "BEDFORD STREET", "Approved From Street": "CHRISTOPHER STREET", "Approved To Street": "GROVE STREET", "Borough Name": "Manhattan", "program_type": "Full Closure: Schools", "Organization Name": "PS3 Charrette School", "approved_start": "2024-09-05", "approved_end": "2025-06-27", "approved_days_per_week": 5, "weekly_approved_hours": 37.5, "total_approved_hours": 1590.0, "monday_open_min": 480.0, "monday_close_min": 930.0, "monday_schedule": "08:00\u201315:30", "tuesday_open_min": 480.0, "tuesday_close_min": 930.0, "tuesday_schedule": "08:00\u201315:30", "wednesday_open_min": 480.0, "wednesday_close_min": 930.0, "wednesday_schedule": "08:00\u201315:30", "thursday_open_min": 480.0, "thursday_close_min": 930.0, "thursday_schedule": "08:00\u201315:30", "friday_open_min": 480.0, "friday_close_min": 930.0, "friday_schedule": "08:00\u201315:30", "saturday_open_min": null, "saturday_close_min": null, "saturday_schedule": null, "sunday_open_min": null, "sunday_close_min": null, "sunday_schedule": null}, "geometry": {"type": "Point", "coordinates": [-74.00546283761398, 40.732448063517985]}}, {"type": "Feature", "properties": {"site_id": "OS046", "Approved On Street": "GANSEVOORT STREET", "Approved From Street": "HUDSON STREET", "Approved To Street": "10 AVENUE", "Borough Name": "Manhattan", "program_type": "Full Closure", "Organization Name": "Meatpacking District Management Association", "approved_start": "2024-04-01", "approved_end": "2024-12-31", "approved_days_per_week": 5, "weekly_approved_hours": 44.0, "total_approved_hours": 1716.0, "monday_open_min": null, "monday_close_min": null, "monday_schedule": null, "tuesday_open_min": null, "tuesday_close_min": null, "tuesday_schedule": null, "wednesday_open_min": 840.0, "wednesday_close_min": 1320.0, "wednesday_schedule": "14:00\u201322:00", "thursday_open_min": 840.0, "thursday_close_min": 1320.0, "thursday_schedule": "14:00\u201322:00", "friday_open_min": 840.0, "friday_close_min": 1320.0, "friday_schedule": "14:00\u201322:00", "saturday_open_min": 720.0, "saturday_close_min": 1320.0, "saturday_schedule": "12:00\u201322:00", "sunday_open_min": 720.0, "sunday_close_min": 1320.0, "sunday_schedule": "12:00\u201322:00"}, "geometry": {"type": "Point", "coordinates": [-74.00805064100945, 40.73937540083737]}}, {"type": "Feature", "properties": {"site_id": "OS047", "Approved On Street": "LITTLE WEST 12 STREET", "Approved From Street": "9 AVENUE", "Approved To Street": "WASHINGTON STREET", "Borough Name": "Manhattan", "program_type": "Full Closure", "Organization Name": "Meatpacking District Management Association", "approved_start": "2024-04-01", "approved_end": "2024-12-31", "approved_days_per_week": 5, "weekly_approved_hours": 44.0, "total_approved_hours": 1716.0, "monday_open_min": null, "monday_close_min": null, "monday_schedule": null, "tuesday_open_min": null, "tuesday_close_min": null, "tuesday_schedule": null, "wednesday_open_min": 840.0, "wednesday_close_min": 1320.0, "wednesday_schedule": "14:00\u201322:00", "thursday_open_min": 840.0, "thursday_close_min": 1320.0, "thursday_schedule": "14:00\u201322:00", "friday_open_min": 840.0, "friday_close_min": 1320.0, "friday_schedule": "14:00\u201322:00", "saturday_open_min": 720.0, "saturday_close_min": 1320.0, "saturday_schedule": "12:00\u201322:00", "sunday_open_min": 720.0, "sunday_close_min": 1320.0, "sunday_schedule": "12:00\u201322:00"}, "geometry": {"type": "Point", "coordinates": [-74.00633307542539, 40.739631099085614]}}, {"type": "Feature", "properties": {"site_id": "OS048", "Approved On Street": "WEST 13 STREET", "Approved From Street": "9 AVENUE", "Approved To Street": "WASHINGTON STREET", "Borough Name": "Manhattan", "program_type": "Full Closure", "Organization Name": "Meatpacking District Management Association", "approved_start": "2024-04-01", "approved_end": "2024-12-31", "approved_days_per_week": 5, "weekly_approved_hours": 44.0, "total_approved_hours": 1716.0, "monday_open_min": null, "monday_close_min": null, "monday_schedule": null, "tuesday_open_min": null, "tuesday_close_min": null, "tuesday_schedule": null, "wednesday_open_min": 840.0, "wednesday_close_min": 1320.0, "wednesday_schedule": "14:00\u201322:00", "thursday_open_min": 840.0, "thursday_close_min": 1320.0, "thursday_schedule": "14:00\u201322:00", "friday_open_min": 840.0, "friday_close_min": 1320.0, "friday_schedule": "14:00\u201322:00", "saturday_open_min": 720.0, "saturday_close_min": 1320.0, "saturday_schedule": "12:00\u201322:00", "sunday_open_min": 720.0, "sunday_close_min": 1320.0, "sunday_schedule": "12:00\u201322:00"}, "geometry": {"type": "Point", "coordinates": [-74.00586426283292, 40.740261442969626]}}, {"type": "Feature", "properties": {"site_id": "OS049", "Approved On Street": "SPRING STREET", "Approved From Street": "THOMPSON STREET", "Approved To Street": "WEST BROADWAY", "Borough Name": "Manhattan", "program_type": "Full Closure", "Organization Name": "RDK Restaurant Corp dba Bistro Les Amis", "approved_start": "2024-03-01", "approved_end": "2024-12-31", "approved_days_per_week": 7, "weekly_approved_hours": 87.0, "total_approved_hours": 3803.0, "monday_open_min": 600.0, "monday_close_min": 1320.0, "monday_schedule": "10:00\u201322:00", "tuesday_open_min": 600.0, "tuesday_close_min": 1320.0, "tuesday_schedule": "10:00\u201322:00", "wednesday_open_min": 600.0, "wednesday_close_min": 1320.0, "wednesday_schedule": "10:00\u201322:00", "thursday_open_min": 600.0, "thursday_close_min": 1380.0, "thursday_schedule": "10:00\u201323:00", "friday_open_min": 600.0, "friday_close_min": 1380.0, "friday_schedule": "10:00\u201323:00", "saturday_open_min": 600.0, "saturday_close_min": 1380.0, "saturday_schedule": "10:00\u201323:00", "sunday_open_min": 600.0, "sunday_close_min": 1320.0, "sunday_schedule": "10:00\u201322:00"}, "geometry": {"type": "Point", "coordinates": [-74.0019335322445, 40.724551787330164]}}, {"type": "Feature", "properties": {"site_id": "OS050", "Approved On Street": "GROVE STREET", "Approved From Street": "BLEECKER STREET", "Approved To Street": "7 AVENUE SOUTH", "Borough Name": "Manhattan", "program_type": "Full Closure", "Organization Name": "Via Carota", "approved_start": "2024-03-15", "approved_end": "2024-12-29", "approved_days_per_week": 3, "weekly_approved_hours": 44.0, "total_approved_hours": 1848.0, "monday_open_min": null, "monday_close_min": null, "monday_schedule": null, "tuesday_open_min": null, "tuesday_close_min": null, "tuesday_schedule": null, "wednesday_open_min": null, "wednesday_close_min": null, "wednesday_schedule": null, "thursday_open_min": null, "thursday_close_min": null, "thursday_schedule": null, "friday_open_min": 540.0, "friday_close_min": 1440.0, "friday_schedule": "09:00\u201300:00", "saturday_open_min": 540.0, "saturday_close_min": 1440.0, "saturday_schedule": "09:00\u201300:00", "sunday_open_min": 540.0, "sunday_close_min": 1380.0, "sunday_schedule": "09:00\u201323:00"}, "geometry": {"type": "Point", "coordinates": [-74.00397602150782, 40.73291501992655]}}, {"type": "Feature", "properties": {"site_id": "OS051", "Approved On Street": "WAVERLY PLACE", "Approved From Street": "7 AVENUE SOUTH", "Approved To Street": "CHRISTOPHER STREET", "Borough Name": "Manhattan", "program_type": "Full Closure", "Organization Name": "Jeffrey's Grocery", "approved_start": "2024-03-14", "approved_end": "2024-10-28", "approved_days_per_week": 4, "weekly_approved_hours": 52.0, "total_approved_hours": 1716.0, "monday_open_min": null, "monday_close_min": null, "monday_schedule": null, "tuesday_open_min": null, "tuesday_close_min": null, "tuesday_schedule": null, "wednesday_open_min": null, "wednesday_close_min": null, "wednesday_schedule": null, "thursday_open_min": 660.0, "thursday_close_min": 1380.0, "thursday_schedule": "11:00\u201323:00", "friday_open_min": 660.0, "friday_close_min": 1380.0, "friday_schedule": "11:00\u201323:00", "saturday_open_min": 540.0, "saturday_close_min": 1380.0, "saturday_schedule": "09:00\u201323:00", "sunday_open_min": 540.0, "sunday_close_min": 1380.0, "sunday_schedule": "09:00\u201323:00"}, "geometry": {"type": "Point", "coordinates": [-74.00138878549443, 40.73448281966093]}}, {"type": "Feature", "properties": {"site_id": "OS052", "Approved On Street": "JANE STREET", "Approved From Street": "HUDSON STREET", "Approved To Street": "8 AVENUE", "Borough Name": "Manhattan", "program_type": "Full Closure", "Organization Name": "JST Restaurant Corp", "approved_start": "2024-06-01", "approved_end": "2024-11-03", "approved_days_per_week": 4, "weekly_approved_hours": 35.0, "total_approved_hours": 793.0, "monday_open_min": null, "monday_close_min": null, "monday_schedule": null, "tuesday_open_min": null, "tuesday_close_min": null, "tuesday_schedule": null, "wednesday_open_min": null, "wednesday_close_min": null, "wednesday_schedule": null, "thursday_open_min": 1020.0, "thursday_close_min": 1380.0, "thursday_schedule": "17:00\u201323:00", "friday_open_min": 1020.0, "friday_close_min": 1380.0, "friday_schedule": "17:00\u201323:00", "saturday_open_min": 660.0, "saturday_close_min": 1380.0, "saturday_schedule": "11:00\u201323:00", "sunday_open_min": 660.0, "sunday_close_min": 1320.0, "sunday_schedule": "11:00\u201322:00"}, "geometry": {"type": "Point", "coordinates": [-74.00417529818985, 40.738134347133574]}}, {"type": "Feature", "properties": {"site_id": "OS053", "Approved On Street": "MULBERRY STREET", "Approved From Street": "BROOME STREET", "Approved To Street": "CANAL STREET", "Borough Name": "Manhattan", "program_type": "Full Closure", "Organization Name": "Little Italy Merchants Association", "approved_start": "2024-03-15", "approved_end": "2024-12-31", "approved_days_per_week": 4, "weekly_approved_hours": 40.0, "total_approved_hours": 1673.0, "monday_open_min": null, "monday_close_min": null, "monday_schedule": null, "tuesday_open_min": null, "tuesday_close_min": null, "tuesday_schedule": null, "wednesday_open_min": null, "wednesday_close_min": null, "wednesday_schedule": null, "thursday_open_min": 990.0, "thursday_close_min": 1410.0, "thursday_schedule": "16:30\u201323:30", "friday_open_min": 990.0, "friday_close_min": 1410.0, "friday_schedule": "16:30\u201323:30", "saturday_open_min": 630.0, "saturday_close_min": 1410.0, "saturday_schedule": "10:30\u201323:30", "sunday_open_min": 630.0, "sunday_close_min": 1410.0, "sunday_schedule": "10:30\u201323:30"}, "geometry": {"type": "Point", "coordinates": [-73.99759193865151, 40.71873350622145]}}, {"type": "Feature", "properties": {"site_id": "OS054", "Approved On Street": "WASHINGTON PLACE", "Approved From Street": "AVENUE OF THE AMERICAS", "Approved To Street": "BARROW STREET", "Borough Name": "Manhattan", "program_type": "Full Closure: Schools", "Organization Name": "Academy of St. Joseph", "approved_start": "2024-07-01", "approved_end": "2025-06-27", "approved_days_per_week": 5, "weekly_approved_hours": 10.0, "total_approved_hours": 520.0, "monday_open_min": 670.0, "monday_close_min": 790.0, "monday_schedule": "11:10\u201313:10", "tuesday_open_min": 670.0, "tuesday_close_min": 790.0, "tuesday_schedule": "11:10\u201313:10", "wednesday_open_min": 670.0, "wednesday_close_min": 790.0, "wednesday_schedule": "11:10\u201313:10", "thursday_open_min": 670.0, "thursday_close_min": 790.0, "thursday_schedule": "11:10\u201313:10", "friday_open_min": 670.0, "friday_close_min": 790.0, "friday_schedule": "11:10\u201313:10", "saturday_open_min": null, "saturday_close_min": null, "saturday_schedule": null, "sunday_open_min": null, "sunday_close_min": null, "sunday_schedule": null}, "geometry": {"type": "Point", "coordinates": [-74.00051066363521, 40.732315222921756]}}, {"type": "Feature", "properties": {"site_id": "OS055", "Approved On Street": "HESTER STREET", "Approved From Street": "MULBERRY STREET", "Approved To Street": "MOTT STREET", "Borough Name": "Manhattan", "program_type": "Full Closure", "Organization Name": "Little Italy Merchant Association", "approved_start": "2024-03-15", "approved_end": "2024-12-31", "approved_days_per_week": 4, "weekly_approved_hours": 40.0, "total_approved_hours": 1673.0, "monday_open_min": null, "monday_close_min": null, "monday_schedule": null, "tuesday_open_min": null, "tuesday_close_min": null, "tuesday_schedule": null, "wednesday_open_min": null, "wednesday_close_min": null, "wednesday_schedule": null, "thursday_open_min": 990.0, "thursday_close_min": 1410.0, "thursday_schedule": "16:30\u201323:30", "friday_open_min": 990.0, "friday_close_min": 1410.0, "friday_schedule": "16:30\u201323:30", "saturday_open_min": 630.0, "saturday_close_min": 1410.0, "saturday_schedule": "10:30\u201323:30", "sunday_open_min": 630.0, "sunday_close_min": 1410.0, "sunday_schedule": "10:30\u201323:30"}, "geometry": {"type": "Point", "coordinates": [-73.99710823583376, 40.71786961700545]}}, {"type": "Feature", "properties": {"site_id": "OS056", "Approved On Street": "ELIZABETH STREET", "Approved From Street": "PRINCE STREET", "Approved To Street": "SPRING STREET", "Borough Name": "Manhattan", "program_type": "Full Closure", "Organization Name": "Peasant", "approved_start": "2024-04-04", "approved_end": "2024-11-01", "approved_days_per_week": 7, "weekly_approved_hours": 56.5, "total_approved_hours": 1708.0, "monday_open_min": 990.0, "monday_close_min": 1380.0, "monday_schedule": "16:30\u201323:00", "tuesday_open_min": 990.0, "tuesday_close_min": 1380.0, "tuesday_schedule": "16:30\u201323:00", "wednesday_open_min": 990.0, "wednesday_close_min": 1380.0, "wednesday_schedule": "16:30\u201323:00", "thursday_open_min": 990.0, "thursday_close_min": 1380.0, "thursday_schedule": "16:30\u201323:00", "friday_open_min": 990.0, "friday_close_min": 1380.0, "friday_schedule": "16:30\u201323:00", "saturday_open_min": 660.0, "saturday_close_min": 1380.0, "saturday_schedule": "11:00\u201323:00", "sunday_open_min": 660.0, "sunday_close_min": 1380.0, "sunday_schedule": "11:00\u201323:00"}, "geometry": {"type": "Point", "coordinates": [-73.99415315289791, 40.722722559572766]}}, {"type": "Feature", "properties": {"site_id": "OS057", "Approved On Street": "HESTER STREET", "Approved From Street": "ORCHARD STREET", "Approved To Street": "LUDLOW STREET", "Borough Name": "Manhattan", "program_type": "Full Closure: Schools", "Organization Name": "PS 42M The Benjamin Altman School", "approved_start": "2024-09-05", "approved_end": "2025-06-27", "approved_days_per_week": 5, "weekly_approved_hours": 35.0, "total_approved_hours": 1484.0, "monday_open_min": 465.0, "monday_close_min": 885.0, "monday_schedule": "07:45\u201314:45", "tuesday_open_min": 465.0, "tuesday_close_min": 885.0, "tuesday_schedule": "07:45\u201314:45", "wednesday_open_min": 465.0, "wednesday_close_min": 885.0, "wednesday_schedule": "07:45\u201314:45", "thursday_open_min": 465.0, "thursday_close_min": 885.0, "thursday_schedule": "07:45\u201314:45", "friday_open_min": 465.0, "friday_close_min": 885.0, "friday_schedule": "07:45\u201314:45", "saturday_open_min": null, "saturday_close_min": null, "saturday_schedule": null, "sunday_open_min": null, "sunday_close_min": null, "sunday_schedule": null}, "geometry": {"type": "Point", "coordinates": [-73.9913094202137, 40.71602304639149]}}, {"type": "Feature", "properties": {"site_id": "OS058", "Approved On Street": "ORCHARD STREET", "Approved From Street": "GRAND STREET", "Approved To Street": "DELANCEY STREET", "Borough Name": "Manhattan", "program_type": "Full Closure", "Organization Name": "Lower East Side Partnership", "approved_start": "2024-02-23", "approved_end": "2025-01-31", "approved_days_per_week": 7, "weekly_approved_hours": 66.0, "total_approved_hours": 3244.0, "monday_open_min": 720.0, "monday_close_min": 1260.0, "monday_schedule": "12:00\u201321:00", "tuesday_open_min": 720.0, "tuesday_close_min": 1260.0, "tuesday_schedule": "12:00\u201321:00", "wednesday_open_min": 720.0, "wednesday_close_min": 1260.0, "wednesday_schedule": "12:00\u201321:00", "thursday_open_min": 720.0, "thursday_close_min": 1320.0, "thursday_schedule": "12:00\u201322:00", "friday_open_min": 720.0, "friday_close_min": 1320.0, "friday_schedule": "12:00\u201322:00", "saturday_open_min": 720.0, "saturday_close_min": 1320.0, "saturday_schedule": "12:00\u201322:00", "sunday_open_min": 720.0, "sunday_close_min": 1260.0, "sunday_schedule": "12:00\u201321:00"}, "geometry": {"type": "Point", "coordinates": [-73.99023340438795, 40.718124084283346]}}, {"type": "Feature", "properties": {"site_id": "OS059", "Approved On Street": "BROOME STREET", "Approved From Street": "ALLEN STREET", "Approved To Street": "LUDLOW STREET", "Borough Name": "Manhattan", "program_type": "Full Closure", "Organization Name": "Lower East Side Partnership", "approved_start": "2024-02-23", "approved_end": "2025-01-31", "approved_days_per_week": 7, "weekly_approved_hours": 66.0, "total_approved_hours": 3244.0, "monday_open_min": 720.0, "monday_close_min": 1260.0, "monday_schedule": "12:00\u201321:00", "tuesday_open_min": 720.0, "tuesday_close_min": 1260.0, "tuesday_schedule": "12:00\u201321:00", "wednesday_open_min": 720.0, "wednesday_close_min": 1260.0, "wednesday_schedule": "12:00\u201321:00", "thursday_open_min": 720.0, "thursday_close_min": 1320.0, "thursday_schedule": "12:00\u201322:00", "friday_open_min": 720.0, "friday_close_min": 1320.0, "friday_schedule": "12:00\u201322:00", "saturday_open_min": 720.0, "saturday_close_min": 1320.0, "saturday_schedule": "12:00\u201322:00", "sunday_open_min": 720.0, "sunday_close_min": 1260.0, "sunday_schedule": "12:00\u201321:00"}, "geometry": {"type": "Point", "coordinates": [-73.99023340438795, 40.718124084283346]}}, {"type": "Feature", "properties": {"site_id": "OS060", "Approved On Street": "BLEECKER STREET", "Approved From Street": "MOTT STREET", "Approved To Street": "BOWERY", "Borough Name": "Manhattan", "program_type": "Full Closure", "Organization Name": "Von Design Limited", "approved_start": "2024-04-01", "approved_end": "2024-10-31", "approved_days_per_week": 5, "weekly_approved_hours": 42.0, "total_approved_hours": 1272.0, "monday_open_min": null, "monday_close_min": null, "monday_schedule": null, "tuesday_open_min": null, "tuesday_close_min": null, "tuesday_schedule": null, "wednesday_open_min": 1020.0, "wednesday_close_min": 1380.0, "wednesday_schedule": "17:00\u201323:00", "thursday_open_min": 1020.0, "thursday_close_min": 1380.0, "thursday_schedule": "17:00\u201323:00", "friday_open_min": 1020.0, "friday_close_min": 1380.0, "friday_schedule": "17:00\u201323:00", "saturday_open_min": 660.0, "saturday_close_min": 1380.0, "saturday_schedule": "11:00\u201323:00", "sunday_open_min": 660.0, "sunday_close_min": 1380.0, "sunday_schedule": "11:00\u201323:00"}, "geometry": {"type": "Point", "coordinates": [-73.99304198121565, 40.72545161616501]}}, {"type": "Feature", "properties": {"site_id": "OS061", "Approved On Street": "EAST 4 STREET", "Approved From Street": "2 AVENUE", "Approved To Street": "BOWERY", "Borough Name": "Manhattan", "program_type": "Full Closure", "Organization Name": "Fourth Arts Block (aka FABnyc)", "approved_start": "2024-04-18", "approved_end": "2024-10-31", "approved_days_per_week": 1, "weekly_approved_hours": 5.0, "total_approved_hours": 145.0, "monday_open_min": null, "monday_close_min": null, "monday_schedule": null, "tuesday_open_min": null, "tuesday_close_min": null, "tuesday_schedule": null, "wednesday_open_min": null, "wednesday_close_min": null, "wednesday_schedule": null, "thursday_open_min": 960.0, "thursday_close_min": 1260.0, "thursday_schedule": "16:00\u201321:00", "friday_open_min": null, "friday_close_min": null, "friday_schedule": null, "saturday_open_min": null, "saturday_close_min": null, "saturday_schedule": null, "sunday_open_min": null, "sunday_close_min": null, "sunday_schedule": null}, "geometry": {"type": "Point", "coordinates": [-73.99155207621389, 40.72709433659872]}}, {"type": "Feature", "properties": {"site_id": "OS062", "Approved On Street": "BROOME STREET", "Approved From Street": "ESSEX STREET", "Approved To Street": "NORFOLK STREET", "Borough Name": "Manhattan", "program_type": "Full Closure", "Organization Name": "Lower East Side Partnership", "approved_start": "2024-02-01", "approved_end": "2025-01-31", "approved_days_per_week": 1, "weekly_approved_hours": 12.0, "total_approved_hours": 624.0, "monday_open_min": null, "monday_close_min": null, "monday_schedule": null, "tuesday_open_min": null, "tuesday_close_min": null, "tuesday_schedule": null, "wednesday_open_min": null, "wednesday_close_min": null, "wednesday_schedule": null, "thursday_open_min": null, "thursday_close_min": null, "thursday_schedule": null, "friday_open_min": null, "friday_close_min": null, "friday_schedule": null, "saturday_open_min": null, "saturday_close_min": null, "saturday_schedule": null, "sunday_open_min": 480.0, "sunday_close_min": 1200.0, "sunday_schedule": "08:00\u201320:00"}, "geometry": {"type": "Point", "coordinates": [-73.98867046851716, 40.717649588449106]}}, {"type": "Feature", "properties": {"site_id": "OS063", "Approved On Street": "ORCHARD STREET", "Approved From Street": "DELANCEY STREET", "Approved To Street": "EAST HOUSTON STREET", "Borough Name": "Manhattan", "program_type": "Full Closure", "Organization Name": "Lower East Side Partnership", "approved_start": "2024-02-04", "approved_end": "2025-01-26", "approved_days_per_week": 1, "weekly_approved_hours": 10.0, "total_approved_hours": 520.0, "monday_open_min": null, "monday_close_min": null, "monday_schedule": null, "tuesday_open_min": null, "tuesday_close_min": null, "tuesday_schedule": null, "wednesday_open_min": null, "wednesday_close_min": null, "wednesday_schedule": null, "thursday_open_min": null, "thursday_close_min": null, "thursday_schedule": null, "friday_open_min": null, "friday_close_min": null, "friday_schedule": null, "saturday_open_min": null, "saturday_close_min": null, "saturday_schedule": null, "sunday_open_min": 480.0, "sunday_close_min": 1080.0, "sunday_schedule": "08:00\u201318:00"}, "geometry": {"type": "Point", "coordinates": [-73.98911349129648, 40.72030742208203]}}, {"type": "Feature", "properties": {"site_id": "OS064", "Approved On Street": "STANTON STREET", "Approved From Street": "ESSEX STREET", "Approved To Street": "NORFOLK STREET", "Borough Name": "Manhattan", "program_type": "Full Closure", "Organization Name": "More Gardens! Fund", "approved_start": "2024-07-01", "approved_end": "2024-10-31", "approved_days_per_week": 1, "weekly_approved_hours": 8.0, "total_approved_hours": 136.0, "monday_open_min": null, "monday_close_min": null, "monday_schedule": null, "tuesday_open_min": null, "tuesday_close_min": null, "tuesday_schedule": null, "wednesday_open_min": null, "wednesday_close_min": null, "wednesday_schedule": null, "thursday_open_min": null, "thursday_close_min": null, "thursday_schedule": null, "friday_open_min": null, "friday_close_min": null, "friday_schedule": null, "saturday_open_min": null, "saturday_close_min": null, "saturday_schedule": null, "sunday_open_min": 600.0, "sunday_close_min": 1080.0, "sunday_schedule": "10:00\u201318:00"}, "geometry": {"type": "Point", "coordinates": [-73.98694969679084, 40.72098300352804]}}, {"type": "Feature", "properties": {"site_id": "OS065", "Approved On Street": "IRVING PLACE", "Approved From Street": "EAST 16 STREET", "Approved To Street": "EAST 17 STREET", "Borough Name": "Manhattan", "program_type": "Full Closure: Schools", "Organization Name": "NYCDOE/Washington Irving Educational Campus", "approved_start": "2024-09-05", "approved_end": "2025-06-27", "approved_days_per_week": 5, "weekly_approved_hours": 47.5, "total_approved_hours": 2014.0, "monday_open_min": 420.0, "monday_close_min": 990.0, "monday_schedule": "07:00\u201316:30", "tuesday_open_min": 420.0, "tuesday_close_min": 990.0, "tuesday_schedule": "07:00\u201316:30", "wednesday_open_min": 420.0, "wednesday_close_min": 990.0, "wednesday_schedule": "07:00\u201316:30", "thursday_open_min": 420.0, "thursday_close_min": 990.0, "thursday_schedule": "07:00\u201316:30", "friday_open_min": 420.0, "friday_close_min": 990.0, "friday_schedule": "07:00\u201316:30", "saturday_open_min": null, "saturday_close_min": null, "saturday_schedule": null, "sunday_open_min": null, "sunday_close_min": null, "sunday_schedule": null}, "geometry": {"type": "Point", "coordinates": [-73.9878164509699, 40.73529228043558]}}, {"type": "Feature", "properties": {"site_id": "OS066", "Approved On Street": "ST MARKS PLACE", "Approved From Street": "1 AVENUE", "Approved To Street": "AVENUE A", "Borough Name": "Manhattan", "program_type": "Full Closure", "Organization Name": "St. Marks Business Coalition", "approved_start": "2024-04-01", "approved_end": "2024-12-01", "approved_days_per_week": 3, "weekly_approved_hours": 28.5, "total_approved_hours": 997.5, "monday_open_min": null, "monday_close_min": null, "monday_schedule": null, "tuesday_open_min": null, "tuesday_close_min": null, "tuesday_schedule": null, "wednesday_open_min": null, "wednesday_close_min": null, "wednesday_schedule": null, "thursday_open_min": null, "thursday_close_min": null, "thursday_schedule": null, "friday_open_min": 990.0, "friday_close_min": 1380.0, "friday_schedule": "16:30\u201323:00", "saturday_open_min": 690.0, "saturday_close_min": 1380.0, "saturday_schedule": "11:30\u201323:00", "sunday_open_min": 690.0, "sunday_close_min": 1320.0, "sunday_schedule": "11:30\u201322:00"}, "geometry": {"type": "Point", "coordinates": [-73.9830906414119, 40.72666581356263]}}, {"type": "Feature", "properties": {"site_id": "OS067", "Approved On Street": "RUTHERFORD PLACE", "Approved From Street": "EAST 17 STREET", "Approved To Street": "EAST 15 STREET", "Borough Name": "Manhattan", "program_type": "Full Closure: Schools", "Organization Name": "Friends Seminary", "approved_start": "2024-08-01", "approved_end": "2025-07-31", "approved_days_per_week": 5, "weekly_approved_hours": 40.0, "total_approved_hours": 2088.0, "monday_open_min": 450.0, "monday_close_min": 930.0, "monday_schedule": "07:30\u201315:30", "tuesday_open_min": 450.0, "tuesday_close_min": 930.0, "tuesday_schedule": "07:30\u201315:30", "wednesday_open_min": 450.0, "wednesday_close_min": 930.0, "wednesday_schedule": "07:30\u201315:30", "thursday_open_min": 450.0, "thursday_close_min": 930.0, "thursday_schedule": "07:30\u201315:30", "friday_open_min": 450.0, "friday_close_min": 930.0, "friday_schedule": "07:30\u201315:30", "saturday_open_min": null, "saturday_close_min": null, "saturday_schedule": null, "sunday_open_min": null, "sunday_close_min": null, "sunday_schedule": null}, "geometry": {"type": "Point", "coordinates": [-73.98477231231493, 40.73401232338179]}}, {"type": "Feature", "properties": {"site_id": "OS068", "Approved On Street": "AVENUE B", "Approved From Street": "EAST 7 STREET", "Approved To Street": "EAST 10 STREET", "Borough Name": "Manhattan", "program_type": "Limited Local Access", "Organization Name": "Loisaida Open Streets Community Coalition", "approved_start": "2024-02-01", "approved_end": "2025-01-31", "approved_days_per_week": 7, "weekly_approved_hours": 84.0, "total_approved_hours": 4392.0, "monday_open_min": 480.0, "monday_close_min": 1200.0, "monday_schedule": "08:00\u201320:00", "tuesday_open_min": 480.0, "tuesday_close_min": 1200.0, "tuesday_schedule": "08:00\u201320:00", "wednesday_open_min": 480.0, "wednesday_close_min": 1200.0, "wednesday_schedule": "08:00\u201320:00", "thursday_open_min": 480.0, "thursday_close_min": 1200.0, "thursday_schedule": "08:00\u201320:00", "friday_open_min": 480.0, "friday_close_min": 1200.0, "friday_schedule": "08:00\u201320:00", "saturday_open_min": 480.0, "saturday_close_min": 1200.0, "saturday_schedule": "08:00\u201320:00", "sunday_open_min": 480.0, "sunday_close_min": 1200.0, "sunday_schedule": "08:00\u201320:00"}, "geometry": {"type": "Point", "coordinates": [-73.98052809695857, 40.726003475199924]}}, {"type": "Feature", "properties": {"site_id": "OS069", "Approved On Street": "WEST 21 STREET", "Approved From Street": "9 AVENUE", "Approved To Street": "10 AVENUE", "Borough Name": "Manhattan", "program_type": "Limited Local Access", "Organization Name": "West 21 Street Open Street Coalition", "approved_start": "2024-02-01", "approved_end": "2025-02-01", "approved_days_per_week": 7, "weekly_approved_hours": 84.0, "total_approved_hours": 4404.0, "monday_open_min": 480.0, "monday_close_min": 1200.0, "monday_schedule": "08:00\u201320:00", "tuesday_open_min": 480.0, "tuesday_close_min": 1200.0, "tuesday_schedule": "08:00\u201320:00", "wednesday_open_min": 480.0, "wednesday_close_min": 1200.0, "wednesday_schedule": "08:00\u201320:00", "thursday_open_min": 480.0, "thursday_close_min": 1200.0, "thursday_schedule": "08:00\u201320:00", "friday_open_min": 480.0, "friday_close_min": 1200.0, "friday_schedule": "08:00\u201320:00", "saturday_open_min": 480.0, "saturday_close_min": 1200.0, "saturday_schedule": "08:00\u201320:00", "sunday_open_min": 480.0, "sunday_close_min": 1200.0, "sunday_schedule": "08:00\u201320:00"}, "geometry": {"type": "Point", "coordinates": [-74.00226475735678, 40.74520684772069]}}, {"type": "Feature", "properties": {"site_id": "OS070", "Approved On Street": "BROADWAY", "Approved From Street": "WEST 35 STREET", "Approved To Street": "WEST 36 STREET", "Borough Name": "Manhattan", "program_type": "Full Closure", "Organization Name": "34th Street Partnership", "approved_start": "2024-12-06", "approved_end": "2025-01-03", "approved_days_per_week": 7, "weekly_approved_hours": 167.88333333333333, "total_approved_hours": 695.5166666666667, "monday_open_min": 0.0, "monday_close_min": 1439.0, "monday_schedule": "00:00\u201323:59", "tuesday_open_min": 0.0, "tuesday_close_min": 1439.0, "tuesday_schedule": "00:00\u201323:59", "wednesday_open_min": 0.0, "wednesday_close_min": 1439.0, "wednesday_schedule": "00:00\u201323:59", "thursday_open_min": 0.0, "thursday_close_min": 1439.0, "thursday_schedule": "00:00\u201323:59", "friday_open_min": 0.0, "friday_close_min": 1439.0, "friday_schedule": "00:00\u201323:59", "saturday_open_min": 0.0, "saturday_close_min": 1439.0, "saturday_schedule": "00:00\u201323:59", "sunday_open_min": 0.0, "sunday_close_min": 1439.0, "sunday_schedule": "00:00\u201323:59"}, "geometry": {"type": "Point", "coordinates": [-73.98777909954923, 40.75066071401039]}}, {"type": "Feature", "properties": {"site_id": "OS071", "Approved On Street": "COLUMBUS AVENUE", "Approved From Street": "WEST 68 STREET", "Approved To Street": "WEST 77 STREET", "Borough Name": "Manhattan", "program_type": "Full Closure", "Organization Name": "Columbus Avenue Business Improvement District", "approved_start": "2024-05-05", "approved_end": "2024-06-23", "approved_days_per_week": 1, "weekly_approved_hours": 10.0, "total_approved_hours": 80.0, "monday_open_min": null, "monday_close_min": null, "monday_schedule": null, "tuesday_open_min": null, "tuesday_close_min": null, "tuesday_schedule": null, "wednesday_open_min": null, "wednesday_close_min": null, "wednesday_schedule": null, "thursday_open_min": null, "thursday_close_min": null, "thursday_schedule": null, "friday_open_min": null, "friday_close_min": null, "friday_schedule": null, "saturday_open_min": null, "saturday_close_min": null, "saturday_schedule": null, "sunday_open_min": 600.0, "sunday_close_min": 1200.0, "sunday_schedule": "10:00\u201320:00"}, "geometry": {"type": "Point", "coordinates": [-73.97829244278431, 40.778095523678026]}}, {"type": "Feature", "properties": {"site_id": "OS072", "Approved On Street": "COLUMBUS AVENUE", "Approved From Street": "WEST 68 STREET", "Approved To Street": "WEST 77 STREET", "Borough Name": "Manhattan", "program_type": "Full Closure", "Organization Name": "Columbus Avenue Business Improvement District", "approved_start": "2024-09-15", "approved_end": "2024-10-27", "approved_days_per_week": 1, "weekly_approved_hours": 10.0, "total_approved_hours": 70.0, "monday_open_min": null, "monday_close_min": null, "monday_schedule": null, "tuesday_open_min": null, "tuesday_close_min": null, "tuesday_schedule": null, "wednesday_open_min": null, "wednesday_close_min": null, "wednesday_schedule": null, "thursday_open_min": null, "thursday_close_min": null, "thursday_schedule": null, "friday_open_min": null, "friday_close_min": null, "friday_schedule": null, "saturday_open_min": null, "saturday_close_min": null, "saturday_schedule": null, "sunday_open_min": 600.0, "sunday_close_min": 1200.0, "sunday_schedule": "10:00\u201320:00"}, "geometry": {"type": "Point", "coordinates": [-73.97829244278431, 40.778095523678026]}}, {"type": "Feature", "properties": {"site_id": "OS073", "Approved On Street": "BEDFORD AVENUE", "Approved From Street": "LORIMER STREET", "Approved To Street": "MANHATTAN AVENUE", "Borough Name": "Brooklyn", "program_type": "Full Closure", "Organization Name": "North Brooklyn Open Streets Community Coalition", "approved_start": "2024-04-20", "approved_end": "2024-11-30", "approved_days_per_week": 7, "weekly_approved_hours": 91.0, "total_approved_hours": 2925.0, "monday_open_min": 420.0, "monday_close_min": 1200.0, "monday_schedule": "07:00\u201320:00", "tuesday_open_min": 420.0, "tuesday_close_min": 1200.0, "tuesday_schedule": "07:00\u201320:00", "wednesday_open_min": 420.0, "wednesday_close_min": 1200.0, "wednesday_schedule": "07:00\u201320:00", "thursday_open_min": 420.0, "thursday_close_min": 1200.0, "thursday_schedule": "07:00\u201320:00", "friday_open_min": 420.0, "friday_close_min": 1200.0, "friday_schedule": "07:00\u201320:00", "saturday_open_min": 420.0, "saturday_close_min": 1200.0, "saturday_schedule": "07:00\u201320:00", "sunday_open_min": 420.0, "sunday_close_min": 1200.0, "sunday_schedule": "07:00\u201320:00"}, "geometry": {"type": "Point", "coordinates": [-73.9509775452122, 40.72409738135267]}}, {"type": "Feature", "properties": {"site_id": "OS074", "Approved On Street": "5 AVENUE", "Approved From Street": "EAST 48 STREET", "Approved To Street": "EAST 57 STREET", "Borough Name": "Manhattan", "program_type": "Full Closure", "Organization Name": "Fifth Avenue Association", "approved_start": "2024-12-08", "approved_end": "2024-12-08", "approved_days_per_week": 1, "weekly_approved_hours": 11.0, "total_approved_hours": 11.0, "monday_open_min": null, "monday_close_min": null, "monday_schedule": null, "tuesday_open_min": null, "tuesday_close_min": null, "tuesday_schedule": null, "wednesday_open_min": null, "wednesday_close_min": null, "wednesday_schedule": null, "thursday_open_min": null, "thursday_close_min": null, "thursday_schedule": null, "friday_open_min": null, "friday_close_min": null, "friday_schedule": null, "saturday_open_min": null, "saturday_close_min": null, "saturday_schedule": null, "sunday_open_min": 540.0, "sunday_close_min": 1200.0, "sunday_schedule": "09:00\u201320:00"}, "geometry": {"type": "Point", "coordinates": [-73.97583011953861, 40.760418519822295]}}, {"type": "Feature", "properties": {"site_id": "OS075", "Approved On Street": "EAST 92 STREET", "Approved From Street": "5 AVENUE", "Approved To Street": "MADISON AVENUE", "Borough Name": "Manhattan", "program_type": "Full Closure: Schools", "Organization Name": "The Nightingale Bamford School", "approved_start": "2024-09-05", "approved_end": "2025-06-27", "approved_days_per_week": 5, "weekly_approved_hours": 27.5, "total_approved_hours": 1166.0, "monday_open_min": 540.0, "monday_close_min": 870.0, "monday_schedule": "09:00\u201314:30", "tuesday_open_min": 540.0, "tuesday_close_min": 870.0, "tuesday_schedule": "09:00\u201314:30", "wednesday_open_min": 540.0, "wednesday_close_min": 870.0, "wednesday_schedule": "09:00\u201314:30", "thursday_open_min": 540.0, "thursday_close_min": 870.0, "thursday_schedule": "09:00\u201314:30", "friday_open_min": 540.0, "friday_close_min": 870.0, "friday_schedule": "09:00\u201314:30", "saturday_open_min": null, "saturday_close_min": null, "saturday_schedule": null, "sunday_open_min": null, "sunday_close_min": null, "sunday_schedule": null}, "geometry": {"type": "Point", "coordinates": [-73.95763599385073, 40.78534345749885]}}, {"type": "Feature", "properties": {"site_id": "OS076", "Approved On Street": "EAST 82 STREET", "Approved From Street": "2 AVENUE", "Approved To Street": "1 AVENUE", "Borough Name": "Manhattan", "program_type": "Full Closure: Schools", "Organization Name": "PS 290 The Manhattan New School", "approved_start": "2024-09-05", "approved_end": "2025-06-27", "approved_days_per_week": 5, "weekly_approved_hours": 35.0, "total_approved_hours": 1484.0, "monday_open_min": 480.0, "monday_close_min": 900.0, "monday_schedule": "08:00\u201315:00", "tuesday_open_min": 480.0, "tuesday_close_min": 900.0, "tuesday_schedule": "08:00\u201315:00", "wednesday_open_min": 480.0, "wednesday_close_min": 900.0, "wednesday_schedule": "08:00\u201315:00", "thursday_open_min": 480.0, "thursday_close_min": 900.0, "thursday_schedule": "08:00\u201315:00", "friday_open_min": 480.0, "friday_close_min": 900.0, "friday_schedule": "08:00\u201315:00", "saturday_open_min": null, "saturday_close_min": null, "saturday_schedule": null, "sunday_open_min": null, "sunday_close_min": null, "sunday_schedule": null}, "geometry": {"type": "Point", "coordinates": [-73.95362762524242, 40.77529067344616]}}, {"type": "Feature", "properties": {"site_id": "OS077", "Approved On Street": "AMSTERDAM AVENUE", "Approved From Street": "WEST 106 STREET", "Approved To Street": "CATHEDRAL PARKWAY", "Borough Name": "Manhattan", "program_type": "Full Closure", "Organization Name": "Lenape Bloemendael DMA dba Columbus Amsterdam Business Improvement District", "approved_start": "2024-04-20", "approved_end": "2024-11-10", "approved_days_per_week": 2, "weekly_approved_hours": 14.0, "total_approved_hours": 420.0, "monday_open_min": null, "monday_close_min": null, "monday_schedule": null, "tuesday_open_min": null, "tuesday_close_min": null, "tuesday_schedule": null, "wednesday_open_min": null, "wednesday_close_min": null, "wednesday_schedule": null, "thursday_open_min": null, "thursday_close_min": null, "thursday_schedule": null, "friday_open_min": null, "friday_close_min": null, "friday_schedule": null, "saturday_open_min": 660.0, "saturday_close_min": 1140.0, "saturday_schedule": "11:00\u201319:00", "sunday_open_min": 720.0, "sunday_close_min": 1080.0, "sunday_schedule": "12:00\u201318:00"}, "geometry": {"type": "Point", "coordinates": [-73.96475930379877, 40.80174161330712]}}, {"type": "Feature", "properties": {"site_id": "OS078", "Approved On Street": "FREDERICK DOUGLASS BOULEVARD", "Approved From Street": "WEST 112 STREET", "Approved To Street": "WEST 121 STREET", "Borough Name": "Manhattan", "program_type": "Full Closure", "Organization Name": "Frederick Douglass Boulevard Alliance", "approved_start": "2024-06-15", "approved_end": "2024-10-06", "approved_days_per_week": 2, "weekly_approved_hours": 18.983333333333334, "total_approved_hours": 322.71666666666664, "monday_open_min": null, "monday_close_min": null, "monday_schedule": null, "tuesday_open_min": null, "tuesday_close_min": null, "tuesday_schedule": null, "wednesday_open_min": null, "wednesday_close_min": null, "wednesday_schedule": null, "thursday_open_min": null, "thursday_close_min": null, "thursday_schedule": null, "friday_open_min": null, "friday_close_min": null, "friday_schedule": null, "saturday_open_min": 720.0, "saturday_close_min": 1320.0, "saturday_schedule": "12:00\u201322:00", "sunday_open_min": 721.0, "sunday_close_min": 1260.0, "sunday_schedule": "12:01\u201321:00"}, "geometry": {"type": "Point", "coordinates": [-73.95536845698138, 40.80441986536616]}}, {"type": "Feature", "properties": {"site_id": "OS079", "Approved On Street": "WEST 128 STREET", "Approved From Street": "FREDERICK DOUGLASS BOULEVARD", "Approved To Street": "ST NICHOLAS AVENUE", "Borough Name": "Manhattan", "program_type": "Full Closure", "Organization Name": "Harlem Mothers Stop Another Violent End", "approved_start": "2024-07-02", "approved_end": "2024-08-30", "approved_days_per_week": 2, "weekly_approved_hours": 15.0, "total_approved_hours": 135.0, "monday_open_min": null, "monday_close_min": null, "monday_schedule": null, "tuesday_open_min": 570.0, "tuesday_close_min": 1020.0, "tuesday_schedule": "09:30\u201317:00", "wednesday_open_min": 570.0, "wednesday_close_min": 1020.0, "wednesday_schedule": "09:30\u201317:00", "thursday_open_min": null, "thursday_close_min": null, "thursday_schedule": null, "friday_open_min": null, "friday_close_min": null, "friday_schedule": null, "saturday_open_min": null, "saturday_close_min": null, "saturday_schedule": null, "sunday_open_min": null, "sunday_close_min": null, "sunday_schedule": null}, "geometry": {"type": "Point", "coordinates": [-73.95092865718738, 40.81257507154871]}}, {"type": "Feature", "properties": {"site_id": "OS080", "Approved On Street": "WEST 142 STREET", "Approved From Street": "AMSTERDAM AVENUE", "Approved To Street": "HAMILTON PLACE", "Borough Name": "Manhattan", "program_type": "Full Closure", "Organization Name": "Harlem One Stop Inc", "approved_start": "2024-06-22", "approved_end": "2024-08-31", "approved_days_per_week": 1, "weekly_approved_hours": 7.5, "total_approved_hours": 82.5, "monday_open_min": null, "monday_close_min": null, "monday_schedule": null, "tuesday_open_min": null, "tuesday_close_min": null, "tuesday_schedule": null, "wednesday_open_min": null, "wednesday_close_min": null, "wednesday_schedule": null, "thursday_open_min": null, "thursday_close_min": null, "thursday_schedule": null, "friday_open_min": null, "friday_close_min": null, "friday_schedule": null, "saturday_open_min": 660.0, "saturday_close_min": 1110.0, "saturday_schedule": "11:00\u201318:30", "sunday_open_min": null, "sunday_close_min": null, "sunday_schedule": null}, "geometry": {"type": "Point", "coordinates": [-73.94969330201722, 40.823604000802945]}}, {"type": "Feature", "properties": {"site_id": "OS081", "Approved On Street": "STRAUSS STREET", "Approved From Street": "RIVERDALE AVENUE", "Approved To Street": "NEWPORT STREET", "Borough Name": "Brooklyn", "program_type": "Full Closure: Schools", "Organization Name": "Riverdale Avenue Community School", "approved_start": "2024-09-05", "approved_end": "2025-06-27", "approved_days_per_week": 1, "weekly_approved_hours": 9.0, "total_approved_hours": 387.0, "monday_open_min": null, "monday_close_min": null, "monday_schedule": null, "tuesday_open_min": null, "tuesday_close_min": null, "tuesday_schedule": null, "wednesday_open_min": null, "wednesday_close_min": null, "wednesday_schedule": null, "thursday_open_min": null, "thursday_close_min": null, "thursday_schedule": null, "friday_open_min": 450.0, "friday_close_min": 990.0, "friday_schedule": "07:30\u201316:30", "saturday_open_min": null, "saturday_close_min": null, "saturday_schedule": null, "sunday_open_min": null, "sunday_close_min": null, "sunday_schedule": null}, "geometry": {"type": "Point", "coordinates": [-73.91373611748729, 40.658645420771]}}, {"type": "Feature", "properties": {"site_id": "OS082", "Approved On Street": "JEFFERSON AVENUE", "Approved From Street": "MALCOLM X BOULEVARD", "Approved To Street": "PATCHEN AVENUE", "Borough Name": "Brooklyn", "program_type": "Full Closure", "Organization Name": "The 700 Jefferson Avenue Block Association", "approved_start": "2024-01-13", "approved_end": "2024-12-31", "approved_days_per_week": 3, "weekly_approved_hours": 27.0, "total_approved_hours": 1368.0, "monday_open_min": null, "monday_close_min": null, "monday_schedule": null, "tuesday_open_min": null, "tuesday_close_min": null, "tuesday_schedule": null, "wednesday_open_min": null, "wednesday_close_min": null, "wednesday_schedule": null, "thursday_open_min": null, "thursday_close_min": null, "thursday_schedule": null, "friday_open_min": 720.0, "friday_close_min": 1260.0, "friday_schedule": "12:00\u201321:00", "saturday_open_min": 720.0, "saturday_close_min": 1260.0, "saturday_schedule": "12:00\u201321:00", "sunday_open_min": 720.0, "sunday_close_min": 1260.0, "sunday_schedule": "12:00\u201321:00"}, "geometry": {"type": "Point", "coordinates": [-73.92959057545474, 40.685635048797245]}}, {"type": "Feature", "properties": {"site_id": "OS083", "Approved On Street": "BRISTOL STREET", "Approved From Street": "DUMONT AVENUE", "Approved To Street": "BLAKE AVENUE", "Borough Name": "Brooklyn", "program_type": "Limited Local Access", "Organization Name": "NYC Department of Health and Mental Hygiene", "approved_start": "2024-04-22", "approved_end": "2024-09-23", "approved_days_per_week": 1, "weekly_approved_hours": 2.0, "total_approved_hours": 44.0, "monday_open_min": null, "monday_close_min": null, "monday_schedule": null, "tuesday_open_min": null, "tuesday_close_min": null, "tuesday_schedule": null, "wednesday_open_min": null, "wednesday_close_min": null, "wednesday_schedule": null, "thursday_open_min": null, "thursday_close_min": null, "thursday_schedule": null, "friday_open_min": 840.0, "friday_close_min": 960.0, "friday_schedule": "14:00\u201316:00", "saturday_open_min": null, "saturday_close_min": null, "saturday_schedule": null, "sunday_open_min": null, "sunday_close_min": null, "sunday_schedule": null}, "geometry": {"type": "Point", "coordinates": [-73.91155871838961, 40.66535035660432]}}, {"type": "Feature", "properties": {"site_id": "OS084", "Approved On Street": "THATFORD AVENUE", "Approved From Street": "BELMONT AVENUE", "Approved To Street": "DEAD END", "Borough Name": "Brooklyn", "program_type": "Full Closure", "Organization Name": "Justice Innovation Inc. d/b/a Center for Justice Innovation (Brownsville Community Justice Center)", "approved_start": "2024-03-18", "approved_end": "2024-12-18", "approved_days_per_week": 5, "weekly_approved_hours": 30.0, "total_approved_hours": 1188.0, "monday_open_min": 660.0, "monday_close_min": 1020.0, "monday_schedule": "11:00\u201317:00", "tuesday_open_min": 660.0, "tuesday_close_min": 1020.0, "tuesday_schedule": "11:00\u201317:00", "wednesday_open_min": 660.0, "wednesday_close_min": 1020.0, "wednesday_schedule": "11:00\u201317:00", "thursday_open_min": 660.0, "thursday_close_min": 1020.0, "thursday_schedule": "11:00\u201317:00", "friday_open_min": 660.0, "friday_close_min": 1020.0, "friday_schedule": "11:00\u201317:00", "saturday_open_min": null, "saturday_close_min": null, "saturday_schedule": null, "sunday_open_min": null, "sunday_close_min": null, "sunday_schedule": null}, "geometry": {"type": "Point", "coordinates": [-73.90939058333187, 40.66821340961263]}}, {"type": "Feature", "properties": {"site_id": "OS085", "Approved On Street": "WATKINS STREET", "Approved From Street": "BELMONT AVENUE", "Approved To Street": "DEAD END", "Borough Name": "Brooklyn", "program_type": "Full Closure", "Organization Name": "Justice Innovation Inc. d/b/a Center for Justice Innovation (Brownsville Community Justice Center)", "approved_start": "2024-03-18", "approved_end": "2024-12-18", "approved_days_per_week": 5, "weekly_approved_hours": 30.0, "total_approved_hours": 1188.0, "monday_open_min": 660.0, "monday_close_min": 1020.0, "monday_schedule": "11:00\u201317:00", "tuesday_open_min": 660.0, "tuesday_close_min": 1020.0, "tuesday_schedule": "11:00\u201317:00", "wednesday_open_min": 660.0, "wednesday_close_min": 1020.0, "wednesday_schedule": "11:00\u201317:00", "thursday_open_min": 660.0, "thursday_close_min": 1020.0, "thursday_schedule": "11:00\u201317:00", "friday_open_min": 660.0, "friday_close_min": 1020.0, "friday_schedule": "11:00\u201317:00", "saturday_open_min": null, "saturday_close_min": null, "saturday_schedule": null, "sunday_open_min": null, "sunday_close_min": null, "sunday_schedule": null}, "geometry": {"type": "Point", "coordinates": [-73.90763826491444, 40.66883142709046]}}, {"type": "Feature", "properties": {"site_id": "OS086", "Approved On Street": "SHARON STREET", "Approved From Street": "OLIVE STREET", "Approved To Street": "MORGAN AVENUE", "Borough Name": "Brooklyn", "program_type": "Limited Local Access", "Organization Name": "Sharon Street Block Association", "approved_start": "2024-02-01", "approved_end": "2024-12-31", "approved_days_per_week": 7, "weekly_approved_hours": 84.0, "total_approved_hours": 4020.0, "monday_open_min": 480.0, "monday_close_min": 1200.0, "monday_schedule": "08:00\u201320:00", "tuesday_open_min": 480.0, "tuesday_close_min": 1200.0, "tuesday_schedule": "08:00\u201320:00", "wednesday_open_min": 480.0, "wednesday_close_min": 1200.0, "wednesday_schedule": "08:00\u201320:00", "thursday_open_min": 480.0, "thursday_close_min": 1200.0, "thursday_schedule": "08:00\u201320:00", "friday_open_min": 480.0, "friday_close_min": 1200.0, "friday_schedule": "08:00\u201320:00", "saturday_open_min": 480.0, "saturday_close_min": 1200.0, "saturday_schedule": "08:00\u201320:00", "sunday_open_min": 480.0, "sunday_close_min": 1200.0, "sunday_schedule": "08:00\u201320:00"}, "geometry": {"type": "Point", "coordinates": [-73.93869574855565, 40.71532359170306]}}, {"type": "Feature", "properties": {"site_id": "OS087", "Approved On Street": "TROUTMAN STREET", "Approved From Street": "IRVING AVENUE", "Approved To Street": "ST NICHOLAS AVENUE", "Borough Name": "Brooklyn", "program_type": "Full Closure", "Organization Name": "Troutman Street Open Street Coalition", "approved_start": "2024-04-22", "approved_end": "2024-10-31", "approved_days_per_week": 2, "weekly_approved_hours": 24.0, "total_approved_hours": 648.0, "monday_open_min": null, "monday_close_min": null, "monday_schedule": null, "tuesday_open_min": null, "tuesday_close_min": null, "tuesday_schedule": null, "wednesday_open_min": null, "wednesday_close_min": null, "wednesday_schedule": null, "thursday_open_min": null, "thursday_close_min": null, "thursday_schedule": null, "friday_open_min": null, "friday_close_min": null, "friday_schedule": null, "saturday_open_min": 600.0, "saturday_close_min": 1320.0, "saturday_schedule": "10:00\u201322:00", "sunday_open_min": 600.0, "sunday_close_min": 1320.0, "sunday_schedule": "10:00\u201322:00"}, "geometry": {"type": "Point", "coordinates": [-73.92286348621984, 40.706575593983075]}}, {"type": "Feature", "properties": {"site_id": "OS088", "Approved On Street": "88 AVENUE", "Approved From Street": "102 STREET", "Approved To Street": "104 STREET", "Borough Name": "Queens", "program_type": "Full Closure: Schools", "Organization Name": "Public School 273Q", "approved_start": "2024-09-05", "approved_end": "2025-06-27", "approved_days_per_week": 5, "weekly_approved_hours": 13.75, "total_approved_hours": 583.0, "monday_open_min": 660.0, "monday_close_min": 825.0, "monday_schedule": "11:00\u201313:45", "tuesday_open_min": 660.0, "tuesday_close_min": 825.0, "tuesday_schedule": "11:00\u201313:45", "wednesday_open_min": 660.0, "wednesday_close_min": 825.0, "wednesday_schedule": "11:00\u201313:45", "thursday_open_min": 660.0, "thursday_close_min": 825.0, "thursday_schedule": "11:00\u201313:45", "friday_open_min": 660.0, "friday_close_min": 825.0, "friday_schedule": "11:00\u201313:45", "saturday_open_min": null, "saturday_close_min": null, "saturday_schedule": null, "sunday_open_min": null, "sunday_close_min": null, "sunday_schedule": null}, "geometry": {"type": "Point", "coordinates": [-73.84470105325589, 40.69372569521913]}}, {"type": "Feature", "properties": {"site_id": "OS089", "Approved On Street": "141 STREET", "Approved From Street": "109 AVENUE", "Approved To Street": "LAKEWOOD AVENUE", "Borough Name": "Queens", "program_type": "Full Closure", "Organization Name": "JAMROCK JERK LLC", "approved_start": "2024-04-27", "approved_end": "2024-10-31", "approved_days_per_week": 3, "weekly_approved_hours": 31.95, "total_approved_hours": 854.6666666666665, "monday_open_min": null, "monday_close_min": null, "monday_schedule": null, "tuesday_open_min": null, "tuesday_close_min": null, "tuesday_schedule": null, "wednesday_open_min": null, "wednesday_close_min": null, "wednesday_schedule": null, "thursday_open_min": null, "thursday_close_min": null, "thursday_schedule": null, "friday_open_min": 960.0, "friday_close_min": 1439.0, "friday_schedule": "16:00\u201323:59", "saturday_open_min": 720.0, "saturday_close_min": 1439.0, "saturday_schedule": "12:00\u201323:59", "sunday_open_min": 720.0, "sunday_close_min": 1439.0, "sunday_schedule": "12:00\u201323:59"}, "geometry": {"type": "Point", "coordinates": [-73.80572163685346, 40.687826814713915]}}, {"type": "Feature", "properties": {"site_id": "OS090", "Approved On Street": "156 STREET", "Approved From Street": "108 AVENUE", "Approved To Street": "107 AVENUE", "Borough Name": "Queens", "program_type": "Limited Local Access", "Organization Name": "HOOD WORKS INC", "approved_start": "2024-06-01", "approved_end": "2024-09-28", "approved_days_per_week": 6, "weekly_approved_hours": 36.0, "total_approved_hours": 618.0, "monday_open_min": 600.0, "monday_close_min": 960.0, "monday_schedule": "10:00\u201316:00", "tuesday_open_min": 600.0, "tuesday_close_min": 960.0, "tuesday_schedule": "10:00\u201316:00", "wednesday_open_min": 600.0, "wednesday_close_min": 960.0, "wednesday_schedule": "10:00\u201316:00", "thursday_open_min": 600.0, "thursday_close_min": 960.0, "thursday_schedule": "10:00\u201316:00", "friday_open_min": 600.0, "friday_close_min": 960.0, "friday_schedule": "10:00\u201316:00", "saturday_open_min": 660.0, "saturday_close_min": 1020.0, "saturday_schedule": "11:00\u201317:00", "sunday_open_min": null, "sunday_close_min": null, "sunday_schedule": null}, "geometry": {"type": "Point", "coordinates": [-73.79748122395601, 40.696002128130765]}}, {"type": "Feature", "properties": {"site_id": "OS091", "Approved On Street": "165 STREET", "Approved From Street": "JAMAICA AVENUE", "Approved To Street": "89 AVENUE", "Borough Name": "Queens", "program_type": "Full Closure", "Organization Name": "Downtown Jamaica Partnership", "approved_start": "2024-05-01", "approved_end": "2024-12-31", "approved_days_per_week": 7, "weekly_approved_hours": 42.0, "total_approved_hours": 1470.0, "monday_open_min": 720.0, "monday_close_min": 1080.0, "monday_schedule": "12:00\u201318:00", "tuesday_open_min": 720.0, "tuesday_close_min": 1080.0, "tuesday_schedule": "12:00\u201318:00", "wednesday_open_min": 720.0, "wednesday_close_min": 1080.0, "wednesday_schedule": "12:00\u201318:00", "thursday_open_min": 720.0, "thursday_close_min": 1080.0, "thursday_schedule": "12:00\u201318:00", "friday_open_min": 720.0, "friday_close_min": 1080.0, "friday_schedule": "12:00\u201318:00", "saturday_open_min": 720.0, "saturday_close_min": 1080.0, "saturday_schedule": "12:00\u201318:00", "sunday_open_min": 720.0, "sunday_close_min": 1080.0, "sunday_schedule": "12:00\u201318:00"}, "geometry": {"type": "Point", "coordinates": [-73.79631660911042, 40.707723094187756]}}, {"type": "Feature", "properties": {"site_id": "OS092", "Approved On Street": "READS LANE", "Approved From Street": "CORNAGA AVENUE", "Approved To Street": "MEEHAN AVENUE", "Borough Name": "Queens", "program_type": "Limited Local Access", "Organization Name": "Kesher Bridging Communities", "approved_start": "2024-01-01", "approved_end": "2024-12-31", "approved_days_per_week": 3, "weekly_approved_hours": 19.5, "total_approved_hours": 1014.0, "monday_open_min": null, "monday_close_min": null, "monday_schedule": null, "tuesday_open_min": null, "tuesday_close_min": null, "tuesday_schedule": null, "wednesday_open_min": null, "wednesday_close_min": null, "wednesday_schedule": null, "thursday_open_min": null, "thursday_close_min": null, "thursday_schedule": null, "friday_open_min": 930.0, "friday_close_min": 1140.0, "friday_schedule": "15:30\u201319:00", "saturday_open_min": 480.0, "saturday_close_min": 1200.0, "saturday_schedule": "08:00\u201320:00", "sunday_open_min": 720.0, "sunday_close_min": 960.0, "sunday_schedule": "12:00\u201316:00"}, "geometry": {"type": "Point", "coordinates": [-73.74103479536834, 40.601657863433545]}}, {"type": "Feature", "properties": {"site_id": "OS093", "Approved On Street": "109 AVENUE", "Approved From Street": "203 STREET", "Approved To Street": "204 STREET", "Borough Name": "Queens", "program_type": "Full Closure: Schools", "Organization Name": "PS 134Q: Langston Hughes School", "approved_start": "2024-09-05", "approved_end": "2025-06-27", "approved_days_per_week": 5, "weekly_approved_hours": 20.0, "total_approved_hours": 848.0, "monday_open_min": 600.0, "monday_close_min": 840.0, "monday_schedule": "10:00\u201314:00", "tuesday_open_min": 600.0, "tuesday_close_min": 840.0, "tuesday_schedule": "10:00\u201314:00", "wednesday_open_min": 600.0, "wednesday_close_min": 840.0, "wednesday_schedule": "10:00\u201314:00", "thursday_open_min": 600.0, "thursday_close_min": 840.0, "thursday_schedule": "10:00\u201314:00", "friday_open_min": 600.0, "friday_close_min": 840.0, "friday_schedule": "10:00\u201314:00", "saturday_open_min": null, "saturday_close_min": null, "saturday_schedule": null, "sunday_open_min": null, "sunday_close_min": null, "sunday_schedule": null}, "geometry": {"type": "Point", "coordinates": [-73.7554168966385, 40.70796357270561]}}, {"type": "Feature", "properties": {"site_id": "OS094", "Approved On Street": "29 STREET", "Approved From Street": "47 AVENUE", "Approved To Street": "SKILLMAN AVENUE", "Borough Name": "Queens", "program_type": "Full Closure", "Organization Name": "LaGuardia Community College", "approved_start": "2024-05-01", "approved_end": "2024-11-01", "approved_days_per_week": 5, "weekly_approved_hours": 60.0, "total_approved_hours": 1596.0, "monday_open_min": 480.0, "monday_close_min": 1200.0, "monday_schedule": "08:00\u201320:00", "tuesday_open_min": 480.0, "tuesday_close_min": 1200.0, "tuesday_schedule": "08:00\u201320:00", "wednesday_open_min": 480.0, "wednesday_close_min": 1200.0, "wednesday_schedule": "08:00\u201320:00", "thursday_open_min": 480.0, "thursday_close_min": 1200.0, "thursday_schedule": "08:00\u201320:00", "friday_open_min": 480.0, "friday_close_min": 1200.0, "friday_schedule": "08:00\u201320:00", "saturday_open_min": null, "saturday_close_min": null, "saturday_schedule": null, "sunday_open_min": null, "sunday_close_min": null, "sunday_schedule": null}, "geometry": {"type": "Point", "coordinates": [-73.93825761873377, 40.74506843728699]}}, {"type": "Feature", "properties": {"site_id": "OS095", "Approved On Street": "37 STREET", "Approved From Street": "36 AVENUE", "Approved To Street": "35 AVENUE", "Borough Name": "Queens", "program_type": "Full Closure: Schools", "Organization Name": "Our World Neighborhood Charter School", "approved_start": "2024-09-05", "approved_end": "2025-06-27", "approved_days_per_week": 5, "weekly_approved_hours": 16.25, "total_approved_hours": 689.0, "monday_open_min": 600.0, "monday_close_min": 795.0, "monday_schedule": "10:00\u201313:15", "tuesday_open_min": 600.0, "tuesday_close_min": 795.0, "tuesday_schedule": "10:00\u201313:15", "wednesday_open_min": 600.0, "wednesday_close_min": 795.0, "wednesday_schedule": "10:00\u201313:15", "thursday_open_min": 600.0, "thursday_close_min": 795.0, "thursday_schedule": "10:00\u201313:15", "friday_open_min": 600.0, "friday_close_min": 795.0, "friday_schedule": "10:00\u201313:15", "saturday_open_min": null, "saturday_close_min": null, "saturday_schedule": null, "sunday_open_min": null, "sunday_close_min": null, "sunday_schedule": null}, "geometry": {"type": "Point", "coordinates": [-73.92370440142724, 40.75588003725904]}}, {"type": "Feature", "properties": {"site_id": "OS096", "Approved On Street": "31 AVENUE", "Approved From Street": "33 STREET", "Approved To Street": "35 STREET", "Borough Name": "Queens", "program_type": "Full Closure", "Organization Name": "31st Ave Open Street Collective", "approved_start": "2024-04-06", "approved_end": "2024-12-29", "approved_days_per_week": 2, "weekly_approved_hours": 16.0, "total_approved_hours": 624.0, "monday_open_min": null, "monday_close_min": null, "monday_schedule": null, "tuesday_open_min": null, "tuesday_close_min": null, "tuesday_schedule": null, "wednesday_open_min": null, "wednesday_close_min": null, "wednesday_schedule": null, "thursday_open_min": null, "thursday_close_min": null, "thursday_schedule": null, "friday_open_min": null, "friday_close_min": null, "friday_schedule": null, "saturday_open_min": 720.0, "saturday_close_min": 1200.0, "saturday_schedule": "12:00\u201320:00", "sunday_open_min": 720.0, "sunday_close_min": 1200.0, "sunday_schedule": "12:00\u201320:00"}, "geometry": {"type": "Point", "coordinates": [-73.92108063899165, 40.76319941199185]}}, {"type": "Feature", "properties": {"site_id": "OS097", "Approved On Street": "EAST 115 STREET", "Approved From Street": "PLEASANT AVENUE", "Approved To Street": "1 AVENUE", "Borough Name": "Manhattan", "program_type": "Full Closure", "Organization Name": "Salsa Stories", "approved_start": "2024-07-20", "approved_end": "2024-08-24", "approved_days_per_week": 1, "weekly_approved_hours": 4.0, "total_approved_hours": 24.0, "monday_open_min": null, "monday_close_min": null, "monday_schedule": null, "tuesday_open_min": null, "tuesday_close_min": null, "tuesday_schedule": null, "wednesday_open_min": null, "wednesday_close_min": null, "wednesday_schedule": null, "thursday_open_min": null, "thursday_close_min": null, "thursday_schedule": null, "friday_open_min": null, "friday_close_min": null, "friday_schedule": null, "saturday_open_min": 1020.0, "saturday_close_min": 1260.0, "saturday_schedule": "17:00\u201321:00", "sunday_open_min": null, "sunday_close_min": null, "sunday_schedule": null}, "geometry": {"type": "Point", "coordinates": [-73.93591227007374, 40.79531183757365]}}, {"type": "Feature", "properties": {"site_id": "OS098", "Approved On Street": "NEWTOWN AVENUE", "Approved From Street": "23 STREET", "Approved To Street": "CRESCENT STREET", "Borough Name": "Queens", "program_type": "Full Closure: Schools", "Organization Name": "The Young Women\u2019s Leadership School of Astoria", "approved_start": "2024-03-11", "approved_end": "2025-06-27", "approved_days_per_week": 5, "weekly_approved_hours": 45.0, "total_approved_hours": 3060.0, "monday_open_min": 450.0, "monday_close_min": 990.0, "monday_schedule": "07:30\u201316:30", "tuesday_open_min": 450.0, "tuesday_close_min": 990.0, "tuesday_schedule": "07:30\u201316:30", "wednesday_open_min": 450.0, "wednesday_close_min": 990.0, "wednesday_schedule": "07:30\u201316:30", "thursday_open_min": 450.0, "thursday_close_min": 990.0, "thursday_schedule": "07:30\u201316:30", "friday_open_min": 450.0, "friday_close_min": 990.0, "friday_schedule": "07:30\u201316:30", "saturday_open_min": null, "saturday_close_min": null, "saturday_schedule": null, "sunday_open_min": null, "sunday_close_min": null, "sunday_schedule": null}, "geometry": {"type": "Point", "coordinates": [-73.92478315052978, 40.771354772176636]}}, {"type": "Feature", "properties": {"site_id": "OS099", "Approved On Street": "23 STREET", "Approved From Street": "NEWTOWN AVENUE", "Approved To Street": "ASTORIA BOULEVARD", "Borough Name": "Queens", "program_type": "Full Closure: Schools", "Organization Name": "The Young Women\u2019s Leadership School of Astoria", "approved_start": "2024-04-01", "approved_end": "2025-06-27", "approved_days_per_week": 5, "weekly_approved_hours": 22.5, "total_approved_hours": 1462.5, "monday_open_min": 600.0, "monday_close_min": 870.0, "monday_schedule": "10:00\u201314:30", "tuesday_open_min": 600.0, "tuesday_close_min": 870.0, "tuesday_schedule": "10:00\u201314:30", "wednesday_open_min": 600.0, "wednesday_close_min": 870.0, "wednesday_schedule": "10:00\u201314:30", "thursday_open_min": 600.0, "thursday_close_min": 870.0, "thursday_schedule": "10:00\u201314:30", "friday_open_min": 600.0, "friday_close_min": 870.0, "friday_schedule": "10:00\u201314:30", "saturday_open_min": null, "saturday_close_min": null, "saturday_schedule": null, "sunday_open_min": null, "sunday_close_min": null, "sunday_schedule": null}, "geometry": {"type": "Point", "coordinates": [-73.92444128039068, 40.77177595709695]}}, {"type": "Feature", "properties": {"site_id": "OS100", "Approved On Street": "WEST 142 STREET", "Approved From Street": "CHISUM PLACE", "Approved To Street": "5 AVENUE", "Borough Name": "Manhattan", "program_type": "Full Closure: Schools", "Organization Name": "Global Community Charter School", "approved_start": "2024-09-05", "approved_end": "2025-06-27", "approved_days_per_week": 5, "weekly_approved_hours": 22.5, "total_approved_hours": 954.0, "monday_open_min": 630.0, "monday_close_min": 900.0, "monday_schedule": "10:30\u201315:00", "tuesday_open_min": 630.0, "tuesday_close_min": 900.0, "tuesday_schedule": "10:30\u201315:00", "wednesday_open_min": 630.0, "wednesday_close_min": 900.0, "wednesday_schedule": "10:30\u201315:00", "thursday_open_min": 630.0, "thursday_close_min": 900.0, "thursday_schedule": "10:30\u201315:00", "friday_open_min": 630.0, "friday_close_min": 900.0, "friday_schedule": "10:30\u201315:00", "saturday_open_min": null, "saturday_close_min": null, "saturday_schedule": null, "sunday_open_min": null, "sunday_close_min": null, "sunday_schedule": null}, "geometry": {"type": "Point", "coordinates": [-73.93445400187738, 40.81718852805841]}}, {"type": "Feature", "properties": {"site_id": "OS101", "Approved On Street": "RAE STREET", "Approved From Street": "ST ANNS AVENUE", "Approved To Street": "DEAD END", "Borough Name": "Bronx", "program_type": "Full Closure", "Organization Name": "I Challenge Myself", "approved_start": "2024-05-04", "approved_end": "2024-05-25", "approved_days_per_week": 1, "weekly_approved_hours": 3.0, "total_approved_hours": 12.0, "monday_open_min": null, "monday_close_min": null, "monday_schedule": null, "tuesday_open_min": null, "tuesday_close_min": null, "tuesday_schedule": null, "wednesday_open_min": null, "wednesday_close_min": null, "wednesday_schedule": null, "thursday_open_min": null, "thursday_close_min": null, "thursday_schedule": null, "friday_open_min": null, "friday_close_min": null, "friday_schedule": null, "saturday_open_min": 720.0, "saturday_close_min": 900.0, "saturday_schedule": "12:00\u201315:00", "sunday_open_min": null, "sunday_close_min": null, "sunday_schedule": null}, "geometry": {"type": "Point", "coordinates": [-73.91138050181156, 40.817372564651464]}}, {"type": "Feature", "properties": {"site_id": "OS102", "Approved On Street": "RAE STREET", "Approved From Street": "DEAD END", "Approved To Street": "ST ANNS AVENUE", "Borough Name": "Bronx", "program_type": "Limited Local Access", "Organization Name": "I Challenge Myself", "approved_start": "2024-07-08", "approved_end": "2024-08-02", "approved_days_per_week": 5, "weekly_approved_hours": 10.0, "total_approved_hours": 40.0, "monday_open_min": 840.0, "monday_close_min": 960.0, "monday_schedule": "14:00\u201316:00", "tuesday_open_min": 840.0, "tuesday_close_min": 960.0, "tuesday_schedule": "14:00\u201316:00", "wednesday_open_min": 840.0, "wednesday_close_min": 960.0, "wednesday_schedule": "14:00\u201316:00", "thursday_open_min": 840.0, "thursday_close_min": 960.0, "thursday_schedule": "14:00\u201316:00", "friday_open_min": 840.0, "friday_close_min": 960.0, "friday_schedule": "14:00\u201316:00", "saturday_open_min": null, "saturday_close_min": null, "saturday_schedule": null, "sunday_open_min": null, "sunday_close_min": null, "sunday_schedule": null}, "geometry": {"type": "Point", "coordinates": [-73.91138050181156, 40.817372564651464]}}, {"type": "Feature", "properties": {"site_id": "OS103", "Approved On Street": "EAST 150 STREET", "Approved From Street": "CONCORD AVENUE", "Approved To Street": "WALES AVENUE", "Borough Name": "Bronx", "program_type": "Full Closure: Schools", "Organization Name": "PS/MS 5 Port Morris School of Community Leadership", "approved_start": "2024-03-01", "approved_end": "2025-06-27", "approved_days_per_week": 5, "weekly_approved_hours": 40.0, "total_approved_hours": 2768.0, "monday_open_min": 480.0, "monday_close_min": 960.0, "monday_schedule": "08:00\u201316:00", "tuesday_open_min": 480.0, "tuesday_close_min": 960.0, "tuesday_schedule": "08:00\u201316:00", "wednesday_open_min": 480.0, "wednesday_close_min": 960.0, "wednesday_schedule": "08:00\u201316:00", "thursday_open_min": 480.0, "thursday_close_min": 960.0, "thursday_schedule": "08:00\u201316:00", "friday_open_min": 480.0, "friday_close_min": 960.0, "friday_schedule": "08:00\u201316:00", "saturday_open_min": null, "saturday_close_min": null, "saturday_schedule": null, "sunday_open_min": null, "sunday_close_min": null, "sunday_schedule": null}, "geometry": {"type": "Point", "coordinates": [-73.90786782004743, 40.8138344585595]}}, {"type": "Feature", "properties": {"site_id": "OS104", "Approved On Street": "WADSWORTH AVENUE", "Approved From Street": "WEST 182 STREET", "Approved To Street": "WEST 183 STREET", "Borough Name": "Manhattan", "program_type": "Full Closure: Schools", "Organization Name": "PS 528 Bea Fuller Rogers School", "approved_start": "2024-04-01", "approved_end": "2025-06-27", "approved_days_per_week": 5, "weekly_approved_hours": 17.5, "total_approved_hours": 1137.5, "monday_open_min": 600.0, "monday_close_min": 810.0, "monday_schedule": "10:00\u201313:30", "tuesday_open_min": 600.0, "tuesday_close_min": 810.0, "tuesday_schedule": "10:00\u201313:30", "wednesday_open_min": 600.0, "wednesday_close_min": 810.0, "wednesday_schedule": "10:00\u201313:30", "thursday_open_min": 600.0, "thursday_close_min": 810.0, "thursday_schedule": "10:00\u201313:30", "friday_open_min": 600.0, "friday_close_min": 810.0, "friday_schedule": "10:00\u201313:30", "saturday_open_min": null, "saturday_close_min": null, "saturday_schedule": null, "sunday_open_min": null, "sunday_close_min": null, "sunday_schedule": null}, "geometry": {"type": "Point", "coordinates": [-73.93409858262933, 40.851021285858366]}}, {"type": "Feature", "properties": {"site_id": "OS105", "Approved On Street": "WEST 182 STREET", "Approved From Street": "AMSTERDAM AVENUE", "Approved To Street": "AUDUBON AVENUE", "Borough Name": "Manhattan", "program_type": "Full Closure: Schools", "Organization Name": "Futures Ignite", "approved_start": "2024-04-01", "approved_end": "2024-10-25", "approved_days_per_week": 2, "weekly_approved_hours": 18.0, "total_approved_hours": 540.0, "monday_open_min": null, "monday_close_min": null, "monday_schedule": null, "tuesday_open_min": null, "tuesday_close_min": null, "tuesday_schedule": null, "wednesday_open_min": 480.0, "wednesday_close_min": 1020.0, "wednesday_schedule": "08:00\u201317:00", "thursday_open_min": null, "thursday_close_min": null, "thursday_schedule": null, "friday_open_min": 480.0, "friday_close_min": 1020.0, "friday_schedule": "08:00\u201317:00", "saturday_open_min": null, "saturday_close_min": null, "saturday_schedule": null, "sunday_open_min": null, "sunday_close_min": null, "sunday_schedule": null}, "geometry": {"type": "Point", "coordinates": [-73.93046666804214, 40.84869746135779]}}, {"type": "Feature", "properties": {"site_id": "OS106", "Approved On Street": "WALTON AVENUE", "Approved From Street": "EAST 167 STREET", "Approved To Street": "EAST 168 STREET", "Borough Name": "Bronx", "program_type": "Full Closure", "Organization Name": "WHEDCo/P.S./I.S. 218", "approved_start": "2024-07-02", "approved_end": "2024-08-16", "approved_days_per_week": 4, "weekly_approved_hours": 22.0, "total_approved_hours": 148.5, "monday_open_min": 690.0, "monday_close_min": 1020.0, "monday_schedule": "11:30\u201317:00", "tuesday_open_min": 690.0, "tuesday_close_min": 1020.0, "tuesday_schedule": "11:30\u201317:00", "wednesday_open_min": 690.0, "wednesday_close_min": 1020.0, "wednesday_schedule": "11:30\u201317:00", "thursday_open_min": 690.0, "thursday_close_min": 1020.0, "thursday_schedule": "11:30\u201317:00", "friday_open_min": null, "friday_close_min": null, "friday_schedule": null, "saturday_open_min": null, "saturday_close_min": null, "saturday_schedule": null, "sunday_open_min": null, "sunday_close_min": null, "sunday_schedule": null}, "geometry": {"type": "Point", "coordinates": [-73.91841189089796, 40.8364392185593]}}, {"type": "Feature", "properties": {"site_id": "OS107", "Approved On Street": "GOBLE PLACE", "Approved From Street": "JEROME AVENUE", "Approved To Street": "INWOOD AVENUE", "Borough Name": "Bronx", "program_type": "Full Closure", "Organization Name": "New Settlement", "approved_start": "2024-04-20", "approved_end": "2024-06-15", "approved_days_per_week": 1, "weekly_approved_hours": 8.0, "total_approved_hours": 72.0, "monday_open_min": null, "monday_close_min": null, "monday_schedule": null, "tuesday_open_min": null, "tuesday_close_min": null, "tuesday_schedule": null, "wednesday_open_min": null, "wednesday_close_min": null, "wednesday_schedule": null, "thursday_open_min": null, "thursday_close_min": null, "thursday_schedule": null, "friday_open_min": null, "friday_close_min": null, "friday_schedule": null, "saturday_open_min": 540.0, "saturday_close_min": 1020.0, "saturday_schedule": "09:00\u201317:00", "sunday_open_min": null, "sunday_close_min": null, "sunday_schedule": null}, "geometry": {"type": "Point", "coordinates": [-73.91655582435216, 40.84382242458248]}}, {"type": "Feature", "properties": {"site_id": "OS108", "Approved On Street": "AUDUBON AVENUE", "Approved From Street": "WEST 189 STREET", "Approved To Street": "WEST 190 STREET", "Borough Name": "Manhattan", "program_type": "Full Closure", "Organization Name": "Connectemonos", "approved_start": "2024-07-10", "approved_end": "2024-08-09", "approved_days_per_week": 3, "weekly_approved_hours": 18.0, "total_approved_hours": 90.0, "monday_open_min": null, "monday_close_min": null, "monday_schedule": null, "tuesday_open_min": null, "tuesday_close_min": null, "tuesday_schedule": null, "wednesday_open_min": 660.0, "wednesday_close_min": 1020.0, "wednesday_schedule": "11:00\u201317:00", "thursday_open_min": 660.0, "thursday_close_min": 1020.0, "thursday_schedule": "11:00\u201317:00", "friday_open_min": 660.0, "friday_close_min": 1020.0, "friday_schedule": "11:00\u201317:00", "saturday_open_min": null, "saturday_close_min": null, "saturday_schedule": null, "sunday_open_min": null, "sunday_close_min": null, "sunday_schedule": null}, "geometry": {"type": "Point", "coordinates": [-73.92869147619706, 40.85372289491013]}}, {"type": "Feature", "properties": {"site_id": "OS109", "Approved On Street": "ACADEMY STREET", "Approved From Street": "BROADWAY", "Approved To Street": "VERMILYEA AVENUE", "Borough Name": "Manhattan", "program_type": "Full Closure", "Organization Name": "Community League of the Heights (CLOTH)", "approved_start": "2024-07-08", "approved_end": "2024-08-16", "approved_days_per_week": 5, "weekly_approved_hours": 40.0, "total_approved_hours": 240.0, "monday_open_min": 480.0, "monday_close_min": 960.0, "monday_schedule": "08:00\u201316:00", "tuesday_open_min": 480.0, "tuesday_close_min": 960.0, "tuesday_schedule": "08:00\u201316:00", "wednesday_open_min": 480.0, "wednesday_close_min": 960.0, "wednesday_schedule": "08:00\u201316:00", "thursday_open_min": 480.0, "thursday_close_min": 960.0, "thursday_schedule": "08:00\u201316:00", "friday_open_min": 480.0, "friday_close_min": 960.0, "friday_schedule": "08:00\u201316:00", "saturday_open_min": null, "saturday_close_min": null, "saturday_schedule": null, "sunday_open_min": null, "sunday_close_min": null, "sunday_schedule": null}, "geometry": {"type": "Point", "coordinates": [-73.92438411016889, 40.86536547539443]}}, {"type": "Feature", "properties": {"site_id": "OS110", "Approved On Street": "ACADEMY STREET", "Approved From Street": "BROADWAY", "Approved To Street": "VERMILYEA AVENUE", "Borough Name": "Manhattan", "program_type": "Full Closure: Schools", "Organization Name": "Muscota New School/Amistad", "approved_start": "2024-09-05", "approved_end": "2025-06-27", "approved_days_per_week": 5, "weekly_approved_hours": 17.5, "total_approved_hours": 742.0, "monday_open_min": 600.0, "monday_close_min": 810.0, "monday_schedule": "10:00\u201313:30", "tuesday_open_min": 600.0, "tuesday_close_min": 810.0, "tuesday_schedule": "10:00\u201313:30", "wednesday_open_min": 600.0, "wednesday_close_min": 810.0, "wednesday_schedule": "10:00\u201313:30", "thursday_open_min": 600.0, "thursday_close_min": 810.0, "thursday_schedule": "10:00\u201313:30", "friday_open_min": 600.0, "friday_close_min": 810.0, "friday_schedule": "10:00\u201313:30", "saturday_open_min": null, "saturday_close_min": null, "saturday_schedule": null, "sunday_open_min": null, "sunday_close_min": null, "sunday_schedule": null}, "geometry": {"type": "Point", "coordinates": [-73.92438411016889, 40.86536547539443]}}, {"type": "Feature", "properties": {"site_id": "OS111", "Approved On Street": "COOPER STREET", "Approved From Street": "WEST 207 STREET", "Approved To Street": "ISHAM STREET", "Borough Name": "Manhattan", "program_type": "Full Closure: Schools", "Organization Name": "School in the Square", "approved_start": "2024-07-01", "approved_end": "2025-06-27", "approved_days_per_week": 3, "weekly_approved_hours": 9.0, "total_approved_hours": 468.0, "monday_open_min": 600.0, "monday_close_min": 780.0, "monday_schedule": "10:00\u201313:00", "tuesday_open_min": 600.0, "tuesday_close_min": 780.0, "tuesday_schedule": "10:00\u201313:00", "wednesday_open_min": null, "wednesday_close_min": null, "wednesday_schedule": null, "thursday_open_min": null, "thursday_close_min": null, "thursday_schedule": null, "friday_open_min": 600.0, "friday_close_min": 780.0, "friday_schedule": "10:00\u201313:00", "saturday_open_min": null, "saturday_close_min": null, "saturday_schedule": null, "sunday_open_min": null, "sunday_close_min": null, "sunday_schedule": null}, "geometry": {"type": "Point", "coordinates": [-73.9217261317312, 40.86849673949897]}}, {"type": "Feature", "properties": {"site_id": "OS112", "Approved On Street": "72 STREET", "Approved From Street": "WOODSIDE AVENUE", "Approved To Street": "43 AVENUE", "Borough Name": "Queens", "program_type": "Full Closure: Schools", "Organization Name": "P.S. 012 James B. Colgate", "approved_start": "2024-09-05", "approved_end": "2025-06-27", "approved_days_per_week": 5, "weekly_approved_hours": 35.0, "total_approved_hours": 1484.0, "monday_open_min": 450.0, "monday_close_min": 870.0, "monday_schedule": "07:30\u201314:30", "tuesday_open_min": 450.0, "tuesday_close_min": 870.0, "tuesday_schedule": "07:30\u201314:30", "wednesday_open_min": 450.0, "wednesday_close_min": 870.0, "wednesday_schedule": "07:30\u201314:30", "thursday_open_min": 450.0, "thursday_close_min": 870.0, "thursday_schedule": "07:30\u201314:30", "friday_open_min": 450.0, "friday_close_min": 870.0, "friday_schedule": "07:30\u201314:30", "saturday_open_min": null, "saturday_close_min": null, "saturday_schedule": null, "sunday_open_min": null, "sunday_close_min": null, "sunday_schedule": null}, "geometry": {"type": "Point", "coordinates": [-73.89282064638911, 40.74274053441509]}}, {"type": "Feature", "properties": {"site_id": "OS113", "Approved On Street": "62 STREET", "Approved From Street": "WOODSIDE AVENUE", "Approved To Street": "DEAD END", "Borough Name": "Queens", "program_type": "Full Closure", "Organization Name": "Korean Art Forum, Inc (aka. Korea Art Forum)", "approved_start": "2024-03-31", "approved_end": "2024-04-21", "approved_days_per_week": 1, "weekly_approved_hours": 6.0, "total_approved_hours": 24.0, "monday_open_min": null, "monday_close_min": null, "monday_schedule": null, "tuesday_open_min": null, "tuesday_close_min": null, "tuesday_schedule": null, "wednesday_open_min": null, "wednesday_close_min": null, "wednesday_schedule": null, "thursday_open_min": null, "thursday_close_min": null, "thursday_schedule": null, "friday_open_min": null, "friday_close_min": null, "friday_schedule": null, "saturday_open_min": null, "saturday_close_min": null, "saturday_schedule": null, "sunday_open_min": 720.0, "sunday_close_min": 1080.0, "sunday_schedule": "12:00\u201318:00"}, "geometry": {"type": "Point", "coordinates": [-73.90242842531859, 40.745069555971476]}}, {"type": "Feature", "properties": {"site_id": "OS114", "Approved On Street": "WOODSIDE AVENUE", "Approved From Street": "76 STREET", "Approved To Street": "79 STREET", "Borough Name": "Queens", "program_type": "Full Closure", "Organization Name": "Thai Community USA NYC", "approved_start": "2024-04-20", "approved_end": "2024-11-02", "approved_days_per_week": 1, "weekly_approved_hours": 8.0, "total_approved_hours": 232.0, "monday_open_min": null, "monday_close_min": null, "monday_schedule": null, "tuesday_open_min": null, "tuesday_close_min": null, "tuesday_schedule": null, "wednesday_open_min": null, "wednesday_close_min": null, "wednesday_schedule": null, "thursday_open_min": null, "thursday_close_min": null, "thursday_schedule": null, "friday_open_min": null, "friday_close_min": null, "friday_schedule": null, "saturday_open_min": 690.0, "saturday_close_min": 1170.0, "saturday_schedule": "11:30\u201319:30", "sunday_open_min": null, "sunday_close_min": null, "sunday_schedule": null}, "geometry": {"type": "Point", "coordinates": [-73.88709844069113, 40.74367591747939]}}, {"type": "Feature", "properties": {"site_id": "OS115", "Approved On Street": "BRITTON AVENUE", "Approved From Street": "HAMPTON STREET", "Approved To Street": "GLEANE STREET", "Borough Name": "Queens", "program_type": "Full Closure: Schools", "Organization Name": "PS89Q: The Jose Peralta School of Dreamers (24Q089)", "approved_start": "2024-07-05", "approved_end": "2025-06-27", "approved_days_per_week": 5, "weekly_approved_hours": 32.083333333333336, "total_approved_hours": 1642.6666666666667, "monday_open_min": 465.0, "monday_close_min": 850.0, "monday_schedule": "07:45\u201314:10", "tuesday_open_min": 465.0, "tuesday_close_min": 850.0, "tuesday_schedule": "07:45\u201314:10", "wednesday_open_min": 465.0, "wednesday_close_min": 850.0, "wednesday_schedule": "07:45\u201314:10", "thursday_open_min": 465.0, "thursday_close_min": 850.0, "thursday_schedule": "07:45\u201314:10", "friday_open_min": 465.0, "friday_close_min": 850.0, "friday_schedule": "07:45\u201314:10", "saturday_open_min": null, "saturday_close_min": null, "saturday_schedule": null, "sunday_open_min": null, "sunday_close_min": null, "sunday_schedule": null}, "geometry": {"type": "Point", "coordinates": [-73.88028404017506, 40.7458354137675]}}, {"type": "Feature", "properties": {"site_id": "OS116", "Approved On Street": "94 STREET", "Approved From Street": "BENHAM STREET", "Approved To Street": "40 DRIVE", "Borough Name": "Queens", "program_type": "Full Closure: Schools", "Organization Name": "Moving Up Children Center", "approved_start": "2024-09-05", "approved_end": "2025-06-27", "approved_days_per_week": 5, "weekly_approved_hours": 20.0, "total_approved_hours": 848.0, "monday_open_min": 480.0, "monday_close_min": 720.0, "monday_schedule": "08:00\u201312:00", "tuesday_open_min": 480.0, "tuesday_close_min": 720.0, "tuesday_schedule": "08:00\u201312:00", "wednesday_open_min": 480.0, "wednesday_close_min": 720.0, "wednesday_schedule": "08:00\u201312:00", "thursday_open_min": 480.0, "thursday_close_min": 720.0, "thursday_schedule": "08:00\u201312:00", "friday_open_min": 480.0, "friday_close_min": 720.0, "friday_schedule": "08:00\u201312:00", "saturday_open_min": null, "saturday_close_min": null, "saturday_schedule": null, "sunday_open_min": null, "sunday_close_min": null, "sunday_schedule": null}, "geometry": {"type": "Point", "coordinates": [-73.87206844655077, 40.74748065043448]}}, {"type": "Feature", "properties": {"site_id": "OS117", "Approved On Street": "LONGFELLOW AVENUE", "Approved From Street": "LAFAYETTE AVENUE", "Approved To Street": "SPOFFORD AVENUE", "Borough Name": "Bronx", "program_type": "Full Closure: Schools", "Organization Name": "Leaders In Our Neighborhood Charter School", "approved_start": "2024-09-05", "approved_end": "2025-06-27", "approved_days_per_week": 5, "weekly_approved_hours": 10.0, "total_approved_hours": 424.0, "monday_open_min": 660.0, "monday_close_min": 780.0, "monday_schedule": "11:00\u201313:00", "tuesday_open_min": 660.0, "tuesday_close_min": 780.0, "tuesday_schedule": "11:00\u201313:00", "wednesday_open_min": 660.0, "wednesday_close_min": 780.0, "wednesday_schedule": "11:00\u201313:00", "thursday_open_min": 660.0, "thursday_close_min": 780.0, "thursday_schedule": "11:00\u201313:00", "friday_open_min": 660.0, "friday_close_min": 780.0, "friday_schedule": "11:00\u201313:00", "saturday_open_min": null, "saturday_close_min": null, "saturday_schedule": null, "sunday_open_min": null, "sunday_close_min": null, "sunday_schedule": null}, "geometry": {"type": "Point", "coordinates": [-73.88464175169496, 40.81478227806044]}}, {"type": "Feature", "properties": {"site_id": "OS118", "Approved On Street": "JENNINGS STREET", "Approved From Street": "PROSPECT AVENUE", "Approved To Street": "CHISHOLM STREET", "Borough Name": "Bronx", "program_type": "Full Closure", "Organization Name": "Caldwell Enrichment Program Inc.", "approved_start": "2024-06-08", "approved_end": "2024-10-31", "approved_days_per_week": 6, "weekly_approved_hours": 46.0, "total_approved_hours": 958.0, "monday_open_min": 660.0, "monday_close_min": 1140.0, "monday_schedule": "11:00\u201319:00", "tuesday_open_min": 660.0, "tuesday_close_min": 1140.0, "tuesday_schedule": "11:00\u201319:00", "wednesday_open_min": 660.0, "wednesday_close_min": 1140.0, "wednesday_schedule": "11:00\u201319:00", "thursday_open_min": 660.0, "thursday_close_min": 1140.0, "thursday_schedule": "11:00\u201319:00", "friday_open_min": 660.0, "friday_close_min": 1140.0, "friday_schedule": "11:00\u201319:00", "saturday_open_min": 780.0, "saturday_close_min": 1140.0, "saturday_schedule": "13:00\u201319:00", "sunday_open_min": null, "sunday_close_min": null, "sunday_schedule": null}, "geometry": {"type": "Point", "coordinates": [-73.89587182341708, 40.832047594302374]}}, {"type": "Feature", "properties": {"site_id": "OS119", "Approved On Street": "BATHGATE AVENUE", "Approved From Street": "EAST 182 STREET", "Approved To Street": "EAST 181 STREET", "Borough Name": "Bronx", "program_type": "Full Closure: Schools", "Organization Name": "PS 59 Community School of Technology", "approved_start": "2024-09-05", "approved_end": "2025-06-27", "approved_days_per_week": 1, "weekly_approved_hours": 9.0, "total_approved_hours": 378.0, "monday_open_min": 450.0, "monday_close_min": 990.0, "monday_schedule": "07:30\u201316:30", "tuesday_open_min": null, "tuesday_close_min": null, "tuesday_schedule": null, "wednesday_open_min": null, "wednesday_close_min": null, "wednesday_schedule": null, "thursday_open_min": null, "thursday_close_min": null, "thursday_schedule": null, "friday_open_min": null, "friday_close_min": null, "friday_schedule": null, "saturday_open_min": null, "saturday_close_min": null, "saturday_schedule": null, "sunday_open_min": null, "sunday_close_min": null, "sunday_schedule": null}, "geometry": {"type": "Point", "coordinates": [-73.89431774086066, 40.851891311259045]}}, {"type": "Feature", "properties": {"site_id": "OS120", "Approved On Street": "BEAUMONT AVENUE", "Approved From Street": "EAST 183 STREET", "Approved To Street": "GROTE STREET", "Borough Name": "Bronx", "program_type": "Full Closure: Schools", "Organization Name": "P.S. 32 The Belmont School", "approved_start": "2024-03-01", "approved_end": "2025-06-27", "approved_days_per_week": 1, "weekly_approved_hours": 8.0, "total_approved_hours": 552.0, "monday_open_min": null, "monday_close_min": null, "monday_schedule": null, "tuesday_open_min": 480.0, "tuesday_close_min": 960.0, "tuesday_schedule": "08:00\u201316:00", "wednesday_open_min": null, "wednesday_close_min": null, "wednesday_schedule": null, "thursday_open_min": null, "thursday_close_min": null, "thursday_schedule": null, "friday_open_min": null, "friday_close_min": null, "friday_schedule": null, "saturday_open_min": null, "saturday_close_min": null, "saturday_schedule": null, "sunday_open_min": null, "sunday_close_min": null, "sunday_schedule": null}, "geometry": {"type": "Point", "coordinates": [-73.88554330591762, 40.851998256449555]}}, {"type": "Feature", "properties": {"site_id": "OS121", "Approved On Street": "EVELYN PLACE", "Approved From Street": "GRAND AVENUE", "Approved To Street": "AQUEDUCT AVENUE EAST", "Borough Name": "Bronx", "program_type": "Full Closure", "Organization Name": "I AM MY COMMUNITY INC", "approved_start": "2024-05-11", "approved_end": "2024-11-30", "approved_days_per_week": 7, "weekly_approved_hours": 91.0, "total_approved_hours": 2652.0, "monday_open_min": 480.0, "monday_close_min": 1260.0, "monday_schedule": "08:00\u201321:00", "tuesday_open_min": 480.0, "tuesday_close_min": 1260.0, "tuesday_schedule": "08:00\u201321:00", "wednesday_open_min": 480.0, "wednesday_close_min": 1260.0, "wednesday_schedule": "08:00\u201321:00", "thursday_open_min": 480.0, "thursday_close_min": 1260.0, "thursday_schedule": "08:00\u201321:00", "friday_open_min": 480.0, "friday_close_min": 1260.0, "friday_schedule": "08:00\u201321:00", "saturday_open_min": 480.0, "saturday_close_min": 1260.0, "saturday_schedule": "08:00\u201321:00", "sunday_open_min": 480.0, "sunday_close_min": 1260.0, "sunday_schedule": "08:00\u201321:00"}, "geometry": {"type": "Point", "coordinates": [-73.9062521087703, 40.85996234735367]}}, {"type": "Feature", "properties": {"site_id": "OS122", "Approved On Street": "FIELD PLACE", "Approved From Street": "CRESTON AVENUE", "Approved To Street": "MORRIS AVENUE", "Borough Name": "Bronx", "program_type": "Full Closure: Schools", "Organization Name": "Public School 363 (10X363/APLE)", "approved_start": "2024-09-05", "approved_end": "2025-06-27", "approved_days_per_week": 5, "weekly_approved_hours": 45.0, "total_approved_hours": 1908.0, "monday_open_min": 450.0, "monday_close_min": 990.0, "monday_schedule": "07:30\u201316:30", "tuesday_open_min": 450.0, "tuesday_close_min": 990.0, "tuesday_schedule": "07:30\u201316:30", "wednesday_open_min": 450.0, "wednesday_close_min": 990.0, "wednesday_schedule": "07:30\u201316:30", "thursday_open_min": 450.0, "thursday_close_min": 990.0, "thursday_schedule": "07:30\u201316:30", "friday_open_min": 450.0, "friday_close_min": 990.0, "friday_schedule": "07:30\u201316:30", "saturday_open_min": null, "saturday_close_min": null, "saturday_schedule": null, "sunday_open_min": null, "sunday_close_min": null, "sunday_schedule": null}, "geometry": {"type": "Point", "coordinates": [-73.90019240082604, 40.8590161796035]}}, {"type": "Feature", "properties": {"site_id": "OS123", "Approved On Street": "DECATUR AVENUE", "Approved From Street": "EAST 194 STREET", "Approved To Street": "EAST 195 STREET", "Borough Name": "Bronx", "program_type": "Full Closure", "Organization Name": "Decatur Block Association", "approved_start": "2024-06-01", "approved_end": "2024-08-24", "approved_days_per_week": 3, "weekly_approved_hours": 19.5, "total_approved_hours": 234.0, "monday_open_min": null, "monday_close_min": null, "monday_schedule": null, "tuesday_open_min": null, "tuesday_close_min": null, "tuesday_schedule": null, "wednesday_open_min": 600.0, "wednesday_close_min": 990.0, "wednesday_schedule": "10:00\u201316:30", "thursday_open_min": 600.0, "thursday_close_min": 990.0, "thursday_schedule": "10:00\u201316:30", "friday_open_min": 600.0, "friday_close_min": 990.0, "friday_schedule": "10:00\u201316:30", "saturday_open_min": null, "saturday_close_min": null, "saturday_schedule": null, "sunday_open_min": null, "sunday_close_min": null, "sunday_schedule": null}, "geometry": {"type": "Point", "coordinates": [-73.89016163710265, 40.863476362330644]}}, {"type": "Feature", "properties": {"site_id": "OS124", "Approved On Street": "50 AVENUE", "Approved From Street": "99 STREET", "Approved To Street": "98 STREET", "Borough Name": "Queens", "program_type": "Full Closure: Schools", "Organization Name": "I.S.61Q Leonardo Da Vinci", "approved_start": "2024-09-05", "approved_end": "2025-06-27", "approved_days_per_week": 5, "weekly_approved_hours": 38.333333333333336, "total_approved_hours": 1625.3333333333335, "monday_open_min": 470.0, "monday_close_min": 930.0, "monday_schedule": "07:50\u201315:30", "tuesday_open_min": 470.0, "tuesday_close_min": 930.0, "tuesday_schedule": "07:50\u201315:30", "wednesday_open_min": 470.0, "wednesday_close_min": 930.0, "wednesday_schedule": "07:50\u201315:30", "thursday_open_min": 470.0, "thursday_close_min": 930.0, "thursday_schedule": "07:50\u201315:30", "friday_open_min": 470.0, "friday_close_min": 930.0, "friday_schedule": "07:50\u201315:30", "saturday_open_min": null, "saturday_close_min": null, "saturday_schedule": null, "sunday_open_min": null, "sunday_close_min": null, "sunday_schedule": null}, "geometry": {"type": "Point", "coordinates": [-73.86424055514564, 40.74245625017027]}}, {"type": "Feature", "properties": {"site_id": "OS125", "Approved On Street": "VAN DOREN STREET", "Approved From Street": "OTIS AVENUE", "Approved To Street": "MARTENSE AVENUE", "Borough Name": "Queens", "program_type": "Full Closure: Schools", "Organization Name": "PS14Q Fairview School", "approved_start": "2024-09-05", "approved_end": "2025-06-27", "approved_days_per_week": 5, "weekly_approved_hours": 38.75, "total_approved_hours": 1643.0, "monday_open_min": 450.0, "monday_close_min": 915.0, "monday_schedule": "07:30\u201315:15", "tuesday_open_min": 450.0, "tuesday_close_min": 915.0, "tuesday_schedule": "07:30\u201315:15", "wednesday_open_min": 450.0, "wednesday_close_min": 915.0, "wednesday_schedule": "07:30\u201315:15", "thursday_open_min": 450.0, "thursday_close_min": 915.0, "thursday_schedule": "07:30\u201315:15", "friday_open_min": 450.0, "friday_close_min": 915.0, "friday_schedule": "07:30\u201315:15", "saturday_open_min": null, "saturday_close_min": null, "saturday_schedule": null, "sunday_open_min": null, "sunday_close_min": null, "sunday_schedule": null}, "geometry": {"type": "Point", "coordinates": [-73.85417520017258, 40.74045647881662]}}, {"type": "Feature", "properties": {"site_id": "OS126", "Approved On Street": "OTIS AVENUE", "Approved From Street": "VAN DOREN STREET", "Approved To Street": "108 STREET", "Borough Name": "Queens", "program_type": "Full Closure: Schools", "Organization Name": "PS14Q Fairview School", "approved_start": "2024-09-05", "approved_end": "2025-06-27", "approved_days_per_week": 5, "weekly_approved_hours": 38.75, "total_approved_hours": 1643.0, "monday_open_min": 450.0, "monday_close_min": 915.0, "monday_schedule": "07:30\u201315:15", "tuesday_open_min": 450.0, "tuesday_close_min": 915.0, "tuesday_schedule": "07:30\u201315:15", "wednesday_open_min": 450.0, "wednesday_close_min": 915.0, "wednesday_schedule": "07:30\u201315:15", "thursday_open_min": 450.0, "thursday_close_min": 915.0, "thursday_schedule": "07:30\u201315:15", "friday_open_min": 450.0, "friday_close_min": 915.0, "friday_schedule": "07:30\u201315:15", "saturday_open_min": null, "saturday_close_min": null, "saturday_schedule": null, "sunday_open_min": null, "sunday_close_min": null, "sunday_schedule": null}, "geometry": {"type": "Point", "coordinates": [-73.85417520017258, 40.74045647881662]}}, {"type": "Feature", "properties": {"site_id": "OS127", "Approved On Street": "9 AVENUE", "Approved From Street": "128 STREET", "Approved To Street": "129 STREET", "Borough Name": "Queens", "program_type": "Full Closure: Schools", "Organization Name": "PS 129", "approved_start": "2024-03-08", "approved_end": "2025-06-27", "approved_days_per_week": 4, "weekly_approved_hours": 36.0, "total_approved_hours": 2457.0, "monday_open_min": 450.0, "monday_close_min": 990.0, "monday_schedule": "07:30\u201316:30", "tuesday_open_min": null, "tuesday_close_min": null, "tuesday_schedule": null, "wednesday_open_min": 450.0, "wednesday_close_min": 990.0, "wednesday_schedule": "07:30\u201316:30", "thursday_open_min": 450.0, "thursday_close_min": 990.0, "thursday_schedule": "07:30\u201316:30", "friday_open_min": 450.0, "friday_close_min": 990.0, "friday_schedule": "07:30\u201316:30", "saturday_open_min": null, "saturday_close_min": null, "saturday_schedule": null, "sunday_open_min": null, "sunday_close_min": null, "sunday_schedule": null}, "geometry": {"type": "Point", "coordinates": [-73.83999984516475, 40.789251996543044]}}, {"type": "Feature", "properties": {"site_id": "OS128", "Approved On Street": "BOLTON AVENUE", "Approved From Street": "LAFAYETTE AVENUE", "Approved To Street": "STORY AVENUE", "Borough Name": "Bronx", "program_type": "Full Closure", "Organization Name": "Frontline Nutrition Services", "approved_start": "2024-08-03", "approved_end": "2024-08-24", "approved_days_per_week": 1, "weekly_approved_hours": 7.0, "total_approved_hours": 28.0, "monday_open_min": null, "monday_close_min": null, "monday_schedule": null, "tuesday_open_min": null, "tuesday_close_min": null, "tuesday_schedule": null, "wednesday_open_min": null, "wednesday_close_min": null, "wednesday_schedule": null, "thursday_open_min": null, "thursday_close_min": null, "thursday_schedule": null, "friday_open_min": null, "friday_close_min": null, "friday_schedule": null, "saturday_open_min": 660.0, "saturday_close_min": 1080.0, "saturday_schedule": "11:00\u201318:00", "sunday_open_min": null, "sunday_close_min": null, "sunday_schedule": null}, "geometry": {"type": "Point", "coordinates": [-73.8592616200388, 40.8218818453363]}}, {"type": "Feature", "properties": {"site_id": "OS129", "Approved On Street": "RHINELANDER AVENUE", "Approved From Street": "BOGART AVENUE", "Approved To Street": "RADCLIFF AVENUE", "Borough Name": "Bronx", "program_type": "Full Closure: Schools", "Organization Name": "P.S. 83 The Donald Hertz School", "approved_start": "2024-09-05", "approved_end": "2025-06-27", "approved_days_per_week": 5, "weekly_approved_hours": 20.0, "total_approved_hours": 848.0, "monday_open_min": 600.0, "monday_close_min": 840.0, "monday_schedule": "10:00\u201314:00", "tuesday_open_min": 600.0, "tuesday_close_min": 840.0, "tuesday_schedule": "10:00\u201314:00", "wednesday_open_min": 600.0, "wednesday_close_min": 840.0, "wednesday_schedule": "10:00\u201314:00", "thursday_open_min": 600.0, "thursday_close_min": 840.0, "thursday_schedule": "10:00\u201314:00", "friday_open_min": 600.0, "friday_close_min": 840.0, "friday_schedule": "10:00\u201314:00", "saturday_open_min": null, "saturday_close_min": null, "saturday_schedule": null, "sunday_open_min": null, "sunday_close_min": null, "sunday_schedule": null}, "geometry": {"type": "Point", "coordinates": [-73.8586172345919, 40.84968784772023]}}, {"type": "Feature", "properties": {"site_id": "OS130", "Approved On Street": "155 STREET", "Approved From Street": "65 AVENUE", "Approved To Street": "DEAD END", "Borough Name": "Queens", "program_type": "Full Closure: Schools", "Organization Name": "PS201 Q", "approved_start": "2024-02-05", "approved_end": "2024-06-28", "approved_days_per_week": 5, "weekly_approved_hours": 50.0, "total_approved_hours": 1050.0, "monday_open_min": 450.0, "monday_close_min": 1050.0, "monday_schedule": "07:30\u201317:30", "tuesday_open_min": 450.0, "tuesday_close_min": 1050.0, "tuesday_schedule": "07:30\u201317:30", "wednesday_open_min": 450.0, "wednesday_close_min": 1050.0, "wednesday_schedule": "07:30\u201317:30", "thursday_open_min": 450.0, "thursday_close_min": 1050.0, "thursday_schedule": "07:30\u201317:30", "friday_open_min": 450.0, "friday_close_min": 1050.0, "friday_schedule": "07:30\u201317:30", "saturday_open_min": null, "saturday_close_min": null, "saturday_schedule": null, "sunday_open_min": null, "sunday_close_min": null, "sunday_schedule": null}, "geometry": {"type": "Point", "coordinates": [-73.81332953570728, 40.73710230076505]}}, {"type": "Feature", "properties": {"site_id": "OS131", "Approved On Street": "136 STREET", "Approved From Street": "58 AVENUE", "Approved To Street": "58 ROAD", "Borough Name": "Queens", "program_type": "Full Closure: Schools", "Organization Name": "P.S. 120 Queens", "approved_start": "2024-01-01", "approved_end": "2025-06-27", "approved_days_per_week": 5, "weekly_approved_hours": 26.25, "total_approved_hours": 2047.5, "monday_open_min": 510.0, "monday_close_min": 825.0, "monday_schedule": "08:30\u201313:45", "tuesday_open_min": 510.0, "tuesday_close_min": 825.0, "tuesday_schedule": "08:30\u201313:45", "wednesday_open_min": 510.0, "wednesday_close_min": 825.0, "wednesday_schedule": "08:30\u201313:45", "thursday_open_min": 510.0, "thursday_close_min": 825.0, "thursday_schedule": "08:30\u201313:45", "friday_open_min": 510.0, "friday_close_min": 825.0, "friday_schedule": "08:30\u201313:45", "saturday_open_min": null, "saturday_close_min": null, "saturday_schedule": null, "sunday_open_min": null, "sunday_close_min": null, "sunday_schedule": null}, "geometry": {"type": "Point", "coordinates": [-73.82941823423873, 40.74493227188409]}}, {"type": "Feature", "properties": {"site_id": "OS132", "Approved On Street": "BARTON AVENUE", "Approved From Street": "149 PLACE", "Approved To Street": "150 STREET", "Borough Name": "Queens", "program_type": "Full Closure", "Organization Name": "Asian American Federation", "approved_start": "2024-03-15", "approved_end": "2024-11-15", "approved_days_per_week": 3, "weekly_approved_hours": 40.0, "total_approved_hours": 1414.0, "monday_open_min": null, "monday_close_min": null, "monday_schedule": null, "tuesday_open_min": null, "tuesday_close_min": null, "tuesday_schedule": null, "wednesday_open_min": null, "wednesday_close_min": null, "wednesday_schedule": null, "thursday_open_min": null, "thursday_close_min": null, "thursday_schedule": null, "friday_open_min": 540.0, "friday_close_min": 1380.0, "friday_schedule": "09:00\u201323:00", "saturday_open_min": 540.0, "saturday_close_min": 1380.0, "saturday_schedule": "09:00\u201323:00", "sunday_open_min": 540.0, "sunday_close_min": 1260.0, "sunday_schedule": "09:00\u201321:00"}, "geometry": {"type": "Point", "coordinates": [-73.81501666744683, 40.762850473085415]}}, {"type": "Feature", "properties": {"site_id": "OS133", "Approved On Street": "110 AVENUE", "Approved From Street": "180 STREET", "Approved To Street": "DEAD END", "Borough Name": "Queens", "program_type": "Full Closure", "Organization Name": "ADDISLEIGH PARK CIVIC ORGANIZATION", "approved_start": "2024-06-22", "approved_end": "2024-11-30", "approved_days_per_week": 7, "weekly_approved_hours": 59.0, "total_approved_hours": 1365.0, "monday_open_min": 600.0, "monday_close_min": 1140.0, "monday_schedule": "10:00\u201319:00", "tuesday_open_min": 600.0, "tuesday_close_min": 1140.0, "tuesday_schedule": "10:00\u201319:00", "wednesday_open_min": 600.0, "wednesday_close_min": 1140.0, "wednesday_schedule": "10:00\u201319:00", "thursday_open_min": 600.0, "thursday_close_min": 1140.0, "thursday_schedule": "10:00\u201319:00", "friday_open_min": 600.0, "friday_close_min": 1140.0, "friday_schedule": "10:00\u201319:00", "saturday_open_min": 540.0, "saturday_close_min": 1020.0, "saturday_schedule": "09:00\u201317:00", "sunday_open_min": 720.0, "sunday_close_min": 1080.0, "sunday_schedule": "12:00\u201318:00"}, "geometry": {"type": "Point", "coordinates": [-73.77395659522011, 40.699805780409655]}}, {"type": "Feature", "properties": {"site_id": "OS134", "Approved On Street": "MURDOCK AVENUE", "Approved From Street": "180 STREET", "Approved To Street": "DEAD END", "Borough Name": "Queens", "program_type": "Full Closure", "Organization Name": "Addisleigh Park Civic Organization", "approved_start": "2024-01-01", "approved_end": "2024-12-31", "approved_days_per_week": 7, "weekly_approved_hours": 91.0, "total_approved_hours": 4758.0, "monday_open_min": 540.0, "monday_close_min": 1320.0, "monday_schedule": "09:00\u201322:00", "tuesday_open_min": 540.0, "tuesday_close_min": 1320.0, "tuesday_schedule": "09:00\u201322:00", "wednesday_open_min": 540.0, "wednesday_close_min": 1320.0, "wednesday_schedule": "09:00\u201322:00", "thursday_open_min": 540.0, "thursday_close_min": 1320.0, "thursday_schedule": "09:00\u201322:00", "friday_open_min": 540.0, "friday_close_min": 1320.0, "friday_schedule": "09:00\u201322:00", "saturday_open_min": 540.0, "saturday_close_min": 1320.0, "saturday_schedule": "09:00\u201322:00", "sunday_open_min": 540.0, "sunday_close_min": 1320.0, "sunday_schedule": "09:00\u201322:00"}, "geometry": {"type": "Point", "coordinates": [-73.76997093937987, 40.69627023261931]}}, {"type": "Feature", "properties": {"site_id": "OS135", "Approved On Street": "34 AVENUE", "Approved From Street": "69 STREET", "Approved To Street": "JUNCTION BOULEVARD", "Borough Name": "Queens", "program_type": "Limited Local Access", "Organization Name": "34th Avenue Open Streets Coalition", "approved_start": "2024-02-01", "approved_end": "2024-12-31", "approved_days_per_week": 7, "weekly_approved_hours": 91.0, "total_approved_hours": 4355.0, "monday_open_min": 420.0, "monday_close_min": 1200.0, "monday_schedule": "07:00\u201320:00", "tuesday_open_min": 420.0, "tuesday_close_min": 1200.0, "tuesday_schedule": "07:00\u201320:00", "wednesday_open_min": 420.0, "wednesday_close_min": 1200.0, "wednesday_schedule": "07:00\u201320:00", "thursday_open_min": 420.0, "thursday_close_min": 1200.0, "thursday_schedule": "07:00\u201320:00", "friday_open_min": 420.0, "friday_close_min": 1200.0, "friday_schedule": "07:00\u201320:00", "saturday_open_min": 420.0, "saturday_close_min": 1200.0, "saturday_schedule": "07:00\u201320:00", "sunday_open_min": 420.0, "sunday_close_min": 1200.0, "sunday_schedule": "07:00\u201320:00"}, "geometry": {"type": "Point", "coordinates": [-73.88502886804369, 40.75368580414008]}}, {"type": "Feature", "properties": {"site_id": "OS136", "Approved On Street": "18 STREET", "Approved From Street": "7 AVENUE", "Approved To Street": "6 AVENUE", "Borough Name": "Brooklyn", "program_type": "Full Closure: Schools", "Organization Name": "Middle School 88", "approved_start": "2024-09-05", "approved_end": "2025-06-27", "approved_days_per_week": 5, "weekly_approved_hours": 15.0, "total_approved_hours": 636.0, "monday_open_min": 630.0, "monday_close_min": 810.0, "monday_schedule": "10:30\u201313:30", "tuesday_open_min": 630.0, "tuesday_close_min": 810.0, "tuesday_schedule": "10:30\u201313:30", "wednesday_open_min": 630.0, "wednesday_close_min": 810.0, "wednesday_schedule": "10:30\u201313:30", "thursday_open_min": 630.0, "thursday_close_min": 810.0, "thursday_schedule": "10:30\u201313:30", "friday_open_min": 630.0, "friday_close_min": 810.0, "friday_schedule": "10:30\u201313:30", "saturday_open_min": null, "saturday_close_min": null, "saturday_schedule": null, "sunday_open_min": null, "sunday_close_min": null, "sunday_schedule": null}, "geometry": {"type": "Point", "coordinates": [-73.98787862270379, 40.660734440172234]}}, {"type": "Feature", "properties": {"site_id": "OS137", "Approved On Street": "7 STREET", "Approved From Street": "4 AVENUE", "Approved To Street": "5 AVENUE", "Borough Name": "Brooklyn", "program_type": "Full Closure: Schools", "Organization Name": "PS 118", "approved_start": "2024-04-17", "approved_end": "2025-06-27", "approved_days_per_week": 5, "weekly_approved_hours": 45.0, "total_approved_hours": 2817.0, "monday_open_min": 450.0, "monday_close_min": 990.0, "monday_schedule": "07:30\u201316:30", "tuesday_open_min": 450.0, "tuesday_close_min": 990.0, "tuesday_schedule": "07:30\u201316:30", "wednesday_open_min": 450.0, "wednesday_close_min": 990.0, "wednesday_schedule": "07:30\u201316:30", "thursday_open_min": 450.0, "thursday_close_min": 990.0, "thursday_schedule": "07:30\u201316:30", "friday_open_min": 450.0, "friday_close_min": 990.0, "friday_schedule": "07:30\u201316:30", "saturday_open_min": null, "saturday_close_min": null, "saturday_schedule": null, "sunday_open_min": null, "sunday_close_min": null, "sunday_schedule": null}, "geometry": {"type": "Point", "coordinates": [-73.98764894288934, 40.67152199137228]}}, {"type": "Feature", "properties": {"site_id": "OS138", "Approved On Street": "SUFFOLK STREET", "Approved From Street": "RIVINGTON STREET", "Approved To Street": "DELANCEY STREET", "Borough Name": "Manhattan", "program_type": "Full Closure", "Organization Name": "Salsa Stories", "approved_start": "2024-08-11", "approved_end": "2024-09-15", "approved_days_per_week": 1, "weekly_approved_hours": 3.5, "total_approved_hours": 21.0, "monday_open_min": null, "monday_close_min": null, "monday_schedule": null, "tuesday_open_min": null, "tuesday_close_min": null, "tuesday_schedule": null, "wednesday_open_min": null, "wednesday_close_min": null, "wednesday_schedule": null, "thursday_open_min": null, "thursday_close_min": null, "thursday_schedule": null, "friday_open_min": null, "friday_close_min": null, "friday_schedule": null, "saturday_open_min": null, "saturday_close_min": null, "saturday_schedule": null, "sunday_open_min": 960.0, "sunday_close_min": 1170.0, "sunday_schedule": "16:00\u201319:30"}, "geometry": {"type": "Point", "coordinates": [-73.9859109239171, 40.71933897360257]}}, {"type": "Feature", "properties": {"site_id": "OS139", "Approved On Street": "EAST 73 STREET", "Approved From Street": "LEXINGTON AVENUE", "Approved To Street": "PARK AVENUE", "Borough Name": "Manhattan", "program_type": "Full Closure: Schools", "Organization Name": "The Buckley School", "approved_start": "2024-07-01", "approved_end": "2025-06-27", "approved_days_per_week": 5, "weekly_approved_hours": 25.0, "total_approved_hours": 1300.0, "monday_open_min": 540.0, "monday_close_min": 840.0, "monday_schedule": "09:00\u201314:00", "tuesday_open_min": 540.0, "tuesday_close_min": 840.0, "tuesday_schedule": "09:00\u201314:00", "wednesday_open_min": 540.0, "wednesday_close_min": 840.0, "wednesday_schedule": "09:00\u201314:00", "thursday_open_min": 540.0, "thursday_close_min": 840.0, "thursday_schedule": "09:00\u201314:00", "friday_open_min": 540.0, "friday_close_min": 840.0, "friday_schedule": "09:00\u201314:00", "saturday_open_min": null, "saturday_close_min": null, "saturday_schedule": null, "sunday_open_min": null, "sunday_close_min": null, "sunday_schedule": null}, "geometry": {"type": "Point", "coordinates": [-73.9632139725931, 40.77174036980946]}}, {"type": "Feature", "properties": {"site_id": "OS140", "Approved On Street": "EAST 78 STREET", "Approved From Street": "PARK AVENUE", "Approved To Street": "LEXINGTON AVENUE", "Borough Name": "Manhattan", "program_type": "Full Closure: Schools", "Organization Name": "The Allen-Stevenson School", "approved_start": "2024-09-05", "approved_end": "2025-06-27", "approved_days_per_week": 5, "weekly_approved_hours": 40.0, "total_approved_hours": 1696.0, "monday_open_min": 450.0, "monday_close_min": 930.0, "monday_schedule": "07:30\u201315:30", "tuesday_open_min": 450.0, "tuesday_close_min": 930.0, "tuesday_schedule": "07:30\u201315:30", "wednesday_open_min": 450.0, "wednesday_close_min": 930.0, "wednesday_schedule": "07:30\u201315:30", "thursday_open_min": 450.0, "thursday_close_min": 930.0, "thursday_schedule": "07:30\u201315:30", "friday_open_min": 450.0, "friday_close_min": 930.0, "friday_schedule": "07:30\u201315:30", "saturday_open_min": null, "saturday_close_min": null, "saturday_schedule": null, "sunday_open_min": null, "sunday_close_min": null, "sunday_schedule": null}, "geometry": {"type": "Point", "coordinates": [-73.96090437938227, 40.774909028553154]}}, {"type": "Feature", "properties": {"site_id": "OS141", "Approved On Street": "EAST 91 STREET", "Approved From Street": "PARK AVENUE", "Approved To Street": "MADISON AVENUE", "Borough Name": "Manhattan", "program_type": "Full Closure: Schools", "Organization Name": "The Dalton School", "approved_start": "2024-09-05", "approved_end": "2025-06-27", "approved_days_per_week": 5, "weekly_approved_hours": 17.5, "total_approved_hours": 742.0, "monday_open_min": 630.0, "monday_close_min": 840.0, "monday_schedule": "10:30\u201314:00", "tuesday_open_min": 630.0, "tuesday_close_min": 840.0, "tuesday_schedule": "10:30\u201314:00", "wednesday_open_min": 630.0, "wednesday_close_min": 840.0, "wednesday_schedule": "10:30\u201314:00", "thursday_open_min": 630.0, "thursday_close_min": 840.0, "thursday_schedule": "10:30\u201314:00", "friday_open_min": 630.0, "friday_close_min": 840.0, "friday_schedule": "10:30\u201314:00", "saturday_open_min": null, "saturday_close_min": null, "saturday_schedule": null, "sunday_open_min": null, "sunday_close_min": null, "sunday_schedule": null}, "geometry": {"type": "Point", "coordinates": [-73.95648701141026, 40.78404455137182]}}, {"type": "Feature", "properties": {"site_id": "OS142", "Approved On Street": "EAST 101 STREET", "Approved From Street": "PARK AVENUE", "Approved To Street": "LEXINGTON AVENUE", "Borough Name": "Manhattan", "program_type": "Full Closure", "Organization Name": "Uptown Grand Central", "approved_start": "2024-05-18", "approved_end": "2024-06-29", "approved_days_per_week": 1, "weekly_approved_hours": 8.0, "total_approved_hours": 56.0, "monday_open_min": null, "monday_close_min": null, "monday_schedule": null, "tuesday_open_min": null, "tuesday_close_min": null, "tuesday_schedule": null, "wednesday_open_min": null, "wednesday_close_min": null, "wednesday_schedule": null, "thursday_open_min": null, "thursday_close_min": null, "thursday_schedule": null, "friday_open_min": null, "friday_close_min": null, "friday_schedule": null, "saturday_open_min": 720.0, "saturday_close_min": 1200.0, "saturday_schedule": "12:00\u201320:00", "sunday_open_min": null, "sunday_close_min": null, "sunday_schedule": null}, "geometry": {"type": "Point", "coordinates": [-73.95009123554955, 40.78968413911953]}}, {"type": "Feature", "properties": {"site_id": "OS143", "Approved On Street": "LA SALLE STREET", "Approved From Street": "CLAREMONT AVENUE", "Approved To Street": "BROADWAY", "Borough Name": "Manhattan", "program_type": "Full Closure", "Organization Name": "Morningside Area Alliance", "approved_start": "2024-05-02", "approved_end": "2024-10-31", "approved_days_per_week": 1, "weekly_approved_hours": 5.5, "total_approved_hours": 148.5, "monday_open_min": null, "monday_close_min": null, "monday_schedule": null, "tuesday_open_min": null, "tuesday_close_min": null, "tuesday_schedule": null, "wednesday_open_min": null, "wednesday_close_min": null, "wednesday_schedule": null, "thursday_open_min": 930.0, "thursday_close_min": 1260.0, "thursday_schedule": "15:30\u201321:00", "friday_open_min": null, "friday_close_min": null, "friday_schedule": null, "saturday_open_min": null, "saturday_close_min": null, "saturday_schedule": null, "sunday_open_min": null, "sunday_close_min": null, "sunday_schedule": null}, "geometry": {"type": "Point", "coordinates": [-73.95979225988911, 40.813823474267245]}}, {"type": "Feature", "properties": {"site_id": "OS144", "Approved On Street": "WEST 120 STREET", "Approved From Street": "LENOX AVENUE", "Approved To Street": "MOUNT MORRIS PARK WEST", "Borough Name": "Manhattan", "program_type": "Limited Local Access", "Organization Name": "120 Marcus Meets Malcolm, Inc", "approved_start": "2024-02-01", "approved_end": "2025-01-31", "approved_days_per_week": 7, "weekly_approved_hours": 74.0, "total_approved_hours": 3870.0, "monday_open_min": 600.0, "monday_close_min": 1200.0, "monday_schedule": "10:00\u201320:00", "tuesday_open_min": 600.0, "tuesday_close_min": 1200.0, "tuesday_schedule": "10:00\u201320:00", "wednesday_open_min": 600.0, "wednesday_close_min": 1200.0, "wednesday_schedule": "10:00\u201320:00", "thursday_open_min": 600.0, "thursday_close_min": 1200.0, "thursday_schedule": "10:00\u201320:00", "friday_open_min": 600.0, "friday_close_min": 1320.0, "friday_schedule": "10:00\u201322:00", "saturday_open_min": 600.0, "saturday_close_min": 1320.0, "saturday_schedule": "10:00\u201322:00", "sunday_open_min": 600.0, "sunday_close_min": 1200.0, "sunday_schedule": "10:00\u201320:00"}, "geometry": {"type": "Point", "coordinates": [-73.94613131009999, 40.803877357760726]}}, {"type": "Feature", "properties": {"site_id": "OS145", "Approved On Street": "WEST 124 STREET", "Approved From Street": "MOUNT MORRIS PARK WEST", "Approved To Street": "LENOX AVENUE", "Borough Name": "Manhattan", "program_type": "Full Closure", "Organization Name": "The Police Athletic League", "approved_start": "2024-07-08", "approved_end": "2024-08-22", "approved_days_per_week": 4, "weekly_approved_hours": 20.0, "total_approved_hours": 140.0, "monday_open_min": 660.0, "monday_close_min": 960.0, "monday_schedule": "11:00\u201316:00", "tuesday_open_min": 660.0, "tuesday_close_min": 960.0, "tuesday_schedule": "11:00\u201316:00", "wednesday_open_min": 660.0, "wednesday_close_min": 960.0, "wednesday_schedule": "11:00\u201316:00", "thursday_open_min": 660.0, "thursday_close_min": 960.0, "thursday_schedule": "11:00\u201316:00", "friday_open_min": null, "friday_close_min": null, "friday_schedule": null, "saturday_open_min": null, "saturday_close_min": null, "saturday_schedule": null, "sunday_open_min": null, "sunday_close_min": null, "sunday_schedule": null}, "geometry": {"type": "Point", "coordinates": [-73.94589436249717, 40.807062985541904]}}, {"type": "Feature", "properties": {"site_id": "OS146", "Approved On Street": "235 STREET", "Approved From Street": "120 AVENUE", "Approved To Street": "121 AVENUE", "Borough Name": "Queens", "program_type": "Full Closure: Schools", "Organization Name": "P.S. 176 The Cambria Heights School", "approved_start": "2024-09-05", "approved_end": "2025-06-27", "approved_days_per_week": 5, "weekly_approved_hours": 37.5, "total_approved_hours": 1590.0, "monday_open_min": 450.0, "monday_close_min": 900.0, "monday_schedule": "07:30\u201315:00", "tuesday_open_min": 450.0, "tuesday_close_min": 900.0, "tuesday_schedule": "07:30\u201315:00", "wednesday_open_min": 450.0, "wednesday_close_min": 900.0, "wednesday_schedule": "07:30\u201315:00", "thursday_open_min": 450.0, "thursday_close_min": 900.0, "thursday_schedule": "07:30\u201315:00", "friday_open_min": 450.0, "friday_close_min": 900.0, "friday_schedule": "07:30\u201315:00", "saturday_open_min": null, "saturday_close_min": null, "saturday_schedule": null, "sunday_open_min": null, "sunday_close_min": null, "sunday_schedule": null}, "geometry": {"type": "Point", "coordinates": [-73.7304396947666, 40.68462333808121]}}, {"type": "Feature", "properties": {"site_id": "OS147", "Approved On Street": "WEST 158 STREET", "Approved From Street": "BROADWAY", "Approved To Street": "AMSTERDAM AVENUE", "Borough Name": "Manhattan", "program_type": "Full Closure: Schools", "Organization Name": "NYC DoE - Community Health Academy of the Heights", "approved_start": "2024-09-05", "approved_end": "2025-06-27", "approved_days_per_week": 5, "weekly_approved_hours": 12.25, "total_approved_hours": 519.25, "monday_open_min": 690.0, "monday_close_min": 840.0, "monday_schedule": "11:30\u201314:00", "tuesday_open_min": 690.0, "tuesday_close_min": 840.0, "tuesday_schedule": "11:30\u201314:00", "wednesday_open_min": 690.0, "wednesday_close_min": 840.0, "wednesday_schedule": "11:30\u201314:00", "thursday_open_min": 690.0, "thursday_close_min": 840.0, "thursday_schedule": "11:30\u201314:00", "friday_open_min": 660.0, "friday_close_min": 795.0, "friday_schedule": "11:00\u201313:15", "saturday_open_min": null, "saturday_close_min": null, "saturday_schedule": null, "sunday_open_min": null, "sunday_close_min": null, "sunday_schedule": null}, "geometry": {"type": "Point", "coordinates": [-73.9415772405953, 40.83348746649071]}}, {"type": "Feature", "properties": {"site_id": "OS148", "Approved On Street": "41 AVENUE", "Approved From Street": "75 STREET", "Approved To Street": "76 STREET", "Borough Name": "Queens", "program_type": "Full Closure: Schools", "Organization Name": "NYCDOE Mosaic 3K/Pre-k Center 24Q331 @ Q364", "approved_start": "2024-09-05", "approved_end": "2025-06-27", "approved_days_per_week": 2, "weekly_approved_hours": 6.0, "total_approved_hours": 255.0, "monday_open_min": null, "monday_close_min": null, "monday_schedule": null, "tuesday_open_min": null, "tuesday_close_min": null, "tuesday_schedule": null, "wednesday_open_min": 510.0, "wednesday_close_min": 690.0, "wednesday_schedule": "08:30\u201311:30", "thursday_open_min": null, "thursday_close_min": null, "thursday_schedule": null, "friday_open_min": 510.0, "friday_close_min": 690.0, "friday_schedule": "08:30\u201311:30", "saturday_open_min": null, "saturday_close_min": null, "saturday_schedule": null, "sunday_open_min": null, "sunday_close_min": null, "sunday_schedule": null}, "geometry": {"type": "Point", "coordinates": [-73.89015144589978, 40.74530813979647]}}, {"type": "Feature", "properties": {"site_id": "OS149", "Approved On Street": "110 STREET", "Approved From Street": "34 AVENUE", "Approved To Street": "NORTHERN BOULEVARD", "Borough Name": "Queens", "program_type": "Full Closure: Schools", "Organization Name": "PS 330Q Helen M. Marshall", "approved_start": "2024-09-05", "approved_end": "2025-06-27", "approved_days_per_week": 5, "weekly_approved_hours": 36.25, "total_approved_hours": 1537.0, "monday_open_min": 435.0, "monday_close_min": 870.0, "monday_schedule": "07:15\u201314:30", "tuesday_open_min": 435.0, "tuesday_close_min": 870.0, "tuesday_schedule": "07:15\u201314:30", "wednesday_open_min": 435.0, "wednesday_close_min": 870.0, "wednesday_schedule": "07:15\u201314:30", "thursday_open_min": 435.0, "thursday_close_min": 870.0, "thursday_schedule": "07:15\u201314:30", "friday_open_min": 435.0, "friday_close_min": 870.0, "friday_schedule": "07:15\u201314:30", "saturday_open_min": null, "saturday_close_min": null, "saturday_schedule": null, "sunday_open_min": null, "sunday_close_min": null, "sunday_schedule": null}, "geometry": {"type": "Point", "coordinates": [-73.85882008495498, 40.75653410703103]}}, {"type": "Feature", "properties": {"site_id": "OS150", "Approved On Street": "47 AVENUE", "Approved From Street": "109 STREET", "Approved To Street": "111 STREET", "Borough Name": "Queens", "program_type": "Full Closure: Schools", "Organization Name": "P.S. 28Q The Thomas Emanuel Early Childhood Center", "approved_start": "2024-09-05", "approved_end": "2025-06-27", "approved_days_per_week": 5, "weekly_approved_hours": 40.0, "total_approved_hours": 1696.0, "monday_open_min": 420.0, "monday_close_min": 900.0, "monday_schedule": "07:00\u201315:00", "tuesday_open_min": 420.0, "tuesday_close_min": 900.0, "tuesday_schedule": "07:00\u201315:00", "wednesday_open_min": 420.0, "wednesday_close_min": 900.0, "wednesday_schedule": "07:00\u201315:00", "thursday_open_min": 420.0, "thursday_close_min": 900.0, "thursday_schedule": "07:00\u201315:00", "friday_open_min": 420.0, "friday_close_min": 900.0, "friday_schedule": "07:00\u201315:00", "saturday_open_min": null, "saturday_close_min": null, "saturday_schedule": null, "sunday_open_min": null, "sunday_close_min": null, "sunday_schedule": null}, "geometry": {"type": "Point", "coordinates": [-73.85515353957521, 40.74703827379825]}}, {"type": "Feature", "properties": {"site_id": "OS151", "Approved On Street": "113 STREET", "Approved From Street": "34 AVENUE", "Approved To Street": "37 AVENUE", "Borough Name": "Queens", "program_type": "Full Closure: Schools", "Organization Name": "PS143Q The Louis Armstrong Elementary School", "approved_start": "2024-09-05", "approved_end": "2025-06-27", "approved_days_per_week": 5, "weekly_approved_hours": 32.916666666666664, "total_approved_hours": 1395.6666666666665, "monday_open_min": 475.0, "monday_close_min": 870.0, "monday_schedule": "07:55\u201314:30", "tuesday_open_min": 475.0, "tuesday_close_min": 870.0, "tuesday_schedule": "07:55\u201314:30", "wednesday_open_min": 475.0, "wednesday_close_min": 870.0, "wednesday_schedule": "07:55\u201314:30", "thursday_open_min": 475.0, "thursday_close_min": 870.0, "thursday_schedule": "07:55\u201314:30", "friday_open_min": 475.0, "friday_close_min": 870.0, "friday_schedule": "07:55\u201314:30", "saturday_open_min": null, "saturday_close_min": null, "saturday_schedule": null, "sunday_open_min": null, "sunday_close_min": null, "sunday_schedule": null}, "geometry": {"type": "Point", "coordinates": [-73.85477642117732, 40.75468165973275]}}, {"type": "Feature", "properties": {"site_id": "OS152", "Approved On Street": "BOND STREET", "Approved From Street": "LAFAYETTE STREET", "Approved To Street": "BOWERY", "Borough Name": "Manhattan", "program_type": "Full Closure", "Organization Name": "il Buco", "approved_start": "2024-04-01", "approved_end": "2024-10-31", "approved_days_per_week": 7, "weekly_approved_hours": 58.5, "total_approved_hours": 1781.0, "monday_open_min": 990.0, "monday_close_min": 1380.0, "monday_schedule": "16:30\u201323:00", "tuesday_open_min": 990.0, "tuesday_close_min": 1380.0, "tuesday_schedule": "16:30\u201323:00", "wednesday_open_min": 990.0, "wednesday_close_min": 1380.0, "wednesday_schedule": "16:30\u201323:00", "thursday_open_min": 990.0, "thursday_close_min": 1380.0, "thursday_schedule": "16:30\u201323:00", "friday_open_min": 990.0, "friday_close_min": 1380.0, "friday_schedule": "16:30\u201323:00", "saturday_open_min": 600.0, "saturday_close_min": 1380.0, "saturday_schedule": "10:00\u201323:00", "sunday_open_min": 600.0, "sunday_close_min": 1380.0, "sunday_schedule": "10:00\u201323:00"}, "geometry": {"type": "Point", "coordinates": [-73.99412963258047, 40.72663963721408]}}, {"type": "Feature", "properties": {"site_id": "OS153", "Approved On Street": "HUDSON BOULEVARD EAST", "Approved From Street": "WEST 35 STREET", "Approved To Street": "WEST 36 STREET", "Borough Name": "Manhattan", "program_type": "Limited Local Access", "Organization Name": "Hudson Yards Hell's Kitchen Alliance", "approved_start": "2024-05-01", "approved_end": "2024-11-02", "approved_days_per_week": 6, "weekly_approved_hours": 60.0, "total_approved_hours": 1600.0, "monday_open_min": 480.0, "monday_close_min": 1080.0, "monday_schedule": "08:00\u201318:00", "tuesday_open_min": 480.0, "tuesday_close_min": 1080.0, "tuesday_schedule": "08:00\u201318:00", "wednesday_open_min": 480.0, "wednesday_close_min": 1080.0, "wednesday_schedule": "08:00\u201318:00", "thursday_open_min": 480.0, "thursday_close_min": 1080.0, "thursday_schedule": "08:00\u201318:00", "friday_open_min": 480.0, "friday_close_min": 1080.0, "friday_schedule": "08:00\u201318:00", "saturday_open_min": 480.0, "saturday_close_min": 1080.0, "saturday_schedule": "08:00\u201318:00", "sunday_open_min": null, "sunday_close_min": null, "sunday_schedule": null}, "geometry": {"type": "Point", "coordinates": [-73.99995867710625, 40.75579967668107]}}, {"type": "Feature", "properties": {"site_id": "OS154", "Approved On Street": "EAST 123 STREET", "Approved From Street": "2 AVENUE", "Approved To Street": "3 AVENUE", "Borough Name": "Manhattan", "program_type": "Full Closure", "Organization Name": "Boriken Neighborhood Health Center/ East Harlem Council for Human Services, Inc.", "approved_start": "2024-07-12", "approved_end": "2024-08-30", "approved_days_per_week": 1, "weekly_approved_hours": 6.0, "total_approved_hours": 48.0, "monday_open_min": null, "monday_close_min": null, "monday_schedule": null, "tuesday_open_min": null, "tuesday_close_min": null, "tuesday_schedule": null, "wednesday_open_min": null, "wednesday_close_min": null, "wednesday_schedule": null, "thursday_open_min": null, "thursday_close_min": null, "thursday_schedule": null, "friday_open_min": 600.0, "friday_close_min": 960.0, "friday_schedule": "10:00\u201316:00", "saturday_open_min": null, "saturday_close_min": null, "saturday_schedule": null, "sunday_open_min": null, "sunday_close_min": null, "sunday_schedule": null}, "geometry": {"type": "Point", "coordinates": [-73.93676968378777, 40.80239634306321]}}, {"type": "Feature", "properties": {"site_id": "OS155", "Approved On Street": "CHRISTOPHER STREET", "Approved From Street": "WAVERLY PLACE", "Approved To Street": "7 AVENUE SOUTH", "Borough Name": "Manhattan", "program_type": "Full Closure", "Organization Name": "Kettle of Fish", "approved_start": "2024-04-12", "approved_end": "2025-04-11", "approved_days_per_week": 3, "weekly_approved_hours": 28.0, "total_approved_hours": 1462.0, "monday_open_min": null, "monday_close_min": null, "monday_schedule": null, "tuesday_open_min": null, "tuesday_close_min": null, "tuesday_schedule": null, "wednesday_open_min": null, "wednesday_close_min": null, "wednesday_schedule": null, "thursday_open_min": null, "thursday_close_min": null, "thursday_schedule": null, "friday_open_min": 1020.0, "friday_close_min": 1380.0, "friday_schedule": "17:00\u201323:00", "saturday_open_min": 720.0, "saturday_close_min": 1380.0, "saturday_schedule": "12:00\u201323:00", "sunday_open_min": 720.0, "sunday_close_min": 1380.0, "sunday_schedule": "12:00\u201323:00"}, "geometry": {"type": "Point", "coordinates": [-74.00175809764825, 40.73376824351932]}}, {"type": "Feature", "properties": {"site_id": "OS156", "Approved On Street": "PALISADE PLACE", "Approved From Street": "POPHAM AVENUE", "Approved To Street": "POPHAM AVENUE", "Borough Name": "Bronx", "program_type": "Full Closure: Schools", "Organization Name": "PS 109 Sedgwick School", "approved_start": "2024-09-05", "approved_end": "2025-06-27", "approved_days_per_week": 1, "weekly_approved_hours": 9.0, "total_approved_hours": 378.0, "monday_open_min": 450.0, "monday_close_min": 990.0, "monday_schedule": "07:30\u201316:30", "tuesday_open_min": null, "tuesday_close_min": null, "tuesday_schedule": null, "wednesday_open_min": null, "wednesday_close_min": null, "wednesday_schedule": null, "thursday_open_min": null, "thursday_close_min": null, "thursday_schedule": null, "friday_open_min": null, "friday_close_min": null, "friday_schedule": null, "saturday_open_min": null, "saturday_close_min": null, "saturday_schedule": null, "sunday_open_min": null, "sunday_close_min": null, "sunday_schedule": null}, "geometry": {"type": "Point", "coordinates": [-73.91863790511044, 40.85238196627199]}}, {"type": "Feature", "properties": {"site_id": "OS157", "Approved On Street": "84 AVENUE", "Approved From Street": "168 STREET", "Approved To Street": "164 PLACE", "Borough Name": "Queens", "program_type": "Full Closure: Schools", "Organization Name": "Thomas A. Edison CTE High School", "approved_start": "2024-09-05", "approved_end": "2025-06-27", "approved_days_per_week": 5, "weekly_approved_hours": 45.0, "total_approved_hours": 1908.0, "monday_open_min": 450.0, "monday_close_min": 990.0, "monday_schedule": "07:30\u201316:30", "tuesday_open_min": 450.0, "tuesday_close_min": 990.0, "tuesday_schedule": "07:30\u201316:30", "wednesday_open_min": 450.0, "wednesday_close_min": 990.0, "wednesday_schedule": "07:30\u201316:30", "thursday_open_min": 450.0, "thursday_close_min": 990.0, "thursday_schedule": "07:30\u201316:30", "friday_open_min": 450.0, "friday_close_min": 990.0, "friday_schedule": "07:30\u201316:30", "saturday_open_min": null, "saturday_close_min": null, "saturday_schedule": null, "sunday_open_min": null, "sunday_close_min": null, "sunday_schedule": null}, "geometry": {"type": "Point", "coordinates": [-73.79943243098079, 40.71553938168446]}}, {"type": "Feature", "properties": {"site_id": "OS158", "Approved On Street": "MINTHORNE STREET", "Approved From Street": "BAY STREET", "Approved To Street": "VICTORY BOULEVARD", "Borough Name": "Staten Island", "program_type": "Full Closure", "Organization Name": "Staten Island Chamber of Commerce Foundation Inc. / The Angiuli Group, LLC", "approved_start": "2024-04-19", "approved_end": "2024-10-31", "approved_days_per_week": 2, "weekly_approved_hours": 21.0, "total_approved_hours": 588.0, "monday_open_min": null, "monday_close_min": null, "monday_schedule": null, "tuesday_open_min": null, "tuesday_close_min": null, "tuesday_schedule": null, "wednesday_open_min": null, "wednesday_close_min": null, "wednesday_schedule": null, "thursday_open_min": null, "thursday_close_min": null, "thursday_schedule": null, "friday_open_min": 960.0, "friday_close_min": 1440.0, "friday_schedule": "16:00\u201300:00", "saturday_open_min": 660.0, "saturday_close_min": 1440.0, "saturday_schedule": "11:00\u201300:00", "sunday_open_min": null, "sunday_close_min": null, "sunday_schedule": null}, "geometry": {"type": "Point", "coordinates": [-74.07556065573438, 40.636744398373125]}}, {"type": "Feature", "properties": {"site_id": "OS159", "Approved On Street": "9 AVENUE", "Approved From Street": "WEST 14 STREET", "Approved To Street": "WEST 15 STREET", "Borough Name": "Manhattan", "program_type": "Full Closure", "Organization Name": "Meatpacking District Management Association", "approved_start": "2024-04-01", "approved_end": "2024-12-31", "approved_days_per_week": 7, "weekly_approved_hours": 167.76666666666665, "total_approved_hours": 6590.833333333333, "monday_open_min": 1.0, "monday_close_min": 1439.0, "monday_schedule": "00:01\u201323:59", "tuesday_open_min": 1.0, "tuesday_close_min": 1439.0, "tuesday_schedule": "00:01\u201323:59", "wednesday_open_min": 1.0, "wednesday_close_min": 1439.0, "wednesday_schedule": "00:01\u201323:59", "thursday_open_min": 1.0, "thursday_close_min": 1439.0, "thursday_schedule": "00:01\u201323:59", "friday_open_min": 1.0, "friday_close_min": 1439.0, "friday_schedule": "00:01\u201323:59", "saturday_open_min": 1.0, "saturday_close_min": 1439.0, "saturday_schedule": "00:01\u201323:59", "sunday_open_min": 1.0, "sunday_close_min": 1439.0, "sunday_schedule": "00:01\u201323:59"}, "geometry": {"type": "Point", "coordinates": [-74.00515888286897, 40.74137112575465]}}, {"type": "Feature", "properties": {"site_id": "OS160", "Approved On Street": "EAST 89 STREET", "Approved From Street": "5 AVENUE", "Approved To Street": "MADISON AVENUE", "Borough Name": "Manhattan", "program_type": "Full Closure: Schools", "Organization Name": "Saint David's School", "approved_start": "2024-07-01", "approved_end": "2025-06-27", "approved_days_per_week": 5, "weekly_approved_hours": 20.0, "total_approved_hours": 1040.0, "monday_open_min": 600.0, "monday_close_min": 840.0, "monday_schedule": "10:00\u201314:00", "tuesday_open_min": 600.0, "tuesday_close_min": 840.0, "tuesday_schedule": "10:00\u201314:00", "wednesday_open_min": 600.0, "wednesday_close_min": 840.0, "wednesday_schedule": "10:00\u201314:00", "thursday_open_min": 600.0, "thursday_close_min": 840.0, "thursday_schedule": "10:00\u201314:00", "friday_open_min": 600.0, "friday_close_min": 840.0, "friday_schedule": "10:00\u201314:00", "saturday_open_min": null, "saturday_close_min": null, "saturday_schedule": null, "sunday_open_min": null, "sunday_close_min": null, "sunday_schedule": null}, "geometry": {"type": "Point", "coordinates": [-73.95785462981371, 40.78297691166382]}}, {"type": "Feature", "properties": {"site_id": "OS161", "Approved On Street": "WEST 75 STREET", "Approved From Street": "WEST END AVENUE", "Approved To Street": "RIVERSIDE DRIVE", "Borough Name": "Manhattan", "program_type": "Full Closure: Schools", "Organization Name": "Manhattan Day School", "approved_start": "2024-09-05", "approved_end": "2025-06-27", "approved_days_per_week": 5, "weekly_approved_hours": 26.75, "total_approved_hours": 1133.0, "monday_open_min": 600.0, "monday_close_min": 945.0, "monday_schedule": "10:00\u201315:45", "tuesday_open_min": 600.0, "tuesday_close_min": 945.0, "tuesday_schedule": "10:00\u201315:45", "wednesday_open_min": 600.0, "wednesday_close_min": 945.0, "wednesday_schedule": "10:00\u201315:45", "thursday_open_min": 600.0, "thursday_close_min": 945.0, "thursday_schedule": "10:00\u201315:45", "friday_open_min": 600.0, "friday_close_min": 825.0, "friday_schedule": "10:00\u201313:45", "saturday_open_min": null, "saturday_close_min": null, "saturday_schedule": null, "sunday_open_min": null, "sunday_close_min": null, "sunday_schedule": null}, "geometry": {"type": "Point", "coordinates": [-73.98365415286847, 40.78201162587256]}}, {"type": "Feature", "properties": {"site_id": "OS162", "Approved On Street": "WEST 108 STREET", "Approved From Street": "AMSTERDAM AVENUE", "Approved To Street": "BROADWAY", "Borough Name": "Manhattan", "program_type": "Full Closure: Schools", "Organization Name": "PS 421M West Prep Academy, NYCPS", "approved_start": "2024-09-05", "approved_end": "2025-06-27", "approved_days_per_week": 5, "weekly_approved_hours": 35.0, "total_approved_hours": 1484.0, "monday_open_min": 480.0, "monday_close_min": 900.0, "monday_schedule": "08:00\u201315:00", "tuesday_open_min": 480.0, "tuesday_close_min": 900.0, "tuesday_schedule": "08:00\u201315:00", "wednesday_open_min": 480.0, "wednesday_close_min": 900.0, "wednesday_schedule": "08:00\u201315:00", "thursday_open_min": 480.0, "thursday_close_min": 900.0, "thursday_schedule": "08:00\u201315:00", "friday_open_min": 480.0, "friday_close_min": 900.0, "friday_schedule": "08:00\u201315:00", "saturday_open_min": null, "saturday_close_min": null, "saturday_schedule": null, "sunday_open_min": null, "sunday_close_min": null, "sunday_schedule": null}, "geometry": {"type": "Point", "coordinates": [-73.96673033268226, 40.802571674690235]}}, {"type": "Feature", "properties": {"site_id": "OS163", "Approved On Street": "WEST 159 STREET", "Approved From Street": "BROADWAY", "Approved To Street": "AMSTERDAM AVENUE", "Borough Name": "Manhattan", "program_type": "Full Closure", "Organization Name": "Community League of the Heights (CLOTH)", "approved_start": "2024-07-08", "approved_end": "2024-08-16", "approved_days_per_week": 5, "weekly_approved_hours": 40.0, "total_approved_hours": 240.0, "monday_open_min": 480.0, "monday_close_min": 960.0, "monday_schedule": "08:00\u201316:00", "tuesday_open_min": 480.0, "tuesday_close_min": 960.0, "tuesday_schedule": "08:00\u201316:00", "wednesday_open_min": 480.0, "wednesday_close_min": 960.0, "wednesday_schedule": "08:00\u201316:00", "thursday_open_min": 480.0, "thursday_close_min": 960.0, "thursday_schedule": "08:00\u201316:00", "friday_open_min": 480.0, "friday_close_min": 960.0, "friday_schedule": "08:00\u201316:00", "saturday_open_min": null, "saturday_close_min": null, "saturday_schedule": null, "sunday_open_min": null, "sunday_close_min": null, "sunday_schedule": null}, "geometry": {"type": "Point", "coordinates": [-73.94310089025379, 40.83494532799916]}}, {"type": "Feature", "properties": {"site_id": "OS164", "Approved On Street": "MOUNT HOPE PLACE", "Approved From Street": "MONROE AVENUE", "Approved To Street": "ANTHONY AVENUE", "Borough Name": "Bronx", "program_type": "Full Closure: Schools", "Organization Name": "PS 28 Mount Hope", "approved_start": "2024-09-05", "approved_end": "2025-06-27", "approved_days_per_week": 1, "weekly_approved_hours": 4.0, "total_approved_hours": 172.0, "monday_open_min": null, "monday_close_min": null, "monday_schedule": null, "tuesday_open_min": null, "tuesday_close_min": null, "tuesday_schedule": null, "wednesday_open_min": null, "wednesday_close_min": null, "wednesday_schedule": null, "thursday_open_min": null, "thursday_close_min": null, "thursday_schedule": null, "friday_open_min": 600.0, "friday_close_min": 840.0, "friday_schedule": "10:00\u201314:00", "saturday_open_min": null, "saturday_close_min": null, "saturday_schedule": null, "sunday_open_min": null, "sunday_close_min": null, "sunday_schedule": null}, "geometry": {"type": "Point", "coordinates": [-73.90481117697186, 40.84815375998855]}}, {"type": "Feature", "properties": {"site_id": "OS165", "Approved On Street": "MORRIS AVENUE", "Approved From Street": "MOUNT HOPE PLACE", "Approved To Street": "EAST 176 STREET", "Borough Name": "Bronx", "program_type": "Full Closure: Schools", "Organization Name": "IS 117: Joseph H. Wade School", "approved_start": "2024-09-05", "approved_end": "2025-06-27", "approved_days_per_week": 5, "weekly_approved_hours": 5.0, "total_approved_hours": 212.0, "monday_open_min": 840.0, "monday_close_min": 900.0, "monday_schedule": "14:00\u201315:00", "tuesday_open_min": 840.0, "tuesday_close_min": 900.0, "tuesday_schedule": "14:00\u201315:00", "wednesday_open_min": 840.0, "wednesday_close_min": 900.0, "wednesday_schedule": "14:00\u201315:00", "thursday_open_min": 840.0, "thursday_close_min": 900.0, "thursday_schedule": "14:00\u201315:00", "friday_open_min": 840.0, "friday_close_min": 900.0, "friday_schedule": "14:00\u201315:00", "saturday_open_min": null, "saturday_close_min": null, "saturday_schedule": null, "sunday_open_min": null, "sunday_close_min": null, "sunday_schedule": null}, "geometry": {"type": "Point", "coordinates": [-73.90846908856544, 40.84835595615686]}}, {"type": "Feature", "properties": {"site_id": "OS166", "Approved On Street": "WEST 164 STREET", "Approved From Street": "AMSTERDAM AVENUE", "Approved To Street": "EDGECOMBE AVENUE", "Borough Name": "Manhattan", "program_type": "Full Closure", "Organization Name": "Community League of the Heights (CLOTH)", "approved_start": "2024-07-08", "approved_end": "2024-08-16", "approved_days_per_week": 5, "weekly_approved_hours": 40.0, "total_approved_hours": 240.0, "monday_open_min": 480.0, "monday_close_min": 960.0, "monday_schedule": "08:00\u201316:00", "tuesday_open_min": 480.0, "tuesday_close_min": 960.0, "tuesday_schedule": "08:00\u201316:00", "wednesday_open_min": 480.0, "wednesday_close_min": 960.0, "wednesday_schedule": "08:00\u201316:00", "thursday_open_min": 480.0, "thursday_close_min": 960.0, "thursday_schedule": "08:00\u201316:00", "friday_open_min": 480.0, "friday_close_min": 960.0, "friday_schedule": "08:00\u201316:00", "saturday_open_min": null, "saturday_close_min": null, "saturday_schedule": null, "sunday_open_min": null, "sunday_close_min": null, "sunday_schedule": null}, "geometry": {"type": "Point", "coordinates": [-73.93794638058752, 40.836855501193746]}}, {"type": "Feature", "properties": {"site_id": "OS167", "Approved On Street": "109 AVENUE", "Approved From Street": "159 STREET", "Approved To Street": "160 STREET", "Borough Name": "Queens", "program_type": "Full Closure", "Organization Name": "Family Unity in Our Community Incorporated", "approved_start": "2024-07-13", "approved_end": "2024-08-24", "approved_days_per_week": 1, "weekly_approved_hours": 5.0, "total_approved_hours": 35.0, "monday_open_min": null, "monday_close_min": null, "monday_schedule": null, "tuesday_open_min": null, "tuesday_close_min": null, "tuesday_schedule": null, "wednesday_open_min": null, "wednesday_close_min": null, "wednesday_schedule": null, "thursday_open_min": null, "thursday_close_min": null, "thursday_schedule": null, "friday_open_min": null, "friday_close_min": null, "friday_schedule": null, "saturday_open_min": 660.0, "saturday_close_min": 960.0, "saturday_schedule": "11:00\u201316:00", "sunday_open_min": null, "sunday_close_min": null, "sunday_schedule": null}, "geometry": {"type": "Point", "coordinates": [-73.79260253109561, 40.69391368207648]}}, {"type": "Feature", "properties": {"site_id": "OS168", "Approved On Street": "EAST 5 STREET", "Approved From Street": "AVENUE C", "Approved To Street": "DEAD END", "Borough Name": "Manhattan", "program_type": "Full Closure: Schools", "Organization Name": "PS 64M Robert Simon School", "approved_start": "2024-09-05", "approved_end": "2025-06-27", "approved_days_per_week": 5, "weekly_approved_hours": 15.0, "total_approved_hours": 636.0, "monday_open_min": 600.0, "monday_close_min": 780.0, "monday_schedule": "10:00\u201313:00", "tuesday_open_min": 600.0, "tuesday_close_min": 780.0, "tuesday_schedule": "10:00\u201313:00", "wednesday_open_min": 600.0, "wednesday_close_min": 780.0, "wednesday_schedule": "10:00\u201313:00", "thursday_open_min": 600.0, "thursday_close_min": 780.0, "thursday_schedule": "10:00\u201313:00", "friday_open_min": 600.0, "friday_close_min": 780.0, "friday_schedule": "10:00\u201313:00", "saturday_open_min": null, "saturday_close_min": null, "saturday_schedule": null, "sunday_open_min": null, "sunday_close_min": null, "sunday_schedule": null}, "geometry": {"type": "Point", "coordinates": [-73.9805738638572, 40.72325860488101]}}, {"type": "Feature", "properties": {"site_id": "OS169", "Approved On Street": "ANDREWS AVENUE SOUTH", "Approved From Street": "WEST BURNSIDE AVENUE", "Approved To Street": "WEST 179 STREET", "Borough Name": "Bronx", "program_type": "Full Closure: Schools", "Organization Name": "Middle School 390", "approved_start": "2024-09-05", "approved_end": "2025-06-27", "approved_days_per_week": 5, "weekly_approved_hours": 45.0, "total_approved_hours": 1908.0, "monday_open_min": 450.0, "monday_close_min": 990.0, "monday_schedule": "07:30\u201316:30", "tuesday_open_min": 450.0, "tuesday_close_min": 990.0, "tuesday_schedule": "07:30\u201316:30", "wednesday_open_min": 450.0, "wednesday_close_min": 990.0, "wednesday_schedule": "07:30\u201316:30", "thursday_open_min": 450.0, "thursday_close_min": 990.0, "thursday_schedule": "07:30\u201316:30", "friday_open_min": 450.0, "friday_close_min": 990.0, "friday_schedule": "07:30\u201316:30", "saturday_open_min": null, "saturday_close_min": null, "saturday_schedule": null, "sunday_open_min": null, "sunday_close_min": null, "sunday_schedule": null}, "geometry": {"type": "Point", "coordinates": [-73.91383248836343, 40.8539296369355]}}, {"type": "Feature", "properties": {"site_id": "OS170", "Approved On Street": "AMSTERDAM AVENUE", "Approved From Street": "CATHEDRAL PARKWAY", "Approved To Street": "WEST 111 STREET", "Borough Name": "Manhattan", "program_type": "Full Closure", "Organization Name": "West 111th Street Block Association", "approved_start": "2024-03-16", "approved_end": "2024-12-29", "approved_days_per_week": 2, "weekly_approved_hours": 28.0, "total_approved_hours": 1176.0, "monday_open_min": null, "monday_close_min": null, "monday_schedule": null, "tuesday_open_min": null, "tuesday_close_min": null, "tuesday_schedule": null, "wednesday_open_min": null, "wednesday_close_min": null, "wednesday_schedule": null, "thursday_open_min": null, "thursday_close_min": null, "thursday_schedule": null, "friday_open_min": null, "friday_close_min": null, "friday_schedule": null, "saturday_open_min": 600.0, "saturday_close_min": 1440.0, "saturday_schedule": "10:00\u201300:00", "sunday_open_min": 600.0, "sunday_close_min": 1440.0, "sunday_schedule": "10:00\u201300:00"}, "geometry": {"type": "Point", "coordinates": [-73.96367946999935, 40.803221998169555]}}, {"type": "Feature", "properties": {"site_id": "OS171", "Approved On Street": "RAPELYE STREET", "Approved From Street": "HICKS STREET", "Approved To Street": "HENRY STREET", "Borough Name": "Brooklyn", "program_type": "Full Closure: Schools", "Organization Name": "PS 146 Brooklyn New School", "approved_start": "2024-09-05", "approved_end": "2025-06-27", "approved_days_per_week": 5, "weekly_approved_hours": 37.5, "total_approved_hours": 1590.0, "monday_open_min": 450.0, "monday_close_min": 900.0, "monday_schedule": "07:30\u201315:00", "tuesday_open_min": 450.0, "tuesday_close_min": 900.0, "tuesday_schedule": "07:30\u201315:00", "wednesday_open_min": 450.0, "wednesday_close_min": 900.0, "wednesday_schedule": "07:30\u201315:00", "thursday_open_min": 450.0, "thursday_close_min": 900.0, "thursday_schedule": "07:30\u201315:00", "friday_open_min": 450.0, "friday_close_min": 900.0, "friday_schedule": "07:30\u201315:00", "saturday_open_min": null, "saturday_close_min": null, "saturday_schedule": null, "sunday_open_min": null, "sunday_close_min": null, "sunday_schedule": null}, "geometry": {"type": "Point", "coordinates": [-74.00213829434544, 40.68034636463299]}}, {"type": "Feature", "properties": {"site_id": "OS172", "Approved On Street": "EAST 212 STREET", "Approved From Street": "WHITE PLAINS ROAD", "Approved To Street": "WHITE PLAINS ROAD", "Borough Name": "Bronx", "program_type": "Full Closure", "Organization Name": "Uptown & Boogie Healthy Project", "approved_start": "2024-06-01", "approved_end": "2024-11-24", "approved_days_per_week": 1, "weekly_approved_hours": 6.0, "total_approved_hours": 156.0, "monday_open_min": null, "monday_close_min": null, "monday_schedule": null, "tuesday_open_min": null, "tuesday_close_min": null, "tuesday_schedule": null, "wednesday_open_min": null, "wednesday_close_min": null, "wednesday_schedule": null, "thursday_open_min": null, "thursday_close_min": null, "thursday_schedule": null, "friday_open_min": null, "friday_close_min": null, "friday_schedule": null, "saturday_open_min": 540.0, "saturday_close_min": 900.0, "saturday_schedule": "09:00\u201315:00", "sunday_open_min": null, "sunday_close_min": null, "sunday_schedule": null}, "geometry": {"type": "Point", "coordinates": [-73.86577049477033, 40.87855967938012]}}, {"type": "Feature", "properties": {"site_id": "OS173", "Approved On Street": "EAST 22 STREET", "Approved From Street": "PARK AVENUE SOUTH", "Approved To Street": "LEXINGTON AVENUE", "Borough Name": "Manhattan", "program_type": "Full Closure: Schools", "Organization Name": "The \u00c9cole", "approved_start": "2024-06-30", "approved_end": "2025-06-27", "approved_days_per_week": 5, "weekly_approved_hours": 22.5, "total_approved_hours": 1170.0, "monday_open_min": 570.0, "monday_close_min": 840.0, "monday_schedule": "09:30\u201314:00", "tuesday_open_min": 570.0, "tuesday_close_min": 840.0, "tuesday_schedule": "09:30\u201314:00", "wednesday_open_min": 570.0, "wednesday_close_min": 840.0, "wednesday_schedule": "09:30\u201314:00", "thursday_open_min": 570.0, "thursday_close_min": 840.0, "thursday_schedule": "09:30\u201314:00", "friday_open_min": 570.0, "friday_close_min": 840.0, "friday_schedule": "09:30\u201314:00", "saturday_open_min": null, "saturday_close_min": null, "saturday_schedule": null, "sunday_open_min": null, "sunday_close_min": null, "sunday_schedule": null}, "geometry": {"type": "Point", "coordinates": [-73.98647195032133, 40.73936282088685]}}, {"type": "Feature", "properties": {"site_id": "OS174", "Approved On Street": "LEXINGTON AVENUE", "Approved From Street": "CLASSON AVENUE", "Approved To Street": "GRAND AVENUE", "Borough Name": "Brooklyn", "program_type": "Full Closure", "Organization Name": "The Brooklyn Bazaar Festival Inc.", "approved_start": "2024-05-25", "approved_end": "2024-10-26", "approved_days_per_week": 2, "weekly_approved_hours": 16.0, "total_approved_hours": 360.0, "monday_open_min": null, "monday_close_min": null, "monday_schedule": null, "tuesday_open_min": null, "tuesday_close_min": null, "tuesday_schedule": null, "wednesday_open_min": null, "wednesday_close_min": null, "wednesday_schedule": null, "thursday_open_min": null, "thursday_close_min": null, "thursday_schedule": null, "friday_open_min": null, "friday_close_min": null, "friday_schedule": null, "saturday_open_min": 840.0, "saturday_close_min": 1320.0, "saturday_schedule": "14:00\u201322:00", "sunday_open_min": 840.0, "sunday_close_min": 1320.0, "sunday_schedule": "14:00\u201322:00"}, "geometry": {"type": "Point", "coordinates": [-73.96207233324401, 40.68639005711551]}}, {"type": "Feature", "properties": {"site_id": "OS175", "Approved On Street": "CLARKSON STREET", "Approved From Street": "VARICK STREET", "Approved To Street": "HUDSON STREET", "Borough Name": "Manhattan", "program_type": "Full Closure: Schools", "Organization Name": "City-As School: High School M560", "approved_start": "2024-09-05", "approved_end": "2025-06-27", "approved_days_per_week": 5, "weekly_approved_hours": 22.5, "total_approved_hours": 954.0, "monday_open_min": 630.0, "monday_close_min": 900.0, "monday_schedule": "10:30\u201315:00", "tuesday_open_min": 630.0, "tuesday_close_min": 900.0, "tuesday_schedule": "10:30\u201315:00", "wednesday_open_min": 630.0, "wednesday_close_min": 900.0, "wednesday_schedule": "10:30\u201315:00", "thursday_open_min": 630.0, "thursday_close_min": 900.0, "thursday_schedule": "10:30\u201315:00", "friday_open_min": 630.0, "friday_close_min": 900.0, "friday_schedule": "10:30\u201315:00", "saturday_open_min": null, "saturday_close_min": null, "saturday_schedule": null, "sunday_open_min": null, "sunday_close_min": null, "sunday_schedule": null}, "geometry": {"type": "Point", "coordinates": [-74.00542391483259, 40.729339852596894]}}, {"type": "Feature", "properties": {"site_id": "OS176", "Approved On Street": "GROVE STREET", "Approved From Street": "HUDSON STREET", "Approved To Street": "BEDFORD STREET", "Borough Name": "Manhattan", "program_type": "Full Closure: Schools", "Organization Name": "PS3 Charrette School", "approved_start": "2024-09-05", "approved_end": "2025-06-27", "approved_days_per_week": 5, "weekly_approved_hours": 37.5, "total_approved_hours": 1590.0, "monday_open_min": 480.0, "monday_close_min": 930.0, "monday_schedule": "08:00\u201315:30", "tuesday_open_min": 480.0, "tuesday_close_min": 930.0, "tuesday_schedule": "08:00\u201315:30", "wednesday_open_min": 480.0, "wednesday_close_min": 930.0, "wednesday_schedule": "08:00\u201315:30", "thursday_open_min": 480.0, "thursday_close_min": 930.0, "thursday_schedule": "08:00\u201315:30", "friday_open_min": 480.0, "friday_close_min": 930.0, "friday_schedule": "08:00\u201315:30", "saturday_open_min": null, "saturday_close_min": null, "saturday_schedule": null, "sunday_open_min": null, "sunday_close_min": null, "sunday_schedule": null}, "geometry": {"type": "Point", "coordinates": [-74.00579422084894, 40.73237233259109]}}, {"type": "Feature", "properties": {"site_id": "OS177", "Approved On Street": "HARROD PLACE", "Approved From Street": "WESTCHESTER AVENUE", "Approved To Street": "MORRISON AVENUE", "Borough Name": "Bronx", "program_type": "Full Closure", "Organization Name": "Youth Ministries for Peace and Justice, Inc.", "approved_start": "2024-05-11", "approved_end": "2024-11-02", "approved_days_per_week": 1, "weekly_approved_hours": 7.0, "total_approved_hours": 182.0, "monday_open_min": null, "monday_close_min": null, "monday_schedule": null, "tuesday_open_min": null, "tuesday_close_min": null, "tuesday_schedule": null, "wednesday_open_min": null, "wednesday_close_min": null, "wednesday_schedule": null, "thursday_open_min": null, "thursday_close_min": null, "thursday_schedule": null, "friday_open_min": null, "friday_close_min": null, "friday_schedule": null, "saturday_open_min": 600.0, "saturday_close_min": 1020.0, "saturday_schedule": "10:00\u201317:00", "sunday_open_min": null, "sunday_close_min": null, "sunday_schedule": null}, "geometry": {"type": "Point", "coordinates": [-73.87363397239272, 40.82927582580175]}}, {"type": "Feature", "properties": {"site_id": "OS178", "Approved On Street": "RIVINGTON STREET", "Approved From Street": "ALLEN STREET", "Approved To Street": "ALLEN STREET", "Borough Name": "Manhattan", "program_type": "Full Closure", "Organization Name": "SONNYBOY", "approved_start": "2024-03-01", "approved_end": "2024-11-30", "approved_days_per_week": 6, "weekly_approved_hours": 66.0, "total_approved_hours": 2601.5, "monday_open_min": null, "monday_close_min": null, "monday_schedule": null, "tuesday_open_min": 1005.0, "tuesday_close_min": 1380.0, "tuesday_schedule": "16:45\u201323:00", "wednesday_open_min": 1005.0, "wednesday_close_min": 1380.0, "wednesday_schedule": "16:45\u201323:00", "thursday_open_min": 600.0, "thursday_close_min": 1380.0, "thursday_schedule": "10:00\u201323:00", "friday_open_min": 600.0, "friday_close_min": 1425.0, "friday_schedule": "10:00\u201323:45", "saturday_open_min": 600.0, "saturday_close_min": 1425.0, "saturday_schedule": "10:00\u201323:45", "sunday_open_min": 600.0, "sunday_close_min": 1380.0, "sunday_schedule": "10:00\u201323:00"}, "geometry": {"type": "Point", "coordinates": [-73.98972000093538, 40.720478584578366]}}, {"type": "Feature", "properties": {"site_id": "OS179", "Approved On Street": "MASPETH AVENUE", "Approved From Street": "HUMBOLDT STREET", "Approved To Street": "WOODPOINT ROAD", "Borough Name": "Brooklyn", "program_type": "Full Closure", "Organization Name": "Friends of Cooper Park", "approved_start": "2024-05-25", "approved_end": "2024-06-15", "approved_days_per_week": 1, "weekly_approved_hours": 12.0, "total_approved_hours": 48.0, "monday_open_min": null, "monday_close_min": null, "monday_schedule": null, "tuesday_open_min": null, "tuesday_close_min": null, "tuesday_schedule": null, "wednesday_open_min": null, "wednesday_close_min": null, "wednesday_schedule": null, "thursday_open_min": null, "thursday_close_min": null, "thursday_schedule": null, "friday_open_min": null, "friday_close_min": null, "friday_schedule": null, "saturday_open_min": 420.0, "saturday_close_min": 1140.0, "saturday_schedule": "07:00\u201319:00", "sunday_open_min": null, "sunday_close_min": null, "sunday_schedule": null}, "geometry": {"type": "Point", "coordinates": [-73.94258994583357, 40.71487728577411]}}, {"type": "Feature", "properties": {"site_id": "OS180", "Approved On Street": "DOCK STREET", "Approved From Street": "FRONT STREET", "Approved To Street": "WATER STREET", "Borough Name": "Brooklyn", "program_type": "Full Closure: Schools", "Organization Name": "The Dock Street School for STEAM Studies", "approved_start": "2024-09-05", "approved_end": "2025-06-27", "approved_days_per_week": 5, "weekly_approved_hours": 7.5, "total_approved_hours": 318.0, "monday_open_min": 675.0, "monday_close_min": 765.0, "monday_schedule": "11:15\u201312:45", "tuesday_open_min": 675.0, "tuesday_close_min": 765.0, "tuesday_schedule": "11:15\u201312:45", "wednesday_open_min": 675.0, "wednesday_close_min": 765.0, "wednesday_schedule": "11:15\u201312:45", "thursday_open_min": 675.0, "thursday_close_min": 765.0, "thursday_schedule": "11:15\u201312:45", "friday_open_min": 675.0, "friday_close_min": 765.0, "friday_schedule": "11:15\u201312:45", "saturday_open_min": null, "saturday_close_min": null, "saturday_schedule": null, "sunday_open_min": null, "sunday_close_min": null, "sunday_schedule": null}, "geometry": {"type": "Point", "coordinates": [-73.99257265019506, 40.70278102167569]}}, {"type": "Feature", "properties": {"site_id": "OS181", "Approved On Street": "WATER STREET", "Approved From Street": "BEACH STREET", "Approved To Street": "CANAL STREET", "Borough Name": "Staten Island", "program_type": "Full Closure", "Organization Name": "Van Duzer Civic Association", "approved_start": "2024-06-01", "approved_end": "2024-09-28", "approved_days_per_week": 1, "weekly_approved_hours": 5.0, "total_approved_hours": 90.0, "monday_open_min": null, "monday_close_min": null, "monday_schedule": null, "tuesday_open_min": null, "tuesday_close_min": null, "tuesday_schedule": null, "wednesday_open_min": null, "wednesday_close_min": null, "wednesday_schedule": null, "thursday_open_min": null, "thursday_close_min": null, "thursday_schedule": null, "friday_open_min": null, "friday_close_min": null, "friday_schedule": null, "saturday_open_min": 720.0, "saturday_close_min": 1020.0, "saturday_schedule": "12:00\u201317:00", "sunday_open_min": null, "sunday_close_min": null, "sunday_schedule": null}, "geometry": {"type": "Point", "coordinates": [-74.07766169236253, 40.62699638683289]}}, {"type": "Feature", "properties": {"site_id": "OS182", "Approved On Street": "SIMPSON STREET", "Approved From Street": "EAST 163 STREET", "Approved To Street": "FOX STREET", "Borough Name": "Bronx", "program_type": "Full Closure", "Organization Name": "Banana Kelly Community Improvement Association, Inc.", "approved_start": "2024-06-22", "approved_end": "2024-08-10", "approved_days_per_week": 2, "weekly_approved_hours": 14.0, "total_approved_hours": 105.0, "monday_open_min": null, "monday_close_min": null, "monday_schedule": null, "tuesday_open_min": null, "tuesday_close_min": null, "tuesday_schedule": null, "wednesday_open_min": null, "wednesday_close_min": null, "wednesday_schedule": null, "thursday_open_min": null, "thursday_close_min": null, "thursday_schedule": null, "friday_open_min": null, "friday_close_min": null, "friday_schedule": null, "saturday_open_min": 660.0, "saturday_close_min": 1080.0, "saturday_schedule": "11:00\u201318:00", "sunday_open_min": 660.0, "sunday_close_min": 1080.0, "sunday_schedule": "11:00\u201318:00"}, "geometry": {"type": "Point", "coordinates": [-73.8929015621665, 40.820811223103604]}}, {"type": "Feature", "properties": {"site_id": "OS183", "Approved On Street": "BROADWAY", "Approved From Street": "EAST 20 STREET", "Approved To Street": "EAST 19 STREET", "Borough Name": "Manhattan", "program_type": "Full Closure: Schools", "Organization Name": "Ballet Tech School", "approved_start": "2024-09-05", "approved_end": "2025-06-27", "approved_days_per_week": 5, "weekly_approved_hours": 15.0, "total_approved_hours": 636.0, "monday_open_min": 570.0, "monday_close_min": 750.0, "monday_schedule": "09:30\u201312:30", "tuesday_open_min": 570.0, "tuesday_close_min": 750.0, "tuesday_schedule": "09:30\u201312:30", "wednesday_open_min": 570.0, "wednesday_close_min": 750.0, "wednesday_schedule": "09:30\u201312:30", "thursday_open_min": 570.0, "thursday_close_min": 750.0, "thursday_schedule": "09:30\u201312:30", "friday_open_min": 570.0, "friday_close_min": 750.0, "friday_schedule": "09:30\u201312:30", "saturday_open_min": null, "saturday_close_min": null, "saturday_schedule": null, "sunday_open_min": null, "sunday_close_min": null, "sunday_schedule": null}, "geometry": {"type": "Point", "coordinates": [-73.98988442006281, 40.73873590205635]}}, {"type": "Feature", "properties": {"site_id": "OS184", "Approved On Street": "GRAND AVENUE", "Approved From Street": "WEST BURNSIDE AVENUE", "Approved To Street": "WEST TREMONT AVENUE", "Borough Name": "Bronx", "program_type": "Full Closure: Schools", "Organization Name": "Bright Leaders Group Family Day Care Inc.", "approved_start": "2024-07-12", "approved_end": "2024-09-06", "approved_days_per_week": 1, "weekly_approved_hours": 3.5, "total_approved_hours": 31.5, "monday_open_min": null, "monday_close_min": null, "monday_schedule": null, "tuesday_open_min": null, "tuesday_close_min": null, "tuesday_schedule": null, "wednesday_open_min": null, "wednesday_close_min": null, "wednesday_schedule": null, "thursday_open_min": null, "thursday_close_min": null, "thursday_schedule": null, "friday_open_min": 750.0, "friday_close_min": 960.0, "friday_schedule": "12:30\u201316:00", "saturday_open_min": null, "saturday_close_min": null, "saturday_schedule": null, "sunday_open_min": null, "sunday_close_min": null, "sunday_schedule": null}, "geometry": {"type": "Point", "coordinates": [-73.91041894374183, 40.85289680240143]}}, {"type": "Feature", "properties": {"site_id": "OS185", "Approved On Street": "CHAUNCEY STREET", "Approved From Street": "HOWARD AVENUE", "Approved To Street": "SARATOGA AVENUE", "Borough Name": "Brooklyn", "program_type": "Limited Local Access", "Organization Name": "Chauncey Street Block & Tenants Association", "approved_start": "2024-03-01", "approved_end": "2024-10-31", "approved_days_per_week": 1, "weekly_approved_hours": 8.0, "total_approved_hours": 280.0, "monday_open_min": null, "monday_close_min": null, "monday_schedule": null, "tuesday_open_min": null, "tuesday_close_min": null, "tuesday_schedule": null, "wednesday_open_min": null, "wednesday_close_min": null, "wednesday_schedule": null, "thursday_open_min": null, "thursday_close_min": null, "thursday_schedule": null, "friday_open_min": null, "friday_close_min": null, "friday_schedule": null, "saturday_open_min": 600.0, "saturday_close_min": 1080.0, "saturday_schedule": "10:00\u201318:00", "sunday_open_min": null, "sunday_close_min": null, "sunday_schedule": null}, "geometry": {"type": "Point", "coordinates": [-73.91735516792353, 40.6817919094427]}}, {"type": "Feature", "properties": {"site_id": "OS186", "Approved On Street": "BECK STREET", "Approved From Street": "LEGGETT AVENUE", "Approved To Street": "AVENUE ST JOHN", "Borough Name": "Bronx", "program_type": "Full Closure", "Organization Name": "Salsa Stories", "approved_start": "2024-08-02", "approved_end": "2024-08-23", "approved_days_per_week": 1, "weekly_approved_hours": 3.0, "total_approved_hours": 12.0, "monday_open_min": null, "monday_close_min": null, "monday_schedule": null, "tuesday_open_min": null, "tuesday_close_min": null, "tuesday_schedule": null, "wednesday_open_min": null, "wednesday_close_min": null, "wednesday_schedule": null, "thursday_open_min": null, "thursday_close_min": null, "thursday_schedule": null, "friday_open_min": 1080.0, "friday_close_min": 1260.0, "friday_schedule": "18:00\u201321:00", "saturday_open_min": null, "saturday_close_min": null, "saturday_schedule": null, "sunday_open_min": null, "sunday_close_min": null, "sunday_schedule": null}, "geometry": {"type": "Point", "coordinates": [-73.9014496054109, 40.81470946868599]}}, {"type": "Feature", "properties": {"site_id": "OS187", "Approved On Street": "18 STREET", "Approved From Street": "5 AVENUE", "Approved To Street": "4 AVENUE", "Borough Name": "Brooklyn", "program_type": "Full Closure: Schools", "Organization Name": "Hellenic Classical Charter Schools", "approved_start": "2024-09-05", "approved_end": "2025-06-27", "approved_days_per_week": 5, "weekly_approved_hours": 36.666666666666664, "total_approved_hours": 1554.6666666666665, "monday_open_min": 495.0, "monday_close_min": 935.0, "monday_schedule": "08:15\u201315:35", "tuesday_open_min": 495.0, "tuesday_close_min": 935.0, "tuesday_schedule": "08:15\u201315:35", "wednesday_open_min": 495.0, "wednesday_close_min": 935.0, "wednesday_schedule": "08:15\u201315:35", "thursday_open_min": 495.0, "thursday_close_min": 935.0, "thursday_schedule": "08:15\u201315:35", "friday_open_min": 495.0, "friday_close_min": 935.0, "friday_schedule": "08:15\u201315:35", "saturday_open_min": null, "saturday_close_min": null, "saturday_schedule": null, "sunday_open_min": null, "sunday_close_min": null, "sunday_schedule": null}, "geometry": {"type": "Point", "coordinates": [-73.99200716532654, 40.663232003030195]}}, {"type": "Feature", "properties": {"site_id": "OS188", "Approved On Street": "DECATUR STREET", "Approved From Street": "HOWARD AVENUE", "Approved To Street": "SARATOGA AVENUE", "Borough Name": "Brooklyn", "program_type": "Limited Local Access", "Organization Name": "DHS Block Association", "approved_start": "2024-05-25", "approved_end": "2024-10-26", "approved_days_per_week": 1, "weekly_approved_hours": 8.0, "total_approved_hours": 184.0, "monday_open_min": null, "monday_close_min": null, "monday_schedule": null, "tuesday_open_min": null, "tuesday_close_min": null, "tuesday_schedule": null, "wednesday_open_min": null, "wednesday_close_min": null, "wednesday_schedule": null, "thursday_open_min": null, "thursday_close_min": null, "thursday_schedule": null, "friday_open_min": null, "friday_close_min": null, "friday_schedule": null, "saturday_open_min": 720.0, "saturday_close_min": 1200.0, "saturday_schedule": "12:00\u201320:00", "sunday_open_min": null, "sunday_close_min": null, "sunday_schedule": null}, "geometry": {"type": "Point", "coordinates": [-73.91764775462853, 40.6832592193675]}}]}